[2026-06-15T18:54:51.311503237] freshclam update (exit=10)
ClamAV update process started at Mon Jun 15 18:54:51 2026
ERROR: Can't create temporary directory /usr/local/share/clamav/tmp.96d136ab84
Hint: The database directory must be writable for UID 1000 or GID 1000
ERROR: Update failed.

[2026-06-15T19:00:15.608915756] ClamAV ALERT (exit=130): /home/mearvk/IdeaProjects/Java.Web.Server.Telnet.Front.Java.21/bitcoin/28/wallets/2026.04.12/chainstate/chainstate/LOCK: Empty file
/home/mearvk/IdeaProjects/Java.Web.Server.Telnet.Front.Java.21/bitcoin/28/wallets/2026.04.12/blocks/blocks/index/LOCK: Empty file
/home/mearvk/IdeaProjects/Java.Web.Server.Telnet.Front.Java.21/bitcoin/28/wallets/2026.04.12/blocks/blocks/rev00000.dat: Empty file
/home/mearvk/IdeaProjects/Java.Web.Server.Telnet.Front.Java.21/bitcoin/28/wallets/2026.04.13/chainstate/chainstate/LOCK: Empty file
/home/mearvk/IdeaProjects/Java.Web.Server.Telnet.Front.Java.21/bitcoin/28/wallets/2026.04.13/blocks/blocks/index/LOCK: Empty file
/home/mearvk/IdeaProjects/Java.Web.Server.Telnet.Front.Java.21/bitcoin/28/wallets/2026.04.13/blocks/blocks/rev00000.dat: Empty file
/home/mearvk/IdeaProjects/Java.Web.Server.Telnet.Front.Java.21/bitcoin/28/wallets/2026.04.26/chainstate/chainstate/LOCK: Empty file
/home/mearvk/IdeaProjects/Java.Web.Server.Telnet.Front.Java.21/bitcoin/28/wallets/2026.04.26/blocks/blocks/index/LOCK: Empty file
/home/mearvk/IdeaProjects/Java.Web.Server.Telnet.Front.Java.21/bitcoin/28/wallets/2026.04.26/blocks/blocks/rev00000.dat: Empty file
/home/mearvk/IdeaProjects/Java.Web.Server.Telnet.Front.Java.21/bitcoin/28/wallets/2026.04.24/chainstate/chainstate/LOCK: Empty file
/home/mearvk/IdeaProjects/Java.Web.Server.Telnet.Front.Java.21/bitcoin/28/wallets/2026.04.24/blocks/blocks/index/LOCK: Empty file
/home/mearvk/IdeaProjects/Java.Web.Server.Telnet.Front.Java.21/bitcoin/28/wallets/2026.04.24/blocks/blocks/rev00000.dat: Empty file
/home/mearvk/IdeaProjects/Java.Web.Server.Telnet.Front.Java.21/bitcoin/28/wallets/2026.05.02/chainstate/chainstate/LOCK: Empty file
/home/mearvk/IdeaProjects/Java.Web.Server.Telnet.Front.Java.21/bitcoin/28/wallets/2026.05.02/blocks/blocks/index/LOCK: Empty file
/home/mearvk/IdeaProjects/Java.Web.Server.Telnet.Front.Java.21/bitcoin/28/wallets/2026.05.02/blocks/blocks/rev00000.dat: Empty file
/home/mearvk/IdeaProjects/Java.Web.Server.Telnet.Front.Java.21/bitcoin/28/wallets/2026.04.23/chainstate/chainstate/LOCK: Empty file
/home/mearvk/IdeaProjects/Java.Web.Server.Telnet.Front.Java.21/bitcoin/28/wallets/2026.04.23/blocks/blocks/index/LOCK: Empty file
/home/mearvk/IdeaProjects/Java.Web.Server.Telnet.Front.Java.21/bitcoin/28/wallets/2026.04.23/blocks/blocks/rev00000.dat: Empty file
/home/mearvk/IdeaProjects/Java.Web.Server.Telnet.Front.Java.21/bitcoin/28/wallets/2026.04.10/chainstate/chainstate/LOCK: Empty file
/home/mearvk/IdeaProjects/Java.Web.Server.Telnet.Front.Java.21/bitcoin/28/wallets/2026.04.03/chainstate/chainstate/002621.log: Empty file
/home/mearvk/IdeaProjects/Java.Web.Server.Telnet.Front.Java.21/bitcoin/28/wallets/2026.04.03/chainstate/chainstate/LOCK: Empty file
/home/mearvk/IdeaProjects/Java.Web.Server.Telnet.Front.Java.21/bitcoin/28/wallets/2026.04.03/blocks/blocks/index/LOCK: Empty file
/home/mearvk/IdeaProjects/Java.Web.Server.Telnet.Front.Java.21/bitcoin/28/wallets/2026.04.03/blocks/blocks/index/001621.log: Empty file
/home/mearvk/IdeaProjects/Java.Web.Server.Telnet.Front.Java.21/bitcoin/28/wallets/2026.04.17/chainstate/chainstate/LOCK: Empty file
/home/mearvk/IdeaProjects/Java.Web.Server.Telnet.Front.Java.21/bitcoin/28/wallets/2026.04.17/blocks/blocks/index/LOCK: Empty file
/home/mearvk/IdeaProjects/Java.Web.Server.Telnet.Front.Java.21/bitcoin/28/wallets/2026.04.17/blocks/blocks/rev00000.dat: Empty file
/home/mearvk/IdeaProjects/Java.Web.Server.Telnet.Front.Java.21/bitcoin/28/wallets/2026.04.18/chainstate/chainstate/LOCK: Empty file
/home/mearvk/IdeaProjects/Java.Web.Server.Telnet.Front.Java.21/bitcoin/28/wallets/2026.04.18/blocks/blocks/index/LOCK: Empty file
/home/mearvk/IdeaProjects/Java.Web.Server.Telnet.Front.Java.21/bitcoin/28/wallets/2026.04.18/blocks/blocks/rev00000.dat: Empty file
/home/mearvk/IdeaProjects/Java.Web.Server.Telnet.Front.Java.21/bitcoin/28/wallets/2026.04.28/chainstate/chainstate/LOCK: Empty file
/home/mearvk/IdeaProjects/Java.Web.Server.Telnet.Front.Java.21/bitcoin/28/wallets/2026.04.28/blocks/blocks/index/LOCK: Empty file
/home/mearvk/IdeaProjects/Java.Web.Server.Telnet.Front.Java.21/bitcoin/28/wallets/2026.04.28/blocks/blocks/rev00000.dat: Empty file
/home/mearvk/IdeaProjects/Java.Web.Server.Telnet.Front.Java.21/bitcoin/28/wallets/2026.04.25/chainstate/chainstate/LOCK: Empty file
/home/mearvk/IdeaProjects/Java.Web.Server.Telnet.Front.Java.21/bitcoin/28/wallets/2026.04.25/blocks/blocks/index/LOCK: Empty file
/home/mearvk/IdeaProjects/Java.Web.Server.Telnet.Front.Java.21/bitcoin/28/wallets/2026.04.25/blocks/blocks/rev00000.dat: Empty file
/home/mearvk/IdeaProjects/Java.Web.Server.Telnet.Front.Java.21/bitcoin/28/wallets/2026.04.22/chainstate/chainstate/LOCK: Empty file
/home/mearvk/IdeaProjects/Java.Web.Server.Telnet.Front.Java.21/bitcoin/28/wallets/2026.04.22/blocks/blocks/index/LOCK: Empty file
/home/mearvk/IdeaProjects/Java.Web.Server.Telnet.Front.Java.21/bitcoin/28/wallets/2026.04.22/blocks/blocks/rev00000.dat: Empty file
/home/mearvk/IdeaProjects/Java.Web.Server.Telnet.Front.Java.21/bitcoin/28/wallets/2026.04.04/chainstate/chainstate/002621.log: Empty file
/home/mearvk/IdeaProjects/Java.Web.Server.Telnet.Front.Java.21/bitcoin/28/wallets/2026.04.04/chainstate/chainstate/LOCK: Empty file
/home/mearvk/IdeaProjects/Java.Web.Server.Telnet.Front.Java.21/bitcoin/28/wallets/2026.04.04/blocks/blocks/index/LOCK: Empty file
/home/mearvk/IdeaProjects/Java.Web.Server.Telnet.Front.Java.21/bitcoin/28/wallets/2026.04.04/blocks/blocks/index/001621.log: Empty file
/home/mearvk/IdeaProjects/Java.Web.Server.Telnet.Front.Java.21/bitcoin/28/wallets/2026.04.11/chainstate/chainstate/LOCK: Empty file
/home/mearvk/IdeaProjects/Java.Web.Server.Telnet.Front.Java.21/bitcoin/28/wallets/2026.05.01/chainstate/chainstate/LOCK: Empty file
/home/mearvk/IdeaProjects/Java.Web.Server.Telnet.Front.Java.21/bitcoin/28/wallets/2026.05.01/blocks/blocks/index/LOCK: Empty file
/home/mearvk/IdeaProjects/Java.Web.Server.Telnet.Front.Java.21/bitcoin/28/wallets/2026.05.01/blocks/blocks/rev00000.dat: Empty file
/home/mearvk/IdeaProjects/Java.Web.Server.Telnet.Front.Java.21/bitcoin/28/wallets/2026.04.27/chainstate/chainstate/LOCK: Empty file
/home/mearvk/IdeaProjects/Java.Web.Server.Telnet.Front.Java.21/bitcoin/28/wallets/2026.04.27/blocks/blocks/index/LOCK: Empty file
/home/mearvk/IdeaProjects/Java.Web.Server.Telnet.Front.Java.21/bitcoin/28/wallets/2026.04.27/blocks/blocks/rev00000.dat: Empty file
/home/mearvk/IdeaProjects/Java.Web.Server.Telnet.Front.Java.21/bitcoin/28/wallets/2026.04.15/chainstate/chainstate/LOCK: Empty file
/home/mearvk/IdeaProjects/Java.Web.Server.Telnet.Front.Java.21/bitcoin/28/wallets/2026.04.15/blocks/blocks/index/LOCK: Empty file
/home/mearvk/IdeaProjects/Java.Web.Server.Telnet.Front.Java.21/bitcoin/28/wallets/2026.04.15/blocks/blocks/rev00000.dat: Empty file
/home/mearvk/IdeaProjects/Java.Web.Server.Telnet.Front.Java.21/bitcoin/28/wallets/2026.04.21/chainstate/chainstate/LOCK: Empty file
/home/mearvk/IdeaProjects/Java.Web.Server.Telnet.Front.Java.21/bitcoin/28/wallets/2026.04.21/blocks/blocks/index/LOCK: Empty file
/home/mearvk/IdeaProjects/Java.Web.Server.Telnet.Front.Java.21/bitcoin/28/wallets/2026.04.21/blocks/blocks/rev00000.dat: Empty file
/home/mearvk/IdeaProjects/Java.Web.Server.Telnet.Front.Java.21/bitcoin/28/wallets/2026.04.29/chainstate/chainstate/LOCK: Empty file
/home/mearvk/IdeaProjects/Java.Web.Server.Telnet.Front.Java.21/bitcoin/28/wallets/2026.05.05/chainstate/chainstate/LOCK: Empty file
/home/mearvk/IdeaProjects/Java.Web.Server.Telnet.Front.Java.21/bitcoin/28/wallets/2026.05.05/blocks/blocks/index/LOCK: Empty file
/home/mearvk/IdeaProjects/Java.Web.Server.Telnet.Front.Java.21/bitcoin/28/wallets/2026.05.05/blocks/blocks/rev00000.dat: Empty file
/home/mearvk/IdeaProjects/Java.Web.Server.Telnet.Front.Java.21/bitcoin/28/wallets/2026.04.20/chainstate/chainstate/LOCK: Empty file
/home/mearvk/IdeaProjects/Java.Web.Server.Telnet.Front.Java.21/bitcoin/28/wallets/2026.04.20/blocks/blocks/index/LOCK: Empty file
/home/mearvk/IdeaProjects/Java.Web.Server.Telnet.Front.Java.21/bitcoin/28/wallets/2026.04.20/blocks/blocks/rev00000.dat: Empty file
/home/mearvk/IdeaProjects/Java.Web.Server.Telnet.Front.Java.21/bitcoin/28/wallets/2026.04.16/chainstate/chainstate/LOCK: Empty file
/home/mearvk/IdeaProjects/Java.Web.Server.Telnet.Front.Java.21/bitcoin/28/wallets/2026.04.16/blocks/blocks/index/LOCK: Empty file
/home/mearvk/IdeaProjects/Java.Web.Server.Telnet.Front.Java.21/bitcoin/28/wallets/2026.04.16/blocks/blocks/rev00000.dat: Empty file
/home/mearvk/IdeaProjects/Java.Web.Server.Telnet.Front.Java.21/bitcoin/28/wallets/2026.04.19/chainstate/chainstate/LOCK: Empty file
/home/mearvk/IdeaProjects/Java.Web.Server.Telnet.Front.Java.21/bitcoin/28/wallets/2026.04.19/blocks/blocks/index/LOCK: Empty file
/home/mearvk/IdeaProjects/Java.Web.Server.Telnet.Front.Java.21/bitcoin/28/wallets/2026.04.19/blocks/blocks/rev00000.dat: Empty file
/home/mearvk/IdeaProjects/Java.Web.Server.Telnet.Front.Java.21/bitcoin/28/wallets/2026.04.05/chainstate/chainstate/LOCK: Empty file
/home/mearvk/IdeaProjects/Java.Web.Server.Telnet.Front.Java.21/bitcoin/28/wallets/2026.04.05/blocks/blocks/index/LOCK: Empty file
/home/mearvk/IdeaProjects/Java.Web.Server.Telnet.Front.Java.21/bitcoin/28/wallets/2026.05.03/chainstate/chainstate/LOCK: Empty file
/home/mearvk/IdeaProjects/Java.Web.Server.Telnet.Front.Java.21/bitcoin/28/wallets/2026.05.03/blocks/blocks/index/LOCK: Empty file
/home/mearvk/IdeaProjects/Java.Web.Server.Telnet.Front.Java.21/bitcoin/28/wallets/2026.05.03/blocks/blocks/rev00000.dat: Empty file
/home/mearvk/IdeaProjects/Java.Web.Server.Telnet.Front.Java.21/bitcoin/28/wallets/2026.04.14/chainstate/chainstate/LOCK: Empty file
/home/mearvk/IdeaProjects/Java.Web.Server.Telnet.Front.Java.21/bitcoin/28/wallets/2026.04.14/blocks/blocks/index/LOCK: Empty file
/home/mearvk/IdeaProjects/Java.Web.Server.Telnet.Front.Java.21/bitcoin/28/wallets/2026.04.14/blocks/blocks/rev00000.dat: Empty file
/home/mearvk/IdeaProjects/Java.Web.Server.Telnet.Front.Java.21/bitcoin/28/wallets/2026.04.30/chainstate/chainstate/LOCK: Empty file
/home/mearvk/IdeaProjects/Java.Web.Server.Telnet.Front.Java.21/bitcoin/28/wallets/2026.04.30/blocks/blocks/index/LOCK: Empty file
/home/mearvk/IdeaProjects/Java.Web.Server.Telnet.Front.Java.21/bitcoin/28/wallets/2026.04.30/blocks/blocks/rev00000.dat: Empty file
/home/mearvk/IdeaProjects/Java.Web.Server.Telnet.Front.Java.21/bitcoin/27/wallets/2026.04.12/chainstate/000016.log: Empty file
/home/mearvk/IdeaProjects/Java.Web.Server.Telnet.Front.Java.21/bitcoin/27/wallets/2026.04.12/chainstate/LOCK: Empty file
/home/mearvk/IdeaProjects/Java.Web.Server.Telnet.Front.Java.21/bitcoin/27/wallets/2026.04.12/blocks/index/LOCK: Empty file
/home/mearvk/IdeaProjects/Java.Web.Server.Telnet.Front.Java.21/bitcoin/27/wallets/2026.04.12/blocks/index/000009.log: Empty file
/home/mearvk/IdeaProjects/Java.Web.Server.Telnet.Front.Java.21/bitcoin/27/wallets/2026.04.13/chainstate/000016.log: Empty file
/home/mearvk/IdeaProjects/Java.Web.Server.Telnet.Front.Java.21/bitcoin/27/wallets/2026.04.13/chainstate/LOCK: Empty file
/home/mearvk/IdeaProjects/Java.Web.Server.Telnet.Front.Java.21/bitcoin/27/wallets/2026.04.13/blocks/blocks/index/LOCK: Empty file
/home/mearvk/IdeaProjects/Java.Web.Server.Telnet.Front.Java.21/bitcoin/27/wallets/2026.04.13/blocks/blocks/index/000009.log: Empty file
/home/mearvk/IdeaProjects/Java.Web.Server.Telnet.Front.Java.21/bitcoin/27/wallets/2026.04.26/chainstate/000016.log: Empty file
/home/mearvk/IdeaProjects/Java.Web.Server.Telnet.Front.Java.21/bitcoin/27/wallets/2026.04.26/chainstate/LOCK: Empty file
/home/mearvk/IdeaProjects/Java.Web.Server.Telnet.Front.Java.21/bitcoin/27/wallets/2026.04.26/blocks/index/LOCK: Empty file
/home/mearvk/IdeaProjects/Java.Web.Server.Telnet.Front.Java.21/bitcoin/27/wallets/2026.04.26/blocks/index/000009.log: Empty file
/home/mearvk/IdeaProjects/Java.Web.Server.Telnet.Front.Java.21/bitcoin/27/wallets/2026.04.24/chainstate/chainstate/000016.log: Empty file
/home/mearvk/IdeaProjects/Java.Web.Server.Telnet.Front.Java.21/bitcoin/27/wallets/2026.04.24/chainstate/chainstate/LOCK: Empty file
/home/mearvk/IdeaProjects/Java.Web.Server.Telnet.Front.Java.21/bitcoin/27/wallets/2026.04.24/blocks/blocks/index/LOCK: Empty file
/home/mearvk/IdeaProjects/Java.Web.Server.Telnet.Front.Java.21/bitcoin/27/wallets/2026.04.24/blocks/blocks/index/000009.log: Empty file
/home/mearvk/IdeaProjects/Java.Web.Server.Telnet.Front.Java.21/bitcoin/27/wallets/2026.05.02/chainstate/000016.log: Empty file
/home/mearvk/IdeaProjects/Java.Web.Server.Telnet.Front.Java.21/bitcoin/27/wallets/2026.05.02/chainstate/LOCK: Empty file
/home/mearvk/IdeaProjects/Java.Web.Server.Telnet.Front.Java.21/bitcoin/27/wallets/2026.05.02/blocks/index/LOCK: Empty file
/home/mearvk/IdeaProjects/Java.Web.Server.Telnet.Front.Java.21/bitcoin/27/wallets/2026.05.02/blocks/index/000009.log: Empty file
/home/mearvk/IdeaProjects/Java.Web.Server.Telnet.Front.Java.21/bitcoin/27/wallets/2026.04.23/chainstate/chainstate/000016.log: Empty file
/home/mearvk/IdeaProjects/Java.Web.Server.Telnet.Front.Java.21/bitcoin/27/wallets/2026.04.23/chainstate/chainstate/LOCK: Empty file
/home/mearvk/IdeaProjects/Java.Web.Server.Telnet.Front.Java.21/bitcoin/27/wallets/2026.04.23/blocks/index/LOCK: Empty file
/home/mearvk/IdeaProjects/Java.Web.Server.Telnet.Front.Java.21/bitcoin/27/wallets/2026.04.23/blocks/index/000009.log: Empty file
/home/mearvk/IdeaProjects/Java.Web.Server.Telnet.Front.Java.21/bitcoin/27/wallets/2026.05.04/chainstate/chainstate/000016.log: Empty file
/home/mearvk/IdeaProjects/Java.Web.Server.Telnet.Front.Java.21/bitcoin/27/wallets/2026.05.04/chainstate/chainstate/LOCK: Empty file
/home/mearvk/IdeaProjects/Java.Web.Server.Telnet.Front.Java.21/bitcoin/27/wallets/2026.05.04/blocks/blocks/index/LOCK: Empty file
/home/mearvk/IdeaProjects/Java.Web.Server.Telnet.Front.Java.21/bitcoin/27/wallets/2026.05.04/blocks/blocks/index/000009.log: Empty file
/home/mearvk/IdeaProjects/Java.Web.Server.Telnet.Front.Java.21/bitcoin/27/wallets/2026.04.10/chainstate/000026.log: Empty file
/home/mearvk/IdeaProjects/Java.Web.Server.Telnet.Front.Java.21/bitcoin/27/wallets/2026.04.10/chainstate/LOCK: Empty file
/home/mearvk/IdeaProjects/Java.Web.Server.Telnet.Front.Java.21/bitcoin/27/wallets/2026.04.10/blocks/index/000014.log: Empty file
/home/mearvk/IdeaProjects/Java.Web.Server.Telnet.Front.Java.21/bitcoin/27/wallets/2026.04.10/blocks/index/LOCK: Empty file
/home/mearvk/IdeaProjects/Java.Web.Server.Telnet.Front.Java.21/bitcoin/27/wallets/2026.04.03/chainstate/chainstate/000016.log: Empty file
/home/mearvk/IdeaProjects/Java.Web.Server.Telnet.Front.Java.21/bitcoin/27/wallets/2026.04.03/chainstate/chainstate/LOCK: Empty file
/home/mearvk/IdeaProjects/Java.Web.Server.Telnet.Front.Java.21/bitcoin/27/wallets/2026.04.03/blocks/blocks/index/LOCK: Empty file
/home/mearvk/IdeaProjects/Java.Web.Server.Telnet.Front.Java.21/bitcoin/27/wallets/2026.04.17/chainstate/000016.log: Empty file
/home/mearvk/IdeaProjects/Java.Web.Server.Telnet.Front.Java.21/bitcoin/27/wallets/2026.04.17/chainstate/LOCK: Empty file
/home/mearvk/IdeaProjects/Java.Web.Server.Telnet.Front.Java.21/bitcoin/27/wallets/2026.04.17/blocks/index/LOCK: Empty file
/home/mearvk/IdeaProjects/Java.Web.Server.Telnet.Front.Java.21/bitcoin/27/wallets/2026.04.17/blocks/index/000009.log: Empty file
/home/mearvk/IdeaProjects/Java.Web.Server.Telnet.Front.Java.21/bitcoin/27/wallets/2026.04.18/chainstate/000016.log: Empty file
/home/mearvk/IdeaProjects/Java.Web.Server.Telnet.Front.Java.21/bitcoin/27/wallets/2026.04.18/chainstate/LOCK: Empty file
/home/mearvk/IdeaProjects/Java.Web.Server.Telnet.Front.Java.21/bitcoin/27/wallets/2026.04.18/blocks/index/LOCK: Empty file
/home/mearvk/IdeaProjects/Java.Web.Server.Telnet.Front.Java.21/bitcoin/27/wallets/2026.04.18/blocks/index/000009.log: Empty file
/home/mearvk/IdeaProjects/Java.Web.Server.Telnet.Front.Java.21/bitcoin/27/wallets/2026.04.28/chainstate/000016.log: Empty file
/home/mearvk/IdeaProjects/Java.Web.Server.Telnet.Front.Java.21/bitcoin/27/wallets/2026.04.28/chainstate/LOCK: Empty file
/home/mearvk/IdeaProjects/Java.Web.Server.Telnet.Front.Java.21/bitcoin/27/wallets/2026.04.28/blocks/index/LOCK: Empty file
/home/mearvk/IdeaProjects/Java.Web.Server.Telnet.Front.Java.21/bitcoin/27/wallets/2026.04.28/blocks/index/000009.log: Empty file
/home/mearvk/IdeaProjects/Java.Web.Server.Telnet.Front.Java.21/bitcoin/27/wallets/2026.04.25/chainstate/chainstate/000016.log: Empty file
/home/mearvk/IdeaProjects/Java.Web.Server.Telnet.Front.Java.21/bitcoin/27/wallets/2026.04.25/chainstate/chainstate/LOCK: Empty file
/home/mearvk/IdeaProjects/Java.Web.Server.Telnet.Front.Java.21/bitcoin/27/wallets/2026.04.25/blocks/index/LOCK: Empty file
/home/mearvk/IdeaProjects/Java.Web.Server.Telnet.Front.Java.21/bitcoin/27/wallets/2026.04.25/blocks/index/000009.log: Empty file
/home/mearvk/IdeaProjects/Java.Web.Server.Telnet.Front.Java.21/bitcoin/27/wallets/2026.04.22/chainstate/000016.log: Empty file
/home/mearvk/IdeaProjects/Java.Web.Server.Telnet.Front.Java.21/bitcoin/27/wallets/2026.04.22/chainstate/LOCK: Empty file
/home/mearvk/IdeaProjects/Java.Web.Server.Telnet.Front.Java.21/bitcoin/27/wallets/2026.04.22/blocks/index/LOCK: Empty file
/home/mearvk/IdeaProjects/Java.Web.Server.Telnet.Front.Java.21/bitcoin/27/wallets/2026.04.22/blocks/index/000009.log: Empty file
/home/mearvk/IdeaProjects/Java.Web.Server.Telnet.Front.Java.21/bitcoin/27/wallets/2026.04.04/chainstate/chainstate/000016.log: Empty file
/home/mearvk/IdeaProjects/Java.Web.Server.Telnet.Front.Java.21/bitcoin/27/wallets/2026.04.04/chainstate/chainstate/LOCK: Empty file
/home/mearvk/IdeaProjects/Java.Web.Server.Telnet.Front.Java.21/bitcoin/27/wallets/2026.04.04/blocks/blocks/index/LOCK: Empty file
/home/mearvk/IdeaProjects/Java.Web.Server.Telnet.Front.Java.21/bitcoin/27/wallets/2026.04.04/blocks/blocks/index/000009.log: Empty file
/home/mearvk/IdeaProjects/Java.Web.Server.Telnet.Front.Java.21/bitcoin/27/wallets/2026.04.09/chainstate/000028.log: Empty file
/home/mearvk/IdeaProjects/Java.Web.Server.Telnet.Front.Java.21/bitcoin/27/wallets/2026.04.09/chainstate/LOCK: Empty file
/home/mearvk/IdeaProjects/Java.Web.Server.Telnet.Front.Java.21/bitcoin/27/wallets/2026.04.09/blocks/blocks/index/000016.log: Empty file
/home/mearvk/IdeaProjects/Java.Web.Server.Telnet.Front.Java.21/bitcoin/27/wallets/2026.04.09/blocks/blocks/index/LOCK: Empty file
/home/mearvk/IdeaProjects/Java.Web.Server.Telnet.Front.Java.21/bitcoin/27/wallets/2026.04.11/chainstate/000016.log: Empty file
/home/mearvk/IdeaProjects/Java.Web.Server.Telnet.Front.Java.21/bitcoin/27/wallets/2026.04.11/chainstate/LOCK: Empty file
/home/mearvk/IdeaProjects/Java.Web.Server.Telnet.Front.Java.21/bitcoin/27/wallets/2026.04.11/blocks/index/LOCK: Empty file
/home/mearvk/IdeaProjects/Java.Web.Server.Telnet.Front.Java.21/bitcoin/27/wallets/2026.04.11/blocks/index/000009.log: Empty file
/home/mearvk/IdeaProjects/Java.Web.Server.Telnet.Front.Java.21/bitcoin/27/wallets/2026.05.01/chainstate/chainstate/LOCK: Empty file
/home/mearvk/IdeaProjects/Java.Web.Server.Telnet.Front.Java.21/bitcoin/27/wallets/2026.05.01/chainstate/chainstate/000036.log: Empty file
/home/mearvk/IdeaProjects/Java.Web.Server.Telnet.Front.Java.21/bitcoin/27/wallets/2026.05.01/blocks/blocks/index/LOCK: Empty file
/home/mearvk/IdeaProjects/Java.Web.Server.Telnet.Front.Java.21/bitcoin/27/wallets/2026.05.01/blocks/blocks/index/000021.log: Empty file
/home/mearvk/IdeaProjects/Java.Web.Server.Telnet.Front.Java.21/bitcoin/27/wallets/2026.04.27/chainstate/000016.log: Empty file
/home/mearvk/IdeaProjects/Java.Web.Server.Telnet.Front.Java.21/bitcoin/27/wallets/2026.04.27/chainstate/LOCK: Empty file
/home/mearvk/IdeaProjects/Java.Web.Server.Telnet.Front.Java.21/bitcoin/27/wallets/2026.04.27/blocks/index/LOCK: Empty file
/home/mearvk/IdeaProjects/Java.Web.Server.Telnet.Front.Java.21/bitcoin/27/wallets/2026.04.27/blocks/index/000009.log: Empty file
/home/mearvk/IdeaProjects/Java.Web.Server.Telnet.Front.Java.21/bitcoin/27/wallets/2026.04.15/chainstate/000016.log: Empty file
/home/mearvk/IdeaProjects/Java.Web.Server.Telnet.Front.Java.21/bitcoin/27/wallets/2026.04.15/chainstate/LOCK: Empty file
/home/mearvk/IdeaProjects/Java.Web.Server.Telnet.Front.Java.21/bitcoin/27/wallets/2026.04.15/blocks/index/LOCK: Empty file
/home/mearvk/IdeaProjects/Java.Web.Server.Telnet.Front.Java.21/bitcoin/27/wallets/2026.04.15/blocks/index/000009.log: Empty file
/home/mearvk/IdeaProjects/Java.Web.Server.Telnet.Front.Java.21/bitcoin/27/wallets/2026.04.21/chainstate/000016.log: Empty file
/home/mearvk/IdeaProjects/Java.Web.Server.Telnet.Front.Java.21/bitcoin/27/wallets/2026.04.21/chainstate/LOCK: Empty file
/home/mearvk/IdeaProjects/Java.Web.Server.Telnet.Front.Java.21/bitcoin/27/wallets/2026.04.21/blocks/index/LOCK: Empty file
/home/mearvk/IdeaProjects/Java.Web.Server.Telnet.Front.Java.21/bitcoin/27/wallets/2026.04.21/blocks/index/000009.log: Empty file
/home/mearvk/IdeaProjects/Java.Web.Server.Telnet.Front.Java.21/bitcoin/27/wallets/2026.04.29/chainstate/000016.log: Empty file
/home/mearvk/IdeaProjects/Java.Web.Server.Telnet.Front.Java.21/bitcoin/27/wallets/2026.04.29/chainstate/LOCK: Empty file
/home/mearvk/IdeaProjects/Java.Web.Server.Telnet.Front.Java.21/bitcoin/27/wallets/2026.04.29/blocks/index/LOCK: Empty file
/home/mearvk/IdeaProjects/Java.Web.Server.Telnet.Front.Java.21/bitcoin/27/wallets/2026.04.29/blocks/index/000009.log: Empty file
/home/mearvk/IdeaProjects/Java.Web.Server.Telnet.Front.Java.21/bitcoin/27/wallets/2026.05.05/chainstate/000016.log: Empty file
/home/mearvk/IdeaProjects/Java.Web.Server.Telnet.Front.Java.21/bitcoin/27/wallets/2026.05.05/chainstate/LOCK: Empty file
/home/mearvk/IdeaProjects/Java.Web.Server.Telnet.Front.Java.21/bitcoin/27/wallets/2026.05.05/blocks/index/LOCK: Empty file
/home/mearvk/IdeaProjects/Java.Web.Server.Telnet.Front.Java.21/bitcoin/27/wallets/2026.05.05/blocks/index/000009.log: Empty file
/home/mearvk/IdeaProjects/Java.Web.Server.Telnet.Front.Java.21/bitcoin/27/wallets/2026.04.20/chainstate/chainstate/000016.log: Empty file
/home/mearvk/IdeaProjects/Java.Web.Server.Telnet.Front.Java.21/bitcoin/27/wallets/2026.04.20/chainstate/chainstate/LOCK: Empty file
/home/mearvk/IdeaProjects/Java.Web.Server.Telnet.Front.Java.21/bitcoin/27/wallets/2026.04.20/blocks/index/LOCK: Empty file
/home/mearvk/IdeaProjects/Java.Web.Server.Telnet.Front.Java.21/bitcoin/27/wallets/2026.04.20/blocks/index/000009.log: Empty file
/home/mearvk/IdeaProjects/Java.Web.Server.Telnet.Front.Java.21/bitcoin/27/wallets/2026.04.16/chainstate/chainstate/LOCK: Empty file
/home/mearvk/IdeaProjects/Java.Web.Server.Telnet.Front.Java.21/bitcoin/27/wallets/2026.04.16/chainstate/chainstate/000080.log: Empty file
/home/mearvk/IdeaProjects/Java.Web.Server.Telnet.Front.Java.21/bitcoin/27/wallets/2026.04.16/blocks/index/000046.log: Empty file
/home/mearvk/IdeaProjects/Java.Web.Server.Telnet.Front.Java.21/bitcoin/27/wallets/2026.04.16/blocks/index/LOCK: Empty file
/home/mearvk/IdeaProjects/Java.Web.Server.Telnet.Front.Java.21/bitcoin/27/wallets/2026.04.19/chainstate/000016.log: Empty file
/home/mearvk/IdeaProjects/Java.Web.Server.Telnet.Front.Java.21/bitcoin/27/wallets/2026.04.19/chainstate/LOCK: Empty file
/home/mearvk/IdeaProjects/Java.Web.Server.Telnet.Front.Java.21/bitcoin/27/wallets/2026.04.19/blocks/index/LOCK: Empty file
/home/mearvk/IdeaProjects/Java.Web.Server.Telnet.Front.Java.21/bitcoin/27/wallets/2026.04.19/blocks/index/000009.log: Empty file
/home/mearvk/IdeaProjects/Java.Web.Server.Telnet.Front.Java.21/bitcoin/27/wallets/2026.04.05/chainstate/chainstate/000016.log: Empty file
/home/mearvk/IdeaProjects/Java.Web.Server.Telnet.Front.Java.21/bitcoin/27/wallets/2026.04.05/chainstate/chainstate/LOCK: Empty file
/home/mearvk/IdeaProjects/Java.Web.Server.Telnet.Front.Java.21/bitcoin/27/wallets/2026.04.05/blocks/blocks/index/LOCK: Empty file
/home/mearvk/IdeaProjects/Java.Web.Server.Telnet.Front.Java.21/bitcoin/27/wallets/2026.04.05/blocks/blocks/index/000009.log: Empty file
/home/mearvk/IdeaProjects/Java.Web.Server.Telnet.Front.Java.21/bitcoin/27/wallets/2026.05.03/chainstate/chainstate/000016.log: Empty file
/home/mearvk/IdeaProjects/Java.Web.Server.Telnet.Front.Java.21/bitcoin/27/wallets/2026.05.03/chainstate/chainstate/LOCK: Empty file
/home/mearvk/IdeaProjects/Java.Web.Server.Telnet.Front.Java.21/bitcoin/27/wallets/2026.05.03/blocks/blocks/index/LOCK: Empty file
/home/mearvk/IdeaProjects/Java.Web.Server.Telnet.Front.Java.21/bitcoin/27/wallets/2026.05.03/blocks/blocks/index/000009.log: Empty file
/home/mearvk/IdeaProjects/Java.Web.Server.Telnet.Front.Java.21/bitcoin/27/wallets/2026.04.14/chainstate/000016.log: Empty file
/home/mearvk/IdeaProjects/Java.Web.Server.Telnet.Front.Java.21/bitcoin/27/wallets/2026.04.14/chainstate/LOCK: Empty file
/home/mearvk/IdeaProjects/Java.Web.Server.Telnet.Front.Java.21/bitcoin/27/wallets/2026.04.14/blocks/index/LOCK: Empty file
/home/mearvk/IdeaProjects/Java.Web.Server.Telnet.Front.Java.21/bitcoin/27/wallets/2026.04.14/blocks/index/000009.log: Empty file
/home/mearvk/IdeaProjects/Java.Web.Server.Telnet.Front.Java.21/bitcoin/27/wallets/2026.04.30/chainstate/000016.log: Empty file
/home/mearvk/IdeaProjects/Java.Web.Server.Telnet.Front.Java.21/bitcoin/27/wallets/2026.04.30/chainstate/LOCK: Empty file
/home/mearvk/IdeaProjects/Java.Web.Server.Telnet.Front.Java.21/bitcoin/27/wallets/2026.04.30/blocks/index/LOCK: Empty file
/home/mearvk/IdeaProjects/Java.Web.Server.Telnet.Front.Java.21/bitcoin/27/wallets/2026.04.30/blocks/index/000009.log: Empty file
/home/mearvk/IdeaProjects/Java.Web.Server.Telnet.Front.Java.21/bitcoin/24/wallets/2026.04.12/chainstate/chainstate/LOCK: Empty file
/home/mearvk/IdeaProjects/Java.Web.Server.Telnet.Front.Java.21/bitcoin/24/wallets/2026.04.12/blocks/blocks/index/LOCK: Empty file
/home/mearvk/IdeaProjects/Java.Web.Server.Telnet.Front.Java.21/bitcoin/24/wallets/2026.04.13/chainstate/LOCK: Empty file
/home/mearvk/IdeaProjects/Java.Web.Server.Telnet.Front.Java.21/bitcoin/24/wallets/2026.04.13/blocks/index/LOCK: Empty file
/home/mearvk/IdeaProjects/Java.Web.Server.Telnet.Front.Java.21/bitcoin/24/wallets/2026.04.13/blocks/rev00000.dat: Empty file
/home/mearvk/IdeaProjects/Java.Web.Server.Telnet.Front.Java.21/bitcoin/24/wallets/2026.04.26/chainstate/chainstate/LOCK: Empty file
/home/mearvk/IdeaProjects/Java.Web.Server.Telnet.Front.Java.21/bitcoin/24/wallets/2026.04.26/blocks/blocks/index/LOCK: Empty file
/home/mearvk/IdeaProjects/Java.Web.Server.Telnet.Front.Java.21/bitcoin/24/wallets/2026.04.26/blocks/blocks/rev00000.dat: Empty file
/home/mearvk/IdeaProjects/Java.Web.Server.Telnet.Front.Java.21/bitcoin/24/wallets/2026.04.06/chainstate/chainstate/LOCK: Empty file
/home/mearvk/IdeaProjects/Java.Web.Server.Telnet.Front.Java.21/bitcoin/24/wallets/2026.04.06/chainstate/chainstate/000009.log: Empty file
/home/mearvk/IdeaProjects/Java.Web.Server.Telnet.Front.Java.21/bitcoin/24/wallets/2026.04.06/blocks/blocks/index/LOCK: Empty file
/home/mearvk/IdeaProjects/Java.Web.Server.Telnet.Front.Java.21/bitcoin/24/wallets/2026.04.24/chainstate/LOCK: Empty file
/home/mearvk/IdeaProjects/Java.Web.Server.Telnet.Front.Java.21/bitcoin/24/wallets/2026.04.24/blocks/index/LOCK: Empty file
/home/mearvk/IdeaProjects/Java.Web.Server.Telnet.Front.Java.21/bitcoin/24/wallets/2026.04.24/blocks/rev00000.dat: Empty file
/home/mearvk/IdeaProjects/Java.Web.Server.Telnet.Front.Java.21/bitcoin/24/wallets/2026.05.02/chainstate/LOCK: Empty file
/home/mearvk/IdeaProjects/Java.Web.Server.Telnet.Front.Java.21/bitcoin/24/wallets/2026.05.02/blocks/index/LOCK: Empty file
/home/mearvk/IdeaProjects/Java.Web.Server.Telnet.Front.Java.21/bitcoin/24/wallets/2026.05.02/blocks/rev00000.dat: Empty file
/home/mearvk/IdeaProjects/Java.Web.Server.Telnet.Front.Java.21/bitcoin/24/wallets/2026.04.23/chainstate/LOCK: Empty file
/home/mearvk/IdeaProjects/Java.Web.Server.Telnet.Front.Java.21/bitcoin/24/wallets/2026.04.23/blocks/index/LOCK: Empty file
/home/mearvk/IdeaProjects/Java.Web.Server.Telnet.Front.Java.21/bitcoin/24/wallets/2026.04.23/blocks/rev00000.dat: Empty file
/home/mearvk/IdeaProjects/Java.Web.Server.Telnet.Front.Java.21/bitcoin/24/wallets/2026.05.04/chainstate/LOCK: Empty file
/home/mearvk/IdeaProjects/Java.Web.Server.Telnet.Front.Java.21/bitcoin/24/wallets/2026.05.04/blocks/blocks/index/LOCK: Empty file
/home/mearvk/IdeaProjects/Java.Web.Server.Telnet.Front.Java.21/bitcoin/24/wallets/2026.05.04/blocks/blocks/rev00000.dat: Empty file
/home/mearvk/IdeaProjects/Java.Web.Server.Telnet.Front.Java.21/bitcoin/24/wallets/2026.04.10/chainstate/LOCK: Empty file
/home/mearvk/IdeaProjects/Java.Web.Server.Telnet.Front.Java.21/bitcoin/24/wallets/2026.04.10/blocks/index/LOCK: Empty file
/home/mearvk/IdeaProjects/Java.Web.Server.Telnet.Front.Java.21/bitcoin/24/wallets/2026.04.03/chainstate/chainstate/LOCK: Empty file
/home/mearvk/IdeaProjects/Java.Web.Server.Telnet.Front.Java.21/bitcoin/24/wallets/2026.04.03/chainstate/chainstate/000024.log: Empty file
/home/mearvk/IdeaProjects/Java.Web.Server.Telnet.Front.Java.21/bitcoin/24/wallets/2026.04.03/blocks/blocks/index/000022.log: Empty file
/home/mearvk/IdeaProjects/Java.Web.Server.Telnet.Front.Java.21/bitcoin/24/wallets/2026.04.03/blocks/blocks/index/LOCK: Empty file
/home/mearvk/IdeaProjects/Java.Web.Server.Telnet.Front.Java.21/bitcoin/24/wallets/2026.04.17/chainstate/chainstate/LOCK: Empty file
/home/mearvk/IdeaProjects/Java.Web.Server.Telnet.Front.Java.21/bitcoin/24/wallets/2026.04.17/blocks/index/LOCK: Empty file
/home/mearvk/IdeaProjects/Java.Web.Server.Telnet.Front.Java.21/bitcoin/24/wallets/2026.04.17/blocks/rev00000.dat: Empty file
/home/mearvk/IdeaProjects/Java.Web.Server.Telnet.Front.Java.21/bitcoin/24/wallets/2026.04.18/chainstate/chainstate/LOCK: Empty file
/home/mearvk/IdeaProjects/Java.Web.Server.Telnet.Front.Java.21/bitcoin/24/wallets/2026.04.18/blocks/index/LOCK: Empty file
/home/mearvk/IdeaProjects/Java.Web.Server.Telnet.Front.Java.21/bitcoin/24/wallets/2026.04.18/blocks/rev00000.dat: Empty file
/home/mearvk/IdeaProjects/Java.Web.Server.Telnet.Front.Java.21/bitcoin/24/wallets/2026.04.28/chainstate/LOCK: Empty file
/home/mearvk/IdeaProjects/Java.Web.Server.Telnet.Front.Java.21/bitcoin/24/wallets/2026.04.28/blocks/index/LOCK: Empty file
/home/mearvk/IdeaProjects/Java.Web.Server.Telnet.Front.Java.21/bitcoin/24/wallets/2026.04.28/blocks/rev00000.dat: Empty file
/home/mearvk/IdeaProjects/Java.Web.Server.Telnet.Front.Java.21/bitcoin/24/wallets/2026.04.25/chainstate/LOCK: Empty file
/home/mearvk/IdeaProjects/Java.Web.Server.Telnet.Front.Java.21/bitcoin/24/wallets/2026.04.25/blocks/index/LOCK: Empty file
/home/mearvk/IdeaProjects/Java.Web.Server.Telnet.Front.Java.21/bitcoin/24/wallets/2026.04.25/blocks/rev00000.dat: Empty file
/home/mearvk/IdeaProjects/Java.Web.Server.Telnet.Front.Java.21/bitcoin/24/wallets/2026.04.22/chainstate/LOCK: Empty file
/home/mearvk/IdeaProjects/Java.Web.Server.Telnet.Front.Java.21/bitcoin/24/wallets/2026.04.22/blocks/index/LOCK: Empty file
/home/mearvk/IdeaProjects/Java.Web.Server.Telnet.Front.Java.21/bitcoin/24/wallets/2026.04.22/blocks/rev00000.dat: Empty file
/home/mearvk/IdeaProjects/Java.Web.Server.Telnet.Front.Java.21/bitcoin/24/wallets/2026.04.04/chainstate/chainstate/LOCK: Empty file
/home/mearvk/IdeaProjects/Java.Web.Server.Telnet.Front.Java.21/bitcoin/24/wallets/2026.04.04/chainstate/chainstate/000009.log: Empty file
/home/mearvk/IdeaProjects/Java.Web.Server.Telnet.Front.Java.21/bitcoin/24/wallets/2026.04.04/blocks/blocks/index/LOCK: Empty file
/home/mearvk/IdeaProjects/Java.Web.Server.Telnet.Front.Java.21/bitcoin/24/wallets/2026.04.09/chainstate/chainstate/000011.log: Empty file
/home/mearvk/IdeaProjects/Java.Web.Server.Telnet.Front.Java.21/bitcoin/24/wallets/2026.04.09/chainstate/chainstate/LOCK: Empty file
/home/mearvk/IdeaProjects/Java.Web.Server.Telnet.Front.Java.21/bitcoin/24/wallets/2026.04.09/blocks/index/LOCK: Empty file
/home/mearvk/IdeaProjects/Java.Web.Server.Telnet.Front.Java.21/bitcoin/24/wallets/2026.04.09/blocks/index/000010.log: Empty file
/home/mearvk/IdeaProjects/Java.Web.Server.Telnet.Front.Java.21/bitcoin/24/wallets/2026.04.11/chainstate/chainstate/LOCK: Empty file
/home/mearvk/IdeaProjects/Java.Web.Server.Telnet.Front.Java.21/bitcoin/24/wallets/2026.04.11/blocks/blocks/index/LOCK: Empty file
/home/mearvk/IdeaProjects/Java.Web.Server.Telnet.Front.Java.21/bitcoin/24/wallets/2026.04.11/blocks/blocks/rev00000.dat: Empty file
/home/mearvk/IdeaProjects/Java.Web.Server.Telnet.Front.Java.21/bitcoin/24/wallets/2026.05.01/chainstate/chainstate/LOCK: Empty file
/home/mearvk/IdeaProjects/Java.Web.Server.Telnet.Front.Java.21/bitcoin/24/wallets/2026.05.01/blocks/blocks/index/LOCK: Empty file
/home/mearvk/IdeaProjects/Java.Web.Server.Telnet.Front.Java.21/bitcoin/24/wallets/2026.05.01/blocks/blocks/rev00000.dat: Empty file
/home/mearvk/IdeaProjects/Java.Web.Server.Telnet.Front.Java.21/bitcoin/24/wallets/2026.04.27/chainstate/LOCK: Empty file
/home/mearvk/IdeaProjects/Java.Web.Server.Telnet.Front.Java.21/bitcoin/24/wallets/2026.04.27/blocks/index/LOCK: Empty file
/home/mearvk/IdeaProjects/Java.Web.Server.Telnet.Front.Java.21/bitcoin/24/wallets/2026.04.27/blocks/rev00000.dat: Empty file
/home/mearvk/IdeaProjects/Java.Web.Server.Telnet.Front.Java.21/bitcoin/24/wallets/2026.04.15/chainstate/LOCK: Empty file
/home/mearvk/IdeaProjects/Java.Web.Server.Telnet.Front.Java.21/bitcoin/24/wallets/2026.04.15/blocks/index/LOCK: Empty file
/home/mearvk/IdeaProjects/Java.Web.Server.Telnet.Front.Java.21/bitcoin/24/wallets/2026.04.15/blocks/rev00000.dat: Empty file
/home/mearvk/IdeaProjects/Java.Web.Server.Telnet.Front.Java.21/bitcoin/24/wallets/2026.04.21/chainstate/LOCK: Empty file
/home/mearvk/IdeaProjects/Java.Web.Server.Telnet.Front.Java.21/bitcoin/24/wallets/2026.04.21/blocks/blocks/index/LOCK: Empty file
/home/mearvk/IdeaProjects/Java.Web.Server.Telnet.Front.Java.21/bitcoin/24/wallets/2026.04.21/blocks/blocks/rev00000.dat: Empty file
/home/mearvk/IdeaProjects/Java.Web.Server.Telnet.Front.Java.21/bitcoin/24/wallets/2026.04.29/chainstate/LOCK: Empty file
/home/mearvk/IdeaProjects/Java.Web.Server.Telnet.Front.Java.21/bitcoin/24/wallets/2026.04.29/blocks/index/LOCK: Empty file
/home/mearvk/IdeaProjects/Java.Web.Server.Telnet.Front.Java.21/bitcoin/24/wallets/2026.04.29/blocks/rev00000.dat: Empty file
/home/mearvk/IdeaProjects/Java.Web.Server.Telnet.Front.Java.21/bitcoin/24/wallets/2026.05.05/chainstate/LOCK: Empty file
/home/mearvk/IdeaProjects/Java.Web.Server.Telnet.Front.Java.21/bitcoin/24/wallets/2026.05.05/blocks/index/LOCK: Empty file
/home/mearvk/IdeaProjects/Java.Web.Server.Telnet.Front.Java.21/bitcoin/24/wallets/2026.05.05/blocks/rev00000.dat: Empty file
/home/mearvk/IdeaProjects/Java.Web.Server.Telnet.Front.Java.21/bitcoin/24/wallets/2026.04.20/chainstate/LOCK: Empty file
/home/mearvk/IdeaProjects/Java.Web.Server.Telnet.Front.Java.21/bitcoin/24/wallets/2026.04.20/blocks/index/LOCK: Empty file
/home/mearvk/IdeaProjects/Java.Web.Server.Telnet.Front.Java.21/bitcoin/24/wallets/2026.04.20/blocks/rev00000.dat: Empty file
/home/mearvk/IdeaProjects/Java.Web.Server.Telnet.Front.Java.21/bitcoin/24/wallets/2026.04.16/chainstate/LOCK: Empty file
/home/mearvk/IdeaProjects/Java.Web.Server.Telnet.Front.Java.21/bitcoin/24/wallets/2026.04.16/blocks/index/LOCK: Empty file
/home/mearvk/IdeaProjects/Java.Web.Server.Telnet.Front.Java.21/bitcoin/24/wallets/2026.04.19/chainstate/LOCK: Empty file
/home/mearvk/IdeaProjects/Java.Web.Server.Telnet.Front.Java.21/bitcoin/24/wallets/2026.04.19/blocks/index/LOCK: Empty file
/home/mearvk/IdeaProjects/Java.Web.Server.Telnet.Front.Java.21/bitcoin/24/wallets/2026.04.19/blocks/rev00000.dat: Empty file
/home/mearvk/IdeaProjects/Java.Web.Server.Telnet.Front.Java.21/bitcoin/24/wallets/2026.04.05/chainstate/chainstate/LOCK: Empty file
/home/mearvk/IdeaProjects/Java.Web.Server.Telnet.Front.Java.21/bitcoin/24/wallets/2026.04.05/chainstate/chainstate/000009.log: Empty file
/home/mearvk/IdeaProjects/Java.Web.Server.Telnet.Front.Java.21/bitcoin/24/wallets/2026.04.05/blocks/blocks/index/000011.log: Empty file
/home/mearvk/IdeaProjects/Java.Web.Server.Telnet.Front.Java.21/bitcoin/24/wallets/2026.04.05/blocks/blocks/index/LOCK: Empty file
/home/mearvk/IdeaProjects/Java.Web.Server.Telnet.Front.Java.21/bitcoin/24/wallets/2026.05.03/chainstate/LOCK: Empty file
/home/mearvk/IdeaProjects/Java.Web.Server.Telnet.Front.Java.21/bitcoin/24/wallets/2026.05.03/blocks/index/LOCK: Empty file
/home/mearvk/IdeaProjects/Java.Web.Server.Telnet.Front.Java.21/bitcoin/24/wallets/2026.05.03/blocks/rev00000.dat: Empty file
/home/mearvk/IdeaProjects/Java.Web.Server.Telnet.Front.Java.21/bitcoin/24/wallets/2026.04.14/chainstate/LOCK: Empty file
/home/mearvk/IdeaProjects/Java.Web.Server.Telnet.Front.Java.21/bitcoin/24/wallets/2026.04.14/blocks/index/LOCK: Empty file
/home/mearvk/IdeaProjects/Java.Web.Server.Telnet.Front.Java.21/bitcoin/24/wallets/2026.04.30/chainstate/LOCK: Empty file
/home/mearvk/IdeaProjects/Java.Web.Server.Telnet.Front.Java.21/bitcoin/24/wallets/2026.04.30/blocks/index/LOCK: Empty file
/home/mearvk/IdeaProjects/Java.Web.Server.Telnet.Front.Java.21/bitcoin/24/wallets/2026.04.30/blocks/rev00000.dat: Empty file
/home/mearvk/IdeaProjects/Java.Web.Server.Telnet.Front.Java.21/bitcoin/30/wallets/2026.03.27/001/chainstate/000006.log: Empty file
/home/mearvk/IdeaProjects/Java.Web.Server.Telnet.Front.Java.21/bitcoin/30/wallets/2026.03.27/001/chainstate/LOCK: Empty file
/home/mearvk/IdeaProjects/Java.Web.Server.Telnet.Front.Java.21/bitcoin/30/wallets/2026.03.27/001/blocks/.lock: Empty file
/home/mearvk/IdeaProjects/Java.Web.Server.Telnet.Front.Java.21/bitcoin/30/wallets/2026.03.27/001/blocks/index/000006.log: Empty file
/home/mearvk/IdeaProjects/Java.Web.Server.Telnet.Front.Java.21/bitcoin/30/wallets/2026.03.27/001/blocks/index/LOCK: Empty file
/home/mearvk/IdeaProjects/Java.Web.Server.Telnet.Front.Java.21/bitcoin/30/wallets/2026.03.27/002/chainstate/LOCK: Empty file
/home/mearvk/IdeaProjects/Java.Web.Server.Telnet.Front.Java.21/bitcoin/30/wallets/2026.03.27/002/blocks/.lock: Empty file
/home/mearvk/IdeaProjects/Java.Web.Server.Telnet.Front.Java.21/bitcoin/30/wallets/2026.03.27/002/blocks/index/LOCK: Empty file
/home/mearvk/IdeaProjects/Java.Web.Server.Telnet.Front.Java.21/bitcoin/30/wallets/2026.03.27/002/blocks/index/000003.log: Empty file
/home/mearvk/IdeaProjects/Java.Web.Server.Telnet.Front.Java.21/bitcoin/30/wallets/2026.04.03/chainstate/chainstate/LOCK: Empty file
/home/mearvk/IdeaProjects/Java.Web.Server.Telnet.Front.Java.21/bitcoin/30/wallets/2026.04.03/chainstate/chainstate/000009.log: Empty file
/home/mearvk/IdeaProjects/Java.Web.Server.Telnet.Front.Java.21/bitcoin/30/wallets/2026.04.03/blocks/blocks/.lock: Empty file
/home/mearvk/IdeaProjects/Java.Web.Server.Telnet.Front.Java.21/bitcoin/30/wallets/2026.04.03/blocks/blocks/index/LOCK: Empty file
/home/mearvk/IdeaProjects/Java.Web.Server.Telnet.Front.Java.21/bitcoin/30/wallets/2026.04.03/blocks/blocks/index/000009.log: Empty file
/home/mearvk/IdeaProjects/Java.Web.Server.Telnet.Front.Java.21/bitcoin/30/wallets/2026.04.04/chainstate/chainstate/LOCK: Empty file
/home/mearvk/IdeaProjects/Java.Web.Server.Telnet.Front.Java.21/bitcoin/30/wallets/2026.04.04/chainstate/chainstate/000009.log: Empty file
/home/mearvk/IdeaProjects/Java.Web.Server.Telnet.Front.Java.21/bitcoin/30/wallets/2026.04.04/blocks/blocks/.lock: Empty file
/home/mearvk/IdeaProjects/Java.Web.Server.Telnet.Front.Java.21/bitcoin/30/wallets/2026.04.04/blocks/blocks/index/LOCK: Empty file
/home/mearvk/IdeaProjects/Java.Web.Server.Telnet.Front.Java.21/bitcoin/30/wallets/2026.04.04/blocks/blocks/index/000009.log: Empty file
/home/mearvk/IdeaProjects/Java.Web.Server.Telnet.Front.Java.21/bitcoin/30/wallets/2026.04.05/chainstate/chainstate/LOCK: Empty file
/home/mearvk/IdeaProjects/Java.Web.Server.Telnet.Front.Java.21/bitcoin/30/wallets/2026.04.05/chainstate/chainstate/000009.log: Empty file
/home/mearvk/IdeaProjects/Java.Web.Server.Telnet.Front.Java.21/bitcoin/30/wallets/2026.04.05/blocks/blocks/.lock: Empty file
/home/mearvk/IdeaProjects/Java.Web.Server.Telnet.Front.Java.21/bitcoin/30/wallets/2026.04.05/blocks/blocks/index/LOCK: Empty file
/home/mearvk/IdeaProjects/Java.Web.Server.Telnet.Front.Java.21/bitcoin/30/wallets/2026.04.05/blocks/blocks/index/000009.log: Empty file
/home/mearvk/IdeaProjects/Java.Web.Server.Telnet.Front.Java.21/bitcoin/29/wallets/2026.04.12/chainstate/chainstate/000006.log: Empty file
/home/mearvk/IdeaProjects/Java.Web.Server.Telnet.Front.Java.21/bitcoin/29/wallets/2026.04.12/chainstate/chainstate/LOCK: Empty file
/home/mearvk/IdeaProjects/Java.Web.Server.Telnet.Front.Java.21/bitcoin/29/wallets/2026.04.12/blocks/blocks/.lock: Empty file
/home/mearvk/IdeaProjects/Java.Web.Server.Telnet.Front.Java.21/bitcoin/29/wallets/2026.04.12/blocks/blocks/index/000006.log: Empty file
/home/mearvk/IdeaProjects/Java.Web.Server.Telnet.Front.Java.21/bitcoin/29/wallets/2026.04.12/blocks/blocks/index/LOCK: Empty file
/home/mearvk/IdeaProjects/Java.Web.Server.Telnet.Front.Java.21/bitcoin/29/wallets/2026.04.12/blocks/blocks/rev00000.dat: Empty file
/home/mearvk/IdeaProjects/Java.Web.Server.Telnet.Front.Java.21/bitcoin/29/wallets/2026.04.13/chainstate/chainstate/000006.log: Empty file
/home/mearvk/IdeaProjects/Java.Web.Server.Telnet.Front.Java.21/bitcoin/29/wallets/2026.04.13/chainstate/chainstate/LOCK: Empty file
/home/mearvk/IdeaProjects/Java.Web.Server.Telnet.Front.Java.21/bitcoin/29/wallets/2026.04.13/blocks/blocks/.lock: Empty file
/home/mearvk/IdeaProjects/Java.Web.Server.Telnet.Front.Java.21/bitcoin/29/wallets/2026.04.13/blocks/blocks/index/000006.log: Empty file
/home/mearvk/IdeaProjects/Java.Web.Server.Telnet.Front.Java.21/bitcoin/29/wallets/2026.04.13/blocks/blocks/index/LOCK: Empty file
/home/mearvk/IdeaProjects/Java.Web.Server.Telnet.Front.Java.21/bitcoin/29/wallets/2026.04.13/blocks/blocks/rev00000.dat: Empty file
/home/mearvk/IdeaProjects/Java.Web.Server.Telnet.Front.Java.21/bitcoin/29/wallets/2026.04.26/chainstate/chainstate/000006.log: Empty file
/home/mearvk/IdeaProjects/Java.Web.Server.Telnet.Front.Java.21/bitcoin/29/wallets/2026.04.26/chainstate/chainstate/LOCK: Empty file
/home/mearvk/IdeaProjects/Java.Web.Server.Telnet.Front.Java.21/bitcoin/29/wallets/2026.04.26/blocks/blocks/.lock: Empty file
/home/mearvk/IdeaProjects/Java.Web.Server.Telnet.Front.Java.21/bitcoin/29/wallets/2026.04.26/blocks/blocks/index/000006.log: Empty file
/home/mearvk/IdeaProjects/Java.Web.Server.Telnet.Front.Java.21/bitcoin/29/wallets/2026.04.26/blocks/blocks/index/LOCK: Empty file
/home/mearvk/IdeaProjects/Java.Web.Server.Telnet.Front.Java.21/bitcoin/29/wallets/2026.04.26/blocks/blocks/rev00000.dat: Empty file
/home/mearvk/IdeaProjects/Java.Web.Server.Telnet.Front.Java.21/bitcoin/29/wallets/2026.04.24/chainstate/chainstate/000006.log: Empty file
/home/mearvk/IdeaProjects/Java.Web.Server.Telnet.Front.Java.21/bitcoin/29/wallets/2026.04.24/chainstate/chainstate/LOCK: Empty file
/home/mearvk/IdeaProjects/Java.Web.Server.Telnet.Front.Java.21/bitcoin/29/wallets/2026.04.24/blocks/blocks/.lock: Empty file
/home/mearvk/IdeaProjects/Java.Web.Server.Telnet.Front.Java.21/bitcoin/29/wallets/2026.04.24/blocks/blocks/index/000006.log: Empty file
/home/mearvk/IdeaProjects/Java.Web.Server.Telnet.Front.Java.21/bitcoin/29/wallets/2026.04.24/blocks/blocks/index/LOCK: Empty file
/home/mearvk/IdeaProjects/Java.Web.Server.Telnet.Front.Java.21/bitcoin/29/wallets/2026.04.24/blocks/blocks/rev00000.dat: Empty file
/home/mearvk/IdeaProjects/Java.Web.Server.Telnet.Front.Java.21/bitcoin/29/wallets/2026.05.02/chainstate/chainstate/000006.log: Empty file
/home/mearvk/IdeaProjects/Java.Web.Server.Telnet.Front.Java.21/bitcoin/29/wallets/2026.05.02/chainstate/chainstate/LOCK: Empty file
/home/mearvk/IdeaProjects/Java.Web.Server.Telnet.Front.Java.21/bitcoin/29/wallets/2026.05.02/blocks/blocks/.lock: Empty file
/home/mearvk/IdeaProjects/Java.Web.Server.Telnet.Front.Java.21/bitcoin/29/wallets/2026.05.02/blocks/blocks/index/000006.log: Empty file
/home/mearvk/IdeaProjects/Java.Web.Server.Telnet.Front.Java.21/bitcoin/29/wallets/2026.05.02/blocks/blocks/index/LOCK: Empty file
/home/mearvk/IdeaProjects/Java.Web.Server.Telnet.Front.Java.21/bitcoin/29/wallets/2026.05.02/blocks/blocks/rev00000.dat: Empty file
/home/mearvk/IdeaProjects/Java.Web.Server.Telnet.Front.Java.21/bitcoin/29/wallets/2026.04.23/chainstate/chainstate/000006.log: Empty file
/home/mearvk/IdeaProjects/Java.Web.Server.Telnet.Front.Java.21/bitcoin/29/wallets/2026.04.23/chainstate/chainstate/LOCK: Empty file
/home/mearvk/IdeaProjects/Java.Web.Server.Telnet.Front.Java.21/bitcoin/29/wallets/2026.04.23/blocks/blocks/.lock: Empty file
/home/mearvk/IdeaProjects/Java.Web.Server.Telnet.Front.Java.21/bitcoin/29/wallets/2026.04.23/blocks/blocks/index/000006.log: Empty file
/home/mearvk/IdeaProjects/Java.Web.Server.Telnet.Front.Java.21/bitcoin/29/wallets/2026.04.23/blocks/blocks/index/LOCK: Empty file
/home/mearvk/IdeaProjects/Java.Web.Server.Telnet.Front.Java.21/bitcoin/29/wallets/2026.04.23/blocks/blocks/rev00000.dat: Empty file
/home/mearvk/IdeaProjects/Java.Web.Server.Telnet.Front.Java.21/bitcoin/29/wallets/2026.05.04/chainstate/chainstate/000006.log: Empty file
/home/mearvk/IdeaProjects/Java.Web.Server.Telnet.Front.Java.21/bitcoin/29/wallets/2026.05.04/chainstate/chainstate/LOCK: Empty file
/home/mearvk/IdeaProjects/Java.Web.Server.Telnet.Front.Java.21/bitcoin/29/wallets/2026.05.04/blocks/blocks/.lock: Empty file
/home/mearvk/IdeaProjects/Java.Web.Server.Telnet.Front.Java.21/bitcoin/29/wallets/2026.05.04/blocks/blocks/index/000006.log: Empty file
/home/mearvk/IdeaProjects/Java.Web.Server.Telnet.Front.Java.21/bitcoin/29/wallets/2026.05.04/blocks/blocks/index/LOCK: Empty file
/home/mearvk/IdeaProjects/Java.Web.Server.Telnet.Front.Java.21/bitcoin/29/wallets/2026.05.04/blocks/blocks/rev00000.dat: Empty file
/home/mearvk/IdeaProjects/Java.Web.Server.Telnet.Front.Java.21/bitcoin/29/wallets/2026.04.10/chainstate/chainstate/LOCK: Empty file
/home/mearvk/IdeaProjects/Java.Web.Server.Telnet.Front.Java.21/bitcoin/29/wallets/2026.04.10/chainstate/chainstate/000009.log: Empty file
/home/mearvk/IdeaProjects/Java.Web.Server.Telnet.Front.Java.21/bitcoin/29/wallets/2026.04.03/chainstate/chainstate/000006.log: Empty file
/home/mearvk/IdeaProjects/Java.Web.Server.Telnet.Front.Java.21/bitcoin/29/wallets/2026.04.03/chainstate/chainstate/LOCK: Empty file
/home/mearvk/IdeaProjects/Java.Web.Server.Telnet.Front.Java.21/bitcoin/29/wallets/2026.04.03/blocks/blocks/.lock: Empty file
/home/mearvk/IdeaProjects/Java.Web.Server.Telnet.Front.Java.21/bitcoin/29/wallets/2026.04.03/blocks/blocks/index/000006.log: Empty file
/home/mearvk/IdeaProjects/Java.Web.Server.Telnet.Front.Java.21/bitcoin/29/wallets/2026.04.03/blocks/blocks/index/LOCK: Empty file
/home/mearvk/IdeaProjects/Java.Web.Server.Telnet.Front.Java.21/bitcoin/29/wallets/2026.04.03/blocks/blocks/rev00000.dat: Empty file
/home/mearvk/IdeaProjects/Java.Web.Server.Telnet.Front.Java.21/bitcoin/29/wallets/2026.04.17/chainstate/chainstate/000006.log: Empty file
/home/mearvk/IdeaProjects/Java.Web.Server.Telnet.Front.Java.21/bitcoin/29/wallets/2026.04.17/chainstate/chainstate/LOCK: Empty file
/home/mearvk/IdeaProjects/Java.Web.Server.Telnet.Front.Java.21/bitcoin/29/wallets/2026.04.17/blocks/blocks/.lock: Empty file
/home/mearvk/IdeaProjects/Java.Web.Server.Telnet.Front.Java.21/bitcoin/29/wallets/2026.04.17/blocks/blocks/index/000006.log: Empty file
/home/mearvk/IdeaProjects/Java.Web.Server.Telnet.Front.Java.21/bitcoin/29/wallets/2026.04.17/blocks/blocks/index/LOCK: Empty file
/home/mearvk/IdeaProjects/Java.Web.Server.Telnet.Front.Java.21/bitcoin/29/wallets/2026.04.17/blocks/blocks/rev00000.dat: Empty file
/home/mearvk/IdeaProjects/Java.Web.Server.Telnet.Front.Java.21/bitcoin/29/wallets/2026.03.28/chainstate/LOCK: Empty file
/home/mearvk/IdeaProjects/Java.Web.Server.Telnet.Front.Java.21/bitcoin/29/wallets/2026.03.28/blocks/.lock: Empty file
/home/mearvk/IdeaProjects/Java.Web.Server.Telnet.Front.Java.21/bitcoin/29/wallets/2026.03.28/blocks/index/LOCK: Empty file
/home/mearvk/IdeaProjects/Java.Web.Server.Telnet.Front.Java.21/bitcoin/29/wallets/2026.03.28/blocks/index/000003.log: Empty file
/home/mearvk/IdeaProjects/Java.Web.Server.Telnet.Front.Java.21/bitcoin/29/wallets/2026.04.18/chainstate/chainstate/000006.log: Empty file
/home/mearvk/IdeaProjects/Java.Web.Server.Telnet.Front.Java.21/bitcoin/29/wallets/2026.04.18/chainstate/chainstate/LOCK: Empty file
/home/mearvk/IdeaProjects/Java.Web.Server.Telnet.Front.Java.21/bitcoin/29/wallets/2026.04.18/blocks/blocks/.lock: Empty file
/home/mearvk/IdeaProjects/Java.Web.Server.Telnet.Front.Java.21/bitcoin/29/wallets/2026.04.18/blocks/blocks/index/000006.log: Empty file
/home/mearvk/IdeaProjects/Java.Web.Server.Telnet.Front.Java.21/bitcoin/29/wallets/2026.04.18/blocks/blocks/index/LOCK: Empty file
/home/mearvk/IdeaProjects/Java.Web.Server.Telnet.Front.Java.21/bitcoin/29/wallets/2026.04.18/blocks/blocks/rev00000.dat: Empty file
/home/mearvk/IdeaProjects/Java.Web.Server.Telnet.Front.Java.21/bitcoin/29/wallets/2026.04.28/chainstate/chainstate/000006.log: Empty file
/home/mearvk/IdeaProjects/Java.Web.Server.Telnet.Front.Java.21/bitcoin/29/wallets/2026.04.28/chainstate/chainstate/LOCK: Empty file
/home/mearvk/IdeaProjects/Java.Web.Server.Telnet.Front.Java.21/bitcoin/29/wallets/2026.04.28/blocks/blocks/.lock: Empty file
/home/mearvk/IdeaProjects/Java.Web.Server.Telnet.Front.Java.21/bitcoin/29/wallets/2026.04.28/blocks/blocks/index/000006.log: Empty file
/home/mearvk/IdeaProjects/Java.Web.Server.Telnet.Front.Java.21/bitcoin/29/wallets/2026.04.28/blocks/blocks/index/LOCK: Empty file
/home/mearvk/IdeaProjects/Java.Web.Server.Telnet.Front.Java.21/bitcoin/29/wallets/2026.04.28/blocks/blocks/rev00000.dat: Empty file
/home/mearvk/IdeaProjects/Java.Web.Server.Telnet.Front.Java.21/bitcoin/29/wallets/2026.04.22/chainstate/chainstate/000006.log: Empty file
/home/mearvk/IdeaProjects/Java.Web.Server.Telnet.Front.Java.21/bitcoin/29/wallets/2026.04.22/chainstate/chainstate/LOCK: Empty file
/home/mearvk/IdeaProjects/Java.Web.Server.Telnet.Front.Java.21/bitcoin/29/wallets/2026.04.22/blocks/blocks/.lock: Empty file
/home/mearvk/IdeaProjects/Java.Web.Server.Telnet.Front.Java.21/bitcoin/29/wallets/2026.04.22/blocks/blocks/index/000006.log: Empty file
/home/mearvk/IdeaProjects/Java.Web.Server.Telnet.Front.Java.21/bitcoin/29/wallets/2026.04.22/blocks/blocks/index/LOCK: Empty file
/home/mearvk/IdeaProjects/Java.Web.Server.Telnet.Front.Java.21/bitcoin/29/wallets/2026.04.22/blocks/blocks/rev00000.dat: Empty file
/home/mearvk/IdeaProjects/Java.Web.Server.Telnet.Front.Java.21/bitcoin/29/wallets/2026.04.04/chainstate/chainstate/000006.log: Empty file
/home/mearvk/IdeaProjects/Java.Web.Server.Telnet.Front.Java.21/bitcoin/29/wallets/2026.04.04/chainstate/chainstate/LOCK: Empty file
/home/mearvk/IdeaProjects/Java.Web.Server.Telnet.Front.Java.21/bitcoin/29/wallets/2026.04.04/blocks/blocks/.lock: Empty file
/home/mearvk/IdeaProjects/Java.Web.Server.Telnet.Front.Java.21/bitcoin/29/wallets/2026.04.04/blocks/blocks/index/000006.log: Empty file
/home/mearvk/IdeaProjects/Java.Web.Server.Telnet.Front.Java.21/bitcoin/29/wallets/2026.04.04/blocks/blocks/index/LOCK: Empty file
/home/mearvk/IdeaProjects/Java.Web.Server.Telnet.Front.Java.21/bitcoin/29/wallets/2026.04.04/blocks/blocks/rev00000.dat: Empty file
/home/mearvk/IdeaProjects/Java.Web.Server.Telnet.Front.Java.21/bitcoin/29/wallets/2026.04.11/chainstate/chainstate/000006.log: Empty file
/home/mearvk/IdeaProjects/Java.Web.Server.Telnet.Front.Java.21/bitcoin/29/wallets/2026.04.11/chainstate/chainstate/LOCK: Empty file
/home/mearvk/IdeaProjects/Java.Web.Server.Telnet.Front.Java.21/bitcoin/29/wallets/2026.04.11/blocks/blocks/.lock: Empty file
/home/mearvk/IdeaProjects/Java.Web.Server.Telnet.Front.Java.21/bitcoin/29/wallets/2026.04.11/blocks/blocks/index/000006.log: Empty file
/home/mearvk/IdeaProjects/Java.Web.Server.Telnet.Front.Java.21/bitcoin/29/wallets/2026.04.11/blocks/blocks/index/LOCK: Empty file
/home/mearvk/IdeaProjects/Java.Web.Server.Telnet.Front.Java.21/bitcoin/29/wallets/2026.04.11/blocks/blocks/rev00000.dat: Empty file
/home/mearvk/IdeaProjects/Java.Web.Server.Telnet.Front.Java.21/bitcoin/29/wallets/2026.05.01/chainstate/chainstate/LOCK: Empty file
/home/mearvk/IdeaProjects/Java.Web.Server.Telnet.Front.Java.21/bitcoin/29/wallets/2026.05.01/chainstate/chainstate/000012.log: Empty file
/home/mearvk/IdeaProjects/Java.Web.Server.Telnet.Front.Java.21/bitcoin/29/wallets/2026.04.27/chainstate/chainstate/000006.log: Empty file
/home/mearvk/IdeaProjects/Java.Web.Server.Telnet.Front.Java.21/bitcoin/29/wallets/2026.04.27/chainstate/chainstate/LOCK: Empty file
/home/mearvk/IdeaProjects/Java.Web.Server.Telnet.Front.Java.21/bitcoin/29/wallets/2026.04.27/blocks/blocks/.lock: Empty file
/home/mearvk/IdeaProjects/Java.Web.Server.Telnet.Front.Java.21/bitcoin/29/wallets/2026.04.27/blocks/blocks/index/000006.log: Empty file
/home/mearvk/IdeaProjects/Java.Web.Server.Telnet.Front.Java.21/bitcoin/29/wallets/2026.04.27/blocks/blocks/index/LOCK: Empty file
/home/mearvk/IdeaProjects/Java.Web.Server.Telnet.Front.Java.21/bitcoin/29/wallets/2026.04.27/blocks/blocks/rev00000.dat: Empty file
/home/mearvk/IdeaProjects/Java.Web.Server.Telnet.Front.Java.21/bitcoin/29/wallets/2026.04.21/blocks/blocks/.lock: Empty file
/home/mearvk/IdeaProjects/Java.Web.Server.Telnet.Front.Java.21/bitcoin/29/wallets/2026.04.21/blocks/blocks/index/000006.log: Empty file
/home/mearvk/IdeaProjects/Java.Web.Server.Telnet.Front.Java.21/bitcoin/29/wallets/2026.04.21/blocks/blocks/index/LOCK: Empty file
/home/mearvk/IdeaProjects/Java.Web.Server.Telnet.Front.Java.21/bitcoin/29/wallets/2026.04.21/blocks/blocks/rev00000.dat: Empty file
/home/mearvk/IdeaProjects/Java.Web.Server.Telnet.Front.Java.21/bitcoin/29/wallets/2026.04.29/chainstate/chainstate/000006.log: Empty file
/home/mearvk/IdeaProjects/Java.Web.Server.Telnet.Front.Java.21/bitcoin/29/wallets/2026.04.29/chainstate/chainstate/LOCK: Empty file
/home/mearvk/IdeaProjects/Java.Web.Server.Telnet.Front.Java.21/bitcoin/29/wallets/2026.04.29/blocks/blocks/.lock: Empty file
/home/mearvk/IdeaProjects/Java.Web.Server.Telnet.Front.Java.21/bitcoin/29/wallets/2026.04.29/blocks/blocks/index/000006.log: Empty file
/home/mearvk/IdeaProjects/Java.Web.Server.Telnet.Front.Java.21/bitcoin/29/wallets/2026.04.29/blocks/blocks/index/LOCK: Empty file
/home/mearvk/IdeaProjects/Java.Web.Server.Telnet.Front.Java.21/bitcoin/29/wallets/2026.04.29/blocks/blocks/rev00000.dat: Empty file
/home/mearvk/IdeaProjects/Java.Web.Server.Telnet.Front.Java.21/bitcoin/29/wallets/2026.05.05/blocks/blocks/.lock: Empty file
/home/mearvk/IdeaProjects/Java.Web.Server.Telnet.Front.Java.21/bitcoin/29/wallets/2026.05.05/blocks/blocks/index/000006.log: Empty file
/home/mearvk/IdeaProjects/Java.Web.Server.Telnet.Front.Java.21/bitcoin/29/wallets/2026.05.05/blocks/blocks/index/LOCK: Empty file
/home/mearvk/IdeaProjects/Java.Web.Server.Telnet.Front.Java.21/bitcoin/29/wallets/2026.05.05/blocks/blocks/rev00000.dat: Empty file
/home/mearvk/IdeaProjects/Java.Web.Server.Telnet.Front.Java.21/bitcoin/29/wallets/2026.04.20/chainstate/chainstate/000006.log: Empty file
/home/mearvk/IdeaProjects/Java.Web.Server.Telnet.Front.Java.21/bitcoin/29/wallets/2026.04.20/chainstate/chainstate/LOCK: Empty file
/home/mearvk/IdeaProjects/Java.Web.Server.Telnet.Front.Java.21/bitcoin/29/wallets/2026.04.20/blocks/blocks/.lock: Empty file
/home/mearvk/IdeaProjects/Java.Web.Server.Telnet.Front.Java.21/bitcoin/29/wallets/2026.04.20/blocks/blocks/index/000006.log: Empty file
/home/mearvk/IdeaProjects/Java.Web.Server.Telnet.Front.Java.21/bitcoin/29/wallets/2026.04.20/blocks/blocks/index/LOCK: Empty file
/home/mearvk/IdeaProjects/Java.Web.Server.Telnet.Front.Java.21/bitcoin/29/wallets/2026.04.20/blocks/blocks/rev00000.dat: Empty file
/home/mearvk/IdeaProjects/Java.Web.Server.Telnet.Front.Java.21/bitcoin/29/wallets/2026.04.19/chainstate/chainstate/000006.log: Empty file
/home/mearvk/IdeaProjects/Java.Web.Server.Telnet.Front.Java.21/bitcoin/29/wallets/2026.04.19/chainstate/chainstate/LOCK: Empty file
/home/mearvk/IdeaProjects/Java.Web.Server.Telnet.Front.Java.21/bitcoin/29/wallets/2026.04.05/chainstate/chainstate/000006.log: Empty file
/home/mearvk/IdeaProjects/Java.Web.Server.Telnet.Front.Java.21/bitcoin/29/wallets/2026.04.05/chainstate/chainstate/LOCK: Empty file
/home/mearvk/IdeaProjects/Java.Web.Server.Telnet.Front.Java.21/bitcoin/29/wallets/2026.04.05/blocks/blocks/.lock: Empty file
/home/mearvk/IdeaProjects/Java.Web.Server.Telnet.Front.Java.21/bitcoin/29/wallets/2026.04.05/blocks/blocks/index/000006.log: Empty file
/home/mearvk/IdeaProjects/Java.Web.Server.Telnet.Front.Java.21/bitcoin/29/wallets/2026.04.05/blocks/blocks/index/LOCK: Empty file
/home/mearvk/IdeaProjects/Java.Web.Server.Telnet.Front.Java.21/bitcoin/29/wallets/2026.04.05/blocks/blocks/rev00000.dat: Empty file
/home/mearvk/IdeaProjects/Java.Web.Server.Telnet.Front.Java.21/bitcoin/29/wallets/2026.05.03/chainstate/chainstate/000006.log: Empty file
/home/mearvk/IdeaProjects/Java.Web.Server.Telnet.Front.Java.21/bitcoin/29/wallets/2026.05.03/chainstate/chainstate/LOCK: Empty file
/home/mearvk/IdeaProjects/Java.Web.Server.Telnet.Front.Java.21/bitcoin/29/wallets/2026.04.14/blocks/blocks/.lock: Empty file
/home/mearvk/IdeaProjects/Java.Web.Server.Telnet.Front.Java.21/bitcoin/29/wallets/2026.04.14/blocks/blocks/index/000006.log: Empty file
/home/mearvk/IdeaProjects/Java.Web.Server.Telnet.Front.Java.21/bitcoin/29/wallets/2026.04.14/blocks/blocks/index/LOCK: Empty file
/home/mearvk/IdeaProjects/Java.Web.Server.Telnet.Front.Java.21/bitcoin/29/wallets/2026.04.14/blocks/blocks/rev00000.dat: Empty file
/home/mearvk/IdeaProjects/Java.Web.Server.Telnet.Front.Java.21/bitcoin/29/wallets/2026.04.30/chainstate/chainstate/000006.log: Empty file
/home/mearvk/IdeaProjects/Java.Web.Server.Telnet.Front.Java.21/bitcoin/29/wallets/2026.04.30/chainstate/chainstate/LOCK: Empty file
/home/mearvk/IdeaProjects/Java.Web.Server.Telnet.Front.Java.21/bitcoin/29/wallets/2026.04.30/blocks/blocks/.lock: Empty file
/home/mearvk/IdeaProjects/Java.Web.Server.Telnet.Front.Java.21/bitcoin/29/wallets/2026.04.30/blocks/blocks/index/000006.log: Empty file
/home/mearvk/IdeaProjects/Java.Web.Server.Telnet.Front.Java.21/bitcoin/29/wallets/2026.04.30/blocks/blocks/index/LOCK: Empty file
/home/mearvk/IdeaProjects/Java.Web.Server.Telnet.Front.Java.21/bitcoin/29/wallets/2026.04.30/blocks/blocks/rev00000.dat: Empty file
/home/mearvk/IdeaProjects/Java.Web.Server.Telnet.Front.Java.21/bitcoin/26/wallets/2026.04.12/chainstate/000016.log: Empty file
/home/mearvk/IdeaProjects/Java.Web.Server.Telnet.Front.Java.21/bitcoin/26/wallets/2026.04.12/chainstate/LOCK: Empty file
/home/mearvk/IdeaProjects/Java.Web.Server.Telnet.Front.Java.21/bitcoin/26/wallets/2026.04.12/blocks/blocks/index/LOCK: Empty file
/home/mearvk/IdeaProjects/Java.Web.Server.Telnet.Front.Java.21/bitcoin/26/wallets/2026.04.12/blocks/blocks/index/000009.log: Empty file
/home/mearvk/IdeaProjects/Java.Web.Server.Telnet.Front.Java.21/bitcoin/26/wallets/2026.04.13/chainstate/000016.log: Empty file
/home/mearvk/IdeaProjects/Java.Web.Server.Telnet.Front.Java.21/bitcoin/26/wallets/2026.04.13/chainstate/LOCK: Empty file
/home/mearvk/IdeaProjects/Java.Web.Server.Telnet.Front.Java.21/bitcoin/26/wallets/2026.04.13/blocks/index/LOCK: Empty file
/home/mearvk/IdeaProjects/Java.Web.Server.Telnet.Front.Java.21/bitcoin/26/wallets/2026.04.13/blocks/index/000009.log: Empty file
/home/mearvk/IdeaProjects/Java.Web.Server.Telnet.Front.Java.21/bitcoin/26/wallets/2026.04.26/chainstate/chainstate/000016.log: Empty file
/home/mearvk/IdeaProjects/Java.Web.Server.Telnet.Front.Java.21/bitcoin/26/wallets/2026.04.26/chainstate/chainstate/LOCK: Empty file
/home/mearvk/IdeaProjects/Java.Web.Server.Telnet.Front.Java.21/bitcoin/26/wallets/2026.04.26/blocks/blocks/index/LOCK: Empty file
/home/mearvk/IdeaProjects/Java.Web.Server.Telnet.Front.Java.21/bitcoin/26/wallets/2026.04.26/blocks/blocks/index/000009.log: Empty file
/home/mearvk/IdeaProjects/Java.Web.Server.Telnet.Front.Java.21/bitcoin/26/wallets/2026.04.24/chainstate/000016.log: Empty file
/home/mearvk/IdeaProjects/Java.Web.Server.Telnet.Front.Java.21/bitcoin/26/wallets/2026.04.24/chainstate/LOCK: Empty file
/home/mearvk/IdeaProjects/Java.Web.Server.Telnet.Front.Java.21/bitcoin/26/wallets/2026.04.24/blocks/index/LOCK: Empty file
/home/mearvk/IdeaProjects/Java.Web.Server.Telnet.Front.Java.21/bitcoin/26/wallets/2026.04.24/blocks/index/000009.log: Empty file
/home/mearvk/IdeaProjects/Java.Web.Server.Telnet.Front.Java.21/bitcoin/26/wallets/2026.05.02/chainstate/000016.log: Empty file
/home/mearvk/IdeaProjects/Java.Web.Server.Telnet.Front.Java.21/bitcoin/26/wallets/2026.05.02/chainstate/LOCK: Empty file
/home/mearvk/IdeaProjects/Java.Web.Server.Telnet.Front.Java.21/bitcoin/26/wallets/2026.05.02/blocks/index/LOCK: Empty file
/home/mearvk/IdeaProjects/Java.Web.Server.Telnet.Front.Java.21/bitcoin/26/wallets/2026.05.02/blocks/index/000009.log: Empty file
/home/mearvk/IdeaProjects/Java.Web.Server.Telnet.Front.Java.21/bitcoin/26/wallets/2026.04.23/chainstate/chainstate/000016.log: Empty file
/home/mearvk/IdeaProjects/Java.Web.Server.Telnet.Front.Java.21/bitcoin/26/wallets/2026.04.23/chainstate/chainstate/LOCK: Empty file
/home/mearvk/IdeaProjects/Java.Web.Server.Telnet.Front.Java.21/bitcoin/26/wallets/2026.04.23/blocks/index/LOCK: Empty file
/home/mearvk/IdeaProjects/Java.Web.Server.Telnet.Front.Java.21/bitcoin/26/wallets/2026.04.23/blocks/index/000009.log: Empty file
/home/mearvk/IdeaProjects/Java.Web.Server.Telnet.Front.Java.21/bitcoin/26/wallets/2026.05.04/chainstate/000016.log: Empty file
/home/mearvk/IdeaProjects/Java.Web.Server.Telnet.Front.Java.21/bitcoin/26/wallets/2026.05.04/chainstate/LOCK: Empty file
/home/mearvk/IdeaProjects/Java.Web.Server.Telnet.Front.Java.21/bitcoin/26/wallets/2026.05.04/blocks/index/LOCK: Empty file
/home/mearvk/IdeaProjects/Java.Web.Server.Telnet.Front.Java.21/bitcoin/26/wallets/2026.05.04/blocks/index/000009.log: Empty file
/home/mearvk/IdeaProjects/Java.Web.Server.Telnet.Front.Java.21/bitcoin/26/wallets/2026.04.10/chainstate/000026.log: Empty file
/home/mearvk/IdeaProjects/Java.Web.Server.Telnet.Front.Java.21/bitcoin/26/wallets/2026.04.10/chainstate/LOCK: Empty file
/home/mearvk/IdeaProjects/Java.Web.Server.Telnet.Front.Java.21/bitcoin/26/wallets/2026.04.10/blocks/index/000014.log: Empty file
/home/mearvk/IdeaProjects/Java.Web.Server.Telnet.Front.Java.21/bitcoin/26/wallets/2026.04.10/blocks/index/LOCK: Empty file
/home/mearvk/IdeaProjects/Java.Web.Server.Telnet.Front.Java.21/bitcoin/26/wallets/2026.04.03/chainstate/chainstate/000016.log: Empty file
/home/mearvk/IdeaProjects/Java.Web.Server.Telnet.Front.Java.21/bitcoin/26/wallets/2026.04.03/chainstate/chainstate/LOCK: Empty file
/home/mearvk/IdeaProjects/Java.Web.Server.Telnet.Front.Java.21/bitcoin/26/wallets/2026.04.03/blocks/blocks/index/LOCK: Empty file
/home/mearvk/IdeaProjects/Java.Web.Server.Telnet.Front.Java.21/bitcoin/26/wallets/2026.04.03/blocks/blocks/index/000009.log: Empty file
/home/mearvk/IdeaProjects/Java.Web.Server.Telnet.Front.Java.21/bitcoin/26/wallets/2026.04.17/chainstate/000016.log: Empty file
/home/mearvk/IdeaProjects/Java.Web.Server.Telnet.Front.Java.21/bitcoin/26/wallets/2026.04.17/chainstate/LOCK: Empty file
/home/mearvk/IdeaProjects/Java.Web.Server.Telnet.Front.Java.21/bitcoin/26/wallets/2026.04.17/blocks/index/LOCK: Empty file
/home/mearvk/IdeaProjects/Java.Web.Server.Telnet.Front.Java.21/bitcoin/26/wallets/2026.04.17/blocks/index/000009.log: Empty file
/home/mearvk/IdeaProjects/Java.Web.Server.Telnet.Front.Java.21/bitcoin/26/wallets/2026.04.18/chainstate/000016.log: Empty file
/home/mearvk/IdeaProjects/Java.Web.Server.Telnet.Front.Java.21/bitcoin/26/wallets/2026.04.18/chainstate/LOCK: Empty file
/home/mearvk/IdeaProjects/Java.Web.Server.Telnet.Front.Java.21/bitcoin/26/wallets/2026.04.18/blocks/index/LOCK: Empty file
/home/mearvk/IdeaProjects/Java.Web.Server.Telnet.Front.Java.21/bitcoin/26/wallets/2026.04.18/blocks/index/000009.log: Empty file
/home/mearvk/IdeaProjects/Java.Web.Server.Telnet.Front.Java.21/bitcoin/26/wallets/2026.04.28/chainstate/chainstate/000016.log: Empty file
/home/mearvk/IdeaProjects/Java.Web.Server.Telnet.Front.Java.21/bitcoin/26/wallets/2026.04.28/chainstate/chainstate/LOCK: Empty file
/home/mearvk/IdeaProjects/Java.Web.Server.Telnet.Front.Java.21/bitcoin/26/wallets/2026.04.28/blocks/index/LOCK: Empty file
/home/mearvk/IdeaProjects/Java.Web.Server.Telnet.Front.Java.21/bitcoin/26/wallets/2026.04.28/blocks/index/000009.log: Empty file
/home/mearvk/IdeaProjects/Java.Web.Server.Telnet.Front.Java.21/bitcoin/26/wallets/2026.04.25/chainstate/000016.log: Empty file
/home/mearvk/IdeaProjects/Java.Web.Server.Telnet.Front.Java.21/bitcoin/26/wallets/2026.04.25/chainstate/LOCK: Empty file
/home/mearvk/IdeaProjects/Java.Web.Server.Telnet.Front.Java.21/bitcoin/26/wallets/2026.04.25/blocks/index/LOCK: Empty file
/home/mearvk/IdeaProjects/Java.Web.Server.Telnet.Front.Java.21/bitcoin/26/wallets/2026.04.25/blocks/index/000009.log: Empty file
/home/mearvk/IdeaProjects/Java.Web.Server.Telnet.Front.Java.21/bitcoin/26/wallets/2026.04.22/chainstate/000016.log: Empty file
/home/mearvk/IdeaProjects/Java.Web.Server.Telnet.Front.Java.21/bitcoin/26/wallets/2026.04.22/chainstate/LOCK: Empty file
/home/mearvk/IdeaProjects/Java.Web.Server.Telnet.Front.Java.21/bitcoin/26/wallets/2026.04.22/blocks/index/LOCK: Empty file
/home/mearvk/IdeaProjects/Java.Web.Server.Telnet.Front.Java.21/bitcoin/26/wallets/2026.04.22/blocks/index/000009.log: Empty file
/home/mearvk/IdeaProjects/Java.Web.Server.Telnet.Front.Java.21/bitcoin/26/wallets/2026.04.04/chainstate/chainstate/000016.log: Empty file
/home/mearvk/IdeaProjects/Java.Web.Server.Telnet.Front.Java.21/bitcoin/26/wallets/2026.04.04/chainstate/chainstate/LOCK: Empty file
/home/mearvk/IdeaProjects/Java.Web.Server.Telnet.Front.Java.21/bitcoin/26/wallets/2026.04.04/blocks/blocks/index/LOCK: Empty file
/home/mearvk/IdeaProjects/Java.Web.Server.Telnet.Front.Java.21/bitcoin/26/wallets/2026.04.04/blocks/blocks/index/000009.log: Empty file
/home/mearvk/IdeaProjects/Java.Web.Server.Telnet.Front.Java.21/bitcoin/26/wallets/2026.04.09/chainstate/chainstate/000028.log: Empty file
/home/mearvk/IdeaProjects/Java.Web.Server.Telnet.Front.Java.21/bitcoin/26/wallets/2026.04.09/chainstate/chainstate/LOCK: Empty file
/home/mearvk/IdeaProjects/Java.Web.Server.Telnet.Front.Java.21/bitcoin/26/wallets/2026.04.09/blocks/blocks/index/000016.log: Empty file
/home/mearvk/IdeaProjects/Java.Web.Server.Telnet.Front.Java.21/bitcoin/26/wallets/2026.04.09/blocks/blocks/index/LOCK: Empty file
/home/mearvk/IdeaProjects/Java.Web.Server.Telnet.Front.Java.21/bitcoin/26/wallets/2026.04.11/chainstate/chainstate/000016.log: Empty file
/home/mearvk/IdeaProjects/Java.Web.Server.Telnet.Front.Java.21/bitcoin/26/wallets/2026.04.11/chainstate/chainstate/LOCK: Empty file
/home/mearvk/IdeaProjects/Java.Web.Server.Telnet.Front.Java.21/bitcoin/26/wallets/2026.04.11/blocks/blocks/index/LOCK: Empty file
/home/mearvk/IdeaProjects/Java.Web.Server.Telnet.Front.Java.21/bitcoin/26/wallets/2026.04.11/blocks/blocks/index/000009.log: Empty file
/home/mearvk/IdeaProjects/Java.Web.Server.Telnet.Front.Java.21/bitcoin/26/wallets/2026.05.01/chainstate/LOCK: Empty file
/home/mearvk/IdeaProjects/Java.Web.Server.Telnet.Front.Java.21/bitcoin/26/wallets/2026.05.01/chainstate/000036.log: Empty file
/home/mearvk/IdeaProjects/Java.Web.Server.Telnet.Front.Java.21/bitcoin/26/wallets/2026.05.01/blocks/index/LOCK: Empty file
/home/mearvk/IdeaProjects/Java.Web.Server.Telnet.Front.Java.21/bitcoin/26/wallets/2026.05.01/blocks/index/000021.log: Empty file
/home/mearvk/IdeaProjects/Java.Web.Server.Telnet.Front.Java.21/bitcoin/26/wallets/2026.04.27/chainstate/000016.log: Empty file
/home/mearvk/IdeaProjects/Java.Web.Server.Telnet.Front.Java.21/bitcoin/26/wallets/2026.04.27/chainstate/LOCK: Empty file
/home/mearvk/IdeaProjects/Java.Web.Server.Telnet.Front.Java.21/bitcoin/26/wallets/2026.04.27/blocks/index/LOCK: Empty file
/home/mearvk/IdeaProjects/Java.Web.Server.Telnet.Front.Java.21/bitcoin/26/wallets/2026.04.27/blocks/index/000009.log: Empty file
/home/mearvk/IdeaProjects/Java.Web.Server.Telnet.Front.Java.21/bitcoin/26/wallets/2026.04.15/chainstate/000016.log: Empty file
/home/mearvk/IdeaProjects/Java.Web.Server.Telnet.Front.Java.21/bitcoin/26/wallets/2026.04.15/chainstate/LOCK: Empty file
/home/mearvk/IdeaProjects/Java.Web.Server.Telnet.Front.Java.21/bitcoin/26/wallets/2026.04.15/blocks/index/LOCK: Empty file
/home/mearvk/IdeaProjects/Java.Web.Server.Telnet.Front.Java.21/bitcoin/26/wallets/2026.04.15/blocks/index/000009.log: Empty file
/home/mearvk/IdeaProjects/Java.Web.Server.Telnet.Front.Java.21/bitcoin/26/wallets/2026.04.21/chainstate/000016.log: Empty file
/home/mearvk/IdeaProjects/Java.Web.Server.Telnet.Front.Java.21/bitcoin/26/wallets/2026.04.21/chainstate/LOCK: Empty file
/home/mearvk/IdeaProjects/Java.Web.Server.Telnet.Front.Java.21/bitcoin/26/wallets/2026.04.21/blocks/index/LOCK: Empty file
/home/mearvk/IdeaProjects/Java.Web.Server.Telnet.Front.Java.21/bitcoin/26/wallets/2026.04.21/blocks/index/000009.log: Empty file
/home/mearvk/IdeaProjects/Java.Web.Server.Telnet.Front.Java.21/bitcoin/26/wallets/2026.04.29/chainstate/chainstate/000016.log: Empty file
/home/mearvk/IdeaProjects/Java.Web.Server.Telnet.Front.Java.21/bitcoin/26/wallets/2026.04.29/chainstate/chainstate/LOCK: Empty file
/home/mearvk/IdeaProjects/Java.Web.Server.Telnet.Front.Java.21/bitcoin/26/wallets/2026.04.29/blocks/index/LOCK: Empty file
/home/mearvk/IdeaProjects/Java.Web.Server.Telnet.Front.Java.21/bitcoin/26/wallets/2026.04.29/blocks/index/000009.log: Empty file
/home/mearvk/IdeaProjects/Java.Web.Server.Telnet.Front.Java.21/bitcoin/26/wallets/2026.05.05/chainstate/000016.log: Empty file
/home/mearvk/IdeaProjects/Java.Web.Server.Telnet.Front.Java.21/bitcoin/26/wallets/2026.05.05/chainstate/LOCK: Empty file
/home/mearvk/IdeaProjects/Java.Web.Server.Telnet.Front.Java.21/bitcoin/26/wallets/2026.05.05/blocks/index/LOCK: Empty file
/home/mearvk/IdeaProjects/Java.Web.Server.Telnet.Front.Java.21/bitcoin/26/wallets/2026.05.05/blocks/index/000009.log: Empty file
/home/mearvk/IdeaProjects/Java.Web.Server.Telnet.Front.Java.21/bitcoin/26/wallets/2026.04.20/chainstate/000016.log: Empty file
/home/mearvk/IdeaProjects/Java.Web.Server.Telnet.Front.Java.21/bitcoin/26/wallets/2026.04.20/chainstate/LOCK: Empty file
/home/mearvk/IdeaProjects/Java.Web.Server.Telnet.Front.Java.21/bitcoin/26/wallets/2026.04.20/blocks/index/LOCK: Empty file
/home/mearvk/IdeaProjects/Java.Web.Server.Telnet.Front.Java.21/bitcoin/26/wallets/2026.04.20/blocks/index/000009.log: Empty file
/home/mearvk/IdeaProjects/Java.Web.Server.Telnet.Front.Java.21/bitcoin/26/wallets/2026.04.19/chainstate/chainstate/000016.log: Empty file
/home/mearvk/IdeaProjects/Java.Web.Server.Telnet.Front.Java.21/bitcoin/26/wallets/2026.04.19/chainstate/chainstate/LOCK: Empty file
/home/mearvk/IdeaProjects/Java.Web.Server.Telnet.Front.Java.21/bitcoin/26/wallets/2026.04.19/blocks/index/LOCK: Empty file
/home/mearvk/IdeaProjects/Java.Web.Server.Telnet.Front.Java.21/bitcoin/26/wallets/2026.04.19/blocks/index/000009.log: Empty file
/home/mearvk/IdeaProjects/Java.Web.Server.Telnet.Front.Java.21/bitcoin/26/wallets/2026.04.05/chainstate/chainstate/000016.log: Empty file
/home/mearvk/IdeaProjects/Java.Web.Server.Telnet.Front.Java.21/bitcoin/26/wallets/2026.04.05/chainstate/chainstate/LOCK: Empty file
/home/mearvk/IdeaProjects/Java.Web.Server.Telnet.Front.Java.21/bitcoin/26/wallets/2026.04.05/blocks/blocks/index/LOCK: Empty file
/home/mearvk/IdeaProjects/Java.Web.Server.Telnet.Front.Java.21/bitcoin/26/wallets/2026.04.05/blocks/blocks/index/000009.log: Empty file
/home/mearvk/IdeaProjects/Java.Web.Server.Telnet.Front.Java.21/bitcoin/26/wallets/2026.05.03/chainstate/000016.log: Empty file
/home/mearvk/IdeaProjects/Java.Web.Server.Telnet.Front.Java.21/bitcoin/26/wallets/2026.05.03/chainstate/LOCK: Empty file
/home/mearvk/IdeaProjects/Java.Web.Server.Telnet.Front.Java.21/bitcoin/26/wallets/2026.05.03/blocks/index/LOCK: Empty file
/home/mearvk/IdeaProjects/Java.Web.Server.Telnet.Front.Java.21/bitcoin/26/wallets/2026.05.03/blocks/index/000009.log: Empty file
/home/mearvk/IdeaProjects/Java.Web.Server.Telnet.Front.Java.21/bitcoin/26/wallets/2026.04.14/chainstate/000016.log: Empty file
/home/mearvk/IdeaProjects/Java.Web.Server.Telnet.Front.Java.21/bitcoin/26/wallets/2026.04.14/chainstate/LOCK: Empty file
/home/mearvk/IdeaProjects/Java.Web.Server.Telnet.Front.Java.21/bitcoin/26/wallets/2026.04.14/blocks/index/LOCK: Empty file
/home/mearvk/IdeaProjects/Java.Web.Server.Telnet.Front.Java.21/bitcoin/26/wallets/2026.04.14/blocks/index/000009.log: Empty file
/home/mearvk/IdeaProjects/Java.Web.Server.Telnet.Front.Java.21/bitcoin/26/wallets/2026.04.30/chainstate/chainstate/000016.log: Empty file
/home/mearvk/IdeaProjects/Java.Web.Server.Telnet.Front.Java.21/bitcoin/26/wallets/2026.04.30/chainstate/chainstate/LOCK: Empty file
/home/mearvk/IdeaProjects/Java.Web.Server.Telnet.Front.Java.21/bitcoin/26/wallets/2026.04.30/blocks/index/LOCK: Empty file
/home/mearvk/IdeaProjects/Java.Web.Server.Telnet.Front.Java.21/bitcoin/26/wallets/2026.04.30/blocks/index/000009.log: Empty file
/home/mearvk/IdeaProjects/Java.Web.Server.Telnet.Front.Java.21/bitcoin/binary/getaddressinfo.sh: Empty file
/home/mearvk/IdeaProjects/Java.Web.Server.Telnet.Front.Java.21/bitcoin/binary/unloadwallet.sh: Empty file
/home/mearvk/IdeaProjects/Java.Web.Server.Telnet.Front.Java.21/bitcoin/binary/createwallet.sh: Empty file
/home/mearvk/IdeaProjects/Java.Web.Server.Telnet.Front.Java.21/bitcoin/binary/fieldstrip.sh: Empty file
/home/mearvk/IdeaProjects/Java.Web.Server.Telnet.Front.Java.21/bitcoin/binary/getbalance.sh: Empty file
/home/mearvk/IdeaProjects/Java.Web.Server.Telnet.Front.Java.21/bitcoin/binary/start.sh: Empty file
/home/mearvk/IdeaProjects/Java.Web.Server.Telnet.Front.Java.21/bitcoin/binary/getblockchaininfo.sh: Empty file
/home/mearvk/IdeaProjects/Java.Web.Server.Telnet.Front.Java.21/bitcoin/binary/createwallettransaction.sh: Empty file
/home/mearvk/IdeaProjects/Java.Web.Server.Telnet.Front.Java.21/bitcoin/binary/blockcount.sh: Empty file
/home/mearvk/IdeaProjects/Java.Web.Server.Telnet.Front.Java.21/bitcoin/binary/getwalletinfo.sh: Empty file
/home/mearvk/IdeaProjects/Java.Web.Server.Telnet.Front.Java.21/bitcoin/binary/autogen.sh: Empty file
/home/mearvk/IdeaProjects/Java.Web.Server.Telnet.Front.Java.21/bitcoin/binary/getnewaddress.sh: Empty file
/home/mearvk/IdeaProjects/Java.Web.Server.Telnet.Front.Java.21/bitcoin/binary/bitcoin-util: Empty file
/home/mearvk/IdeaProjects/Java.Web.Server.Telnet.Front.Java.21/bitcoin/binary/listwallet.sh: Empty file
/home/mearvk/IdeaProjects/Java.Web.Server.Telnet.Front.Java.21/bitcoin/binary/bitcoin-tx: Empty file
/home/mearvk/IdeaProjects/Java.Web.Server.Telnet.Front.Java.21/bitcoin/binary/US.Main.1000.sh: Empty file
/home/mearvk/IdeaProjects/Java.Web.Server.Telnet.Front.Java.21/bitcoin/binary/blockgen.sh: Empty file
/home/mearvk/IdeaProjects/Java.Web.Server.Telnet.Front.Java.21/bitcoin/binary/stop.sh: Empty file
/home/mearvk/IdeaProjects/Java.Web.Server.Telnet.Front.Java.21/bitcoin/binary/getnewwalletaddress.sh: Empty file
/home/mearvk/IdeaProjects/Java.Web.Server.Telnet.Front.Java.21/bitcoin/binary/bitcoin-cli: Empty file
/home/mearvk/IdeaProjects/Java.Web.Server.Telnet.Front.Java.21/bitcoin/binary/heartbeat.sh: Empty file
/home/mearvk/IdeaProjects/Java.Web.Server.Telnet.Front.Java.21/.git/logs/refs/remotes/origin/us.master: Empty file
/home/mearvk/IdeaProjects/Java.Web.Server.Telnet.Front.Java.21/sources/build.make.md: Empty file
/home/mearvk/IdeaProjects/Java.Web.Server.Telnet.Front.Java.21/jars/nintendo/Capcom System I/wofu.zip: Empty file
/home/mearvk/IdeaProjects/Java.Web.Server.Telnet.Front.Java.21/jars/nintendo/Capcom System I/unsquad.zip: Empty file
/home/mearvk/IdeaProjects/Java.Web.Server.Telnet.Front.Java.21/jars/nintendo/Capcom System I/willow.zip: Empty file
/home/mearvk/IdeaProjects/Java.Web.Server.Telnet.Front.Java.21/jars/nintendo/Capcom System I/strider.zip: Empty file
/home/mearvk/IdeaProjects/Java.Web.Server.Telnet.Front.Java.21/jars/nintendo/Capcom System I/punishru.zip: Empty file
/home/mearvk/IdeaProjects/Java.Web.Server.Telnet.Front.Java.21/jars/nintendo/Capcom System I/varthu.zip: Empty file
/home/mearvk/IdeaProjects/Java.Web.Server.Telnet.Front.Java.21/jars/nintendo/Capcom System I/megaman/rcm_13.rom: Empty file
/home/mearvk/IdeaProjects/Java.Web.Server.Telnet.Front.Java.21/jars/nintendo/Capcom System I/megaman/rcm_19.rom: Empty file
/home/mearvk/IdeaProjects/Java.Web.Server.Telnet.Front.Java.21/jars/nintendo/Capcom System I/megaman/rcm_17.rom: Empty file
/home/mearvk/IdeaProjects/Java.Web.Server.Telnet.Front.Java.21/jars/nintendo/Capcom System I/megaman/rcm_08.rom: Empty file
/home/mearvk/IdeaProjects/Java.Web.Server.Telnet.Front.Java.21/jars/nintendo/Capcom System I/megaman/rcma_21a.rom: Empty file
/home/mearvk/IdeaProjects/Java.Web.Server.Telnet.Front.Java.21/jars/nintendo/Capcom System I/megaman/rcm_11.rom: Empty file
/home/mearvk/IdeaProjects/Java.Web.Server.Telnet.Front.Java.21/jars/nintendo/Capcom System I/megaman/rcma_23b.rom: Empty file
/home/mearvk/IdeaProjects/Java.Web.Server.Telnet.Front.Java.21/jars/nintendo/Capcom System I/megaman/rcm_10.rom: Empty file
/home/mearvk/IdeaProjects/Java.Web.Server.Telnet.Front.Java.21/jars/nintendo/Capcom System I/megaman/rcm_02.rom: Empty file
/home/mearvk/IdeaProjects/Java.Web.Server.Telnet.Front.Java.21/jars/nintendo/Capcom System I/megaman/rcm_16.rom: Empty file
/home/mearvk/IdeaProjects/Java.Web.Server.Telnet.Front.Java.21/jars/nintendo/Capcom System I/megaman/readme.html: Empty file
/home/mearvk/IdeaProjects/Java.Web.Server.Telnet.Front.Java.21/jars/nintendo/Capcom System I/megaman/rcm_03.rom: Empty file
/home/mearvk/IdeaProjects/Java.Web.Server.Telnet.Front.Java.21/jars/nintendo/Capcom System I/megaman/rcm_05.rom: Empty file
/home/mearvk/IdeaProjects/Java.Web.Server.Telnet.Front.Java.21/jars/nintendo/Capcom System I/megaman/rcma_22b.rom: Empty file
/home/mearvk/IdeaProjects/Java.Web.Server.Telnet.Front.Java.21/jars/nintendo/Capcom System I/megaman/rcm_09.rom: Empty file
/home/mearvk/IdeaProjects/Java.Web.Server.Telnet.Front.Java.21/jars/nintendo/Capcom System I/megaman/rcm_07.rom: Empty file
/home/mearvk/IdeaProjects/Java.Web.Server.Telnet.Front.Java.21/jars/nintendo/Capcom System I/megaman/rcm_12.rom: Empty file
/home/mearvk/IdeaProjects/Java.Web.Server.Telnet.Front.Java.21/jars/nintendo/Capcom System I/megaman/rcm_06.rom: Empty file
/home/mearvk/IdeaProjects/Java.Web.Server.Telnet.Front.Java.21/jars/nintendo/Capcom System I/megaman/rcm_14.rom: Empty file
/home/mearvk/IdeaProjects/Java.Web.Server.Telnet.Front.Java.21/jars/nintendo/Capcom System I/megaman/rcm_15.rom: Empty file
/home/mearvk/IdeaProjects/Java.Web.Server.Telnet.Front.Java.21/jars/nintendo/Capcom System I/megaman/rcm_18.rom: Empty file
/home/mearvk/IdeaProjects/Java.Web.Server.Telnet.Front.Java.21/jars/nintendo/Capcom System I/megaman/rcm_04.rom: Empty file
/home/mearvk/IdeaProjects/Java.Web.Server.Telnet.Front.Java.21/jars/nintendo/Capcom System I/megaman/rcm_01.rom: Empty file
/home/mearvk/IdeaProjects/Java.Web.Server.Telnet.Front.Java.21/jars/nintendo/Capcom System I/nemo.zip: Empty file LibClamAV Warning: **************************************************
LibClamAV Warning: ***  The virus database is older than 7 days!  ***
LibClamAV Warning: ***   Please update it as soon as possible.    ***
LibClamAV Warning: **************************************************
[2026-06-15T19:29:11.279601737] freshclam update (exit=10)
ClamAV update process started at Mon Jun 15 19:29:11 2026
ERROR: Can't create temporary directory /usr/local/share/clamav/tmp.4225adb78f
Hint: The database directory must be writable for UID 1000 or GID 1000
ERROR: Update failed.

[2026-06-15T19:31:05.993037934] ClamAV ALERT (exit=130): /home/mearvk/IdeaProjects/Java.Web.Server.Telnet.Front.Java.21/bitcoin/28/wallets/2026.04.12/chainstate/chainstate/LOCK: Empty file
/home/mearvk/IdeaProjects/Java.Web.Server.Telnet.Front.Java.21/bitcoin/28/wallets/2026.04.12/blocks/blocks/index/LOCK: Empty file
/home/mearvk/IdeaProjects/Java.Web.Server.Telnet.Front.Java.21/bitcoin/28/wallets/2026.04.12/blocks/blocks/rev00000.dat: Empty file
/home/mearvk/IdeaProjects/Java.Web.Server.Telnet.Front.Java.21/bitcoin/28/wallets/2026.04.13/chainstate/chainstate/LOCK: Empty file
/home/mearvk/IdeaProjects/Java.Web.Server.Telnet.Front.Java.21/bitcoin/28/wallets/2026.04.13/blocks/blocks/index/LOCK: Empty file
/home/mearvk/IdeaProjects/Java.Web.Server.Telnet.Front.Java.21/bitcoin/28/wallets/2026.04.13/blocks/blocks/rev00000.dat: Empty file
/home/mearvk/IdeaProjects/Java.Web.Server.Telnet.Front.Java.21/bitcoin/28/wallets/2026.04.26/chainstate/chainstate/LOCK: Empty file
/home/mearvk/IdeaProjects/Java.Web.Server.Telnet.Front.Java.21/bitcoin/28/wallets/2026.04.26/blocks/blocks/index/LOCK: Empty file
/home/mearvk/IdeaProjects/Java.Web.Server.Telnet.Front.Java.21/bitcoin/28/wallets/2026.04.26/blocks/blocks/rev00000.dat: Empty file
/home/mearvk/IdeaProjects/Java.Web.Server.Telnet.Front.Java.21/bitcoin/28/wallets/2026.04.24/chainstate/chainstate/LOCK: Empty file
/home/mearvk/IdeaProjects/Java.Web.Server.Telnet.Front.Java.21/bitcoin/28/wallets/2026.04.24/blocks/blocks/index/LOCK: Empty file
/home/mearvk/IdeaProjects/Java.Web.Server.Telnet.Front.Java.21/bitcoin/28/wallets/2026.04.24/blocks/blocks/rev00000.dat: Empty file
/home/mearvk/IdeaProjects/Java.Web.Server.Telnet.Front.Java.21/bitcoin/28/wallets/2026.05.02/chainstate/chainstate/LOCK: Empty file
/home/mearvk/IdeaProjects/Java.Web.Server.Telnet.Front.Java.21/bitcoin/28/wallets/2026.05.02/blocks/blocks/index/LOCK: Empty file
/home/mearvk/IdeaProjects/Java.Web.Server.Telnet.Front.Java.21/bitcoin/28/wallets/2026.05.02/blocks/blocks/rev00000.dat: Empty file
/home/mearvk/IdeaProjects/Java.Web.Server.Telnet.Front.Java.21/bitcoin/28/wallets/2026.04.23/chainstate/chainstate/LOCK: Empty file
/home/mearvk/IdeaProjects/Java.Web.Server.Telnet.Front.Java.21/bitcoin/28/wallets/2026.04.23/blocks/blocks/index/LOCK: Empty file
/home/mearvk/IdeaProjects/Java.Web.Server.Telnet.Front.Java.21/bitcoin/28/wallets/2026.04.23/blocks/blocks/rev00000.dat: Empty file
/home/mearvk/IdeaProjects/Java.Web.Server.Telnet.Front.Java.21/bitcoin/28/wallets/2026.04.10/chainstate/chainstate/LOCK: Empty file
/home/mearvk/IdeaProjects/Java.Web.Server.Telnet.Front.Java.21/bitcoin/28/wallets/2026.04.03/chainstate/chainstate/002621.log: Empty file
/home/mearvk/IdeaProjects/Java.Web.Server.Telnet.Front.Java.21/bitcoin/28/wallets/2026.04.03/chainstate/chainstate/LOCK: Empty file
/home/mearvk/IdeaProjects/Java.Web.Server.Telnet.Front.Java.21/bitcoin/28/wallets/2026.04.03/blocks/blocks/index/LOCK: Empty file
/home/mearvk/IdeaProjects/Java.Web.Server.Telnet.Front.Java.21/bitcoin/28/wallets/2026.04.03/blocks/blocks/index/001621.log: Empty file
/home/mearvk/IdeaProjects/Java.Web.Server.Telnet.Front.Java.21/bitcoin/28/wallets/2026.04.17/chainstate/chainstate/LOCK: Empty file
/home/mearvk/IdeaProjects/Java.Web.Server.Telnet.Front.Java.21/bitcoin/28/wallets/2026.04.17/blocks/blocks/index/LOCK: Empty file
/home/mearvk/IdeaProjects/Java.Web.Server.Telnet.Front.Java.21/bitcoin/28/wallets/2026.04.17/blocks/blocks/rev00000.dat: Empty file
/home/mearvk/IdeaProjects/Java.Web.Server.Telnet.Front.Java.21/bitcoin/28/wallets/2026.04.18/chainstate/chainstate/LOCK: Empty file
/home/mearvk/IdeaProjects/Java.Web.Server.Telnet.Front.Java.21/bitcoin/28/wallets/2026.04.18/blocks/blocks/index/LOCK: Empty file
/home/mearvk/IdeaProjects/Java.Web.Server.Telnet.Front.Java.21/bitcoin/28/wallets/2026.04.18/blocks/blocks/rev00000.dat: Empty file
/home/mearvk/IdeaProjects/Java.Web.Server.Telnet.Front.Java.21/bitcoin/28/wallets/2026.04.28/chainstate/chainstate/LOCK: Empty file
/home/mearvk/IdeaProjects/Java.Web.Server.Telnet.Front.Java.21/bitcoin/28/wallets/2026.04.28/blocks/blocks/index/LOCK: Empty file
/home/mearvk/IdeaProjects/Java.Web.Server.Telnet.Front.Java.21/bitcoin/28/wallets/2026.04.28/blocks/blocks/rev00000.dat: Empty file
/home/mearvk/IdeaProjects/Java.Web.Server.Telnet.Front.Java.21/bitcoin/28/wallets/2026.04.25/chainstate/chainstate/LOCK: Empty file
/home/mearvk/IdeaProjects/Java.Web.Server.Telnet.Front.Java.21/bitcoin/28/wallets/2026.04.25/blocks/blocks/index/LOCK: Empty file
/home/mearvk/IdeaProjects/Java.Web.Server.Telnet.Front.Java.21/bitcoin/28/wallets/2026.04.25/blocks/blocks/rev00000.dat: Empty file
/home/mearvk/IdeaProjects/Java.Web.Server.Telnet.Front.Java.21/bitcoin/28/wallets/2026.04.22/chainstate/chainstate/LOCK: Empty file
/home/mearvk/IdeaProjects/Java.Web.Server.Telnet.Front.Java.21/bitcoin/28/wallets/2026.04.22/blocks/blocks/index/LOCK: Empty file
/home/mearvk/IdeaProjects/Java.Web.Server.Telnet.Front.Java.21/bitcoin/28/wallets/2026.04.22/blocks/blocks/rev00000.dat: Empty file
/home/mearvk/IdeaProjects/Java.Web.Server.Telnet.Front.Java.21/bitcoin/28/wallets/2026.04.04/chainstate/chainstate/002621.log: Empty file
/home/mearvk/IdeaProjects/Java.Web.Server.Telnet.Front.Java.21/bitcoin/28/wallets/2026.04.04/chainstate/chainstate/LOCK: Empty file
/home/mearvk/IdeaProjects/Java.Web.Server.Telnet.Front.Java.21/bitcoin/28/wallets/2026.04.04/blocks/blocks/index/LOCK: Empty file
/home/mearvk/IdeaProjects/Java.Web.Server.Telnet.Front.Java.21/bitcoin/28/wallets/2026.04.04/blocks/blocks/index/001621.log: Empty file
/home/mearvk/IdeaProjects/Java.Web.Server.Telnet.Front.Java.21/bitcoin/28/wallets/2026.04.11/chainstate/chainstate/LOCK: Empty file
/home/mearvk/IdeaProjects/Java.Web.Server.Telnet.Front.Java.21/bitcoin/28/wallets/2026.05.01/chainstate/chainstate/LOCK: Empty file
/home/mearvk/IdeaProjects/Java.Web.Server.Telnet.Front.Java.21/bitcoin/28/wallets/2026.05.01/blocks/blocks/index/LOCK: Empty file
/home/mearvk/IdeaProjects/Java.Web.Server.Telnet.Front.Java.21/bitcoin/28/wallets/2026.05.01/blocks/blocks/rev00000.dat: Empty file
/home/mearvk/IdeaProjects/Java.Web.Server.Telnet.Front.Java.21/bitcoin/28/wallets/2026.04.27/chainstate/chainstate/LOCK: Empty file
/home/mearvk/IdeaProjects/Java.Web.Server.Telnet.Front.Java.21/bitcoin/28/wallets/2026.04.27/blocks/blocks/index/LOCK: Empty file
/home/mearvk/IdeaProjects/Java.Web.Server.Telnet.Front.Java.21/bitcoin/28/wallets/2026.04.27/blocks/blocks/rev00000.dat: Empty file
/home/mearvk/IdeaProjects/Java.Web.Server.Telnet.Front.Java.21/bitcoin/28/wallets/2026.04.15/chainstate/chainstate/LOCK: Empty file
/home/mearvk/IdeaProjects/Java.Web.Server.Telnet.Front.Java.21/bitcoin/28/wallets/2026.04.15/blocks/blocks/index/LOCK: Empty file
/home/mearvk/IdeaProjects/Java.Web.Server.Telnet.Front.Java.21/bitcoin/28/wallets/2026.04.15/blocks/blocks/rev00000.dat: Empty file
/home/mearvk/IdeaProjects/Java.Web.Server.Telnet.Front.Java.21/bitcoin/28/wallets/2026.04.21/chainstate/chainstate/LOCK: Empty file
/home/mearvk/IdeaProjects/Java.Web.Server.Telnet.Front.Java.21/bitcoin/28/wallets/2026.04.21/blocks/blocks/index/LOCK: Empty file
/home/mearvk/IdeaProjects/Java.Web.Server.Telnet.Front.Java.21/bitcoin/28/wallets/2026.04.21/blocks/blocks/rev00000.dat: Empty file
/home/mearvk/IdeaProjects/Java.Web.Server.Telnet.Front.Java.21/bitcoin/28/wallets/2026.04.29/chainstate/chainstate/LOCK: Empty file
/home/mearvk/IdeaProjects/Java.Web.Server.Telnet.Front.Java.21/bitcoin/28/wallets/2026.05.05/chainstate/chainstate/LOCK: Empty file
/home/mearvk/IdeaProjects/Java.Web.Server.Telnet.Front.Java.21/bitcoin/28/wallets/2026.05.05/blocks/blocks/index/LOCK: Empty file
/home/mearvk/IdeaProjects/Java.Web.Server.Telnet.Front.Java.21/bitcoin/28/wallets/2026.05.05/blocks/blocks/rev00000.dat: Empty file
/home/mearvk/IdeaProjects/Java.Web.Server.Telnet.Front.Java.21/bitcoin/28/wallets/2026.04.20/chainstate/chainstate/LOCK: Empty file
/home/mearvk/IdeaProjects/Java.Web.Server.Telnet.Front.Java.21/bitcoin/28/wallets/2026.04.20/blocks/blocks/index/LOCK: Empty file
/home/mearvk/IdeaProjects/Java.Web.Server.Telnet.Front.Java.21/bitcoin/28/wallets/2026.04.20/blocks/blocks/rev00000.dat: Empty file
/home/mearvk/IdeaProjects/Java.Web.Server.Telnet.Front.Java.21/bitcoin/28/wallets/2026.04.16/chainstate/chainstate/LOCK: Empty file
/home/mearvk/IdeaProjects/Java.Web.Server.Telnet.Front.Java.21/bitcoin/28/wallets/2026.04.16/blocks/blocks/index/LOCK: Empty file
/home/mearvk/IdeaProjects/Java.Web.Server.Telnet.Front.Java.21/bitcoin/28/wallets/2026.04.16/blocks/blocks/rev00000.dat: Empty file
/home/mearvk/IdeaProjects/Java.Web.Server.Telnet.Front.Java.21/bitcoin/28/wallets/2026.04.19/chainstate/chainstate/LOCK: Empty file
/home/mearvk/IdeaProjects/Java.Web.Server.Telnet.Front.Java.21/bitcoin/28/wallets/2026.04.19/blocks/blocks/index/LOCK: Empty file
/home/mearvk/IdeaProjects/Java.Web.Server.Telnet.Front.Java.21/bitcoin/28/wallets/2026.04.19/blocks/blocks/rev00000.dat: Empty file
/home/mearvk/IdeaProjects/Java.Web.Server.Telnet.Front.Java.21/bitcoin/28/wallets/2026.04.05/chainstate/chainstate/LOCK: Empty file
/home/mearvk/IdeaProjects/Java.Web.Server.Telnet.Front.Java.21/bitcoin/28/wallets/2026.04.05/blocks/blocks/index/LOCK: Empty file
/home/mearvk/IdeaProjects/Java.Web.Server.Telnet.Front.Java.21/bitcoin/28/wallets/2026.05.03/chainstate/chainstate/LOCK: Empty file
/home/mearvk/IdeaProjects/Java.Web.Server.Telnet.Front.Java.21/bitcoin/28/wallets/2026.05.03/blocks/blocks/index/LOCK: Empty file
/home/mearvk/IdeaProjects/Java.Web.Server.Telnet.Front.Java.21/bitcoin/28/wallets/2026.05.03/blocks/blocks/rev00000.dat: Empty file
/home/mearvk/IdeaProjects/Java.Web.Server.Telnet.Front.Java.21/bitcoin/28/wallets/2026.04.14/chainstate/chainstate/LOCK: Empty file
/home/mearvk/IdeaProjects/Java.Web.Server.Telnet.Front.Java.21/bitcoin/28/wallets/2026.04.14/blocks/blocks/index/LOCK: Empty file
/home/mearvk/IdeaProjects/Java.Web.Server.Telnet.Front.Java.21/bitcoin/28/wallets/2026.04.14/blocks/blocks/rev00000.dat: Empty file
/home/mearvk/IdeaProjects/Java.Web.Server.Telnet.Front.Java.21/bitcoin/28/wallets/2026.04.30/chainstate/chainstate/LOCK: Empty file
/home/mearvk/IdeaProjects/Java.Web.Server.Telnet.Front.Java.21/bitcoin/28/wallets/2026.04.30/blocks/blocks/index/LOCK: Empty file
/home/mearvk/IdeaProjects/Java.Web.Server.Telnet.Front.Java.21/bitcoin/28/wallets/2026.04.30/blocks/blocks/rev00000.dat: Empty file
/home/mearvk/IdeaProjects/Java.Web.Server.Telnet.Front.Java.21/bitcoin/27/wallets/2026.04.12/chainstate/000016.log: Empty file
/home/mearvk/IdeaProjects/Java.Web.Server.Telnet.Front.Java.21/bitcoin/27/wallets/2026.04.12/chainstate/LOCK: Empty file
/home/mearvk/IdeaProjects/Java.Web.Server.Telnet.Front.Java.21/bitcoin/27/wallets/2026.04.12/blocks/index/LOCK: Empty file
/home/mearvk/IdeaProjects/Java.Web.Server.Telnet.Front.Java.21/bitcoin/27/wallets/2026.04.12/blocks/index/000009.log: Empty file
/home/mearvk/IdeaProjects/Java.Web.Server.Telnet.Front.Java.21/bitcoin/27/wallets/2026.04.13/chainstate/000016.log: Empty file
/home/mearvk/IdeaProjects/Java.Web.Server.Telnet.Front.Java.21/bitcoin/27/wallets/2026.04.13/chainstate/LOCK: Empty file
/home/mearvk/IdeaProjects/Java.Web.Server.Telnet.Front.Java.21/bitcoin/27/wallets/2026.04.13/blocks/blocks/index/LOCK: Empty file
/home/mearvk/IdeaProjects/Java.Web.Server.Telnet.Front.Java.21/bitcoin/27/wallets/2026.04.13/blocks/blocks/index/000009.log: Empty file
/home/mearvk/IdeaProjects/Java.Web.Server.Telnet.Front.Java.21/bitcoin/27/wallets/2026.04.26/chainstate/000016.log: Empty file
/home/mearvk/IdeaProjects/Java.Web.Server.Telnet.Front.Java.21/bitcoin/27/wallets/2026.04.26/chainstate/LOCK: Empty file
/home/mearvk/IdeaProjects/Java.Web.Server.Telnet.Front.Java.21/bitcoin/27/wallets/2026.04.26/blocks/index/LOCK: Empty file
/home/mearvk/IdeaProjects/Java.Web.Server.Telnet.Front.Java.21/bitcoin/27/wallets/2026.04.26/blocks/index/000009.log: Empty file
/home/mearvk/IdeaProjects/Java.Web.Server.Telnet.Front.Java.21/bitcoin/27/wallets/2026.04.24/chainstate/chainstate/000016.log: Empty file
/home/mearvk/IdeaProjects/Java.Web.Server.Telnet.Front.Java.21/bitcoin/27/wallets/2026.04.24/chainstate/chainstate/LOCK: Empty file
/home/mearvk/IdeaProjects/Java.Web.Server.Telnet.Front.Java.21/bitcoin/27/wallets/2026.04.24/blocks/blocks/index/LOCK: Empty file
/home/mearvk/IdeaProjects/Java.Web.Server.Telnet.Front.Java.21/bitcoin/27/wallets/2026.04.24/blocks/blocks/index/000009.log: Empty file
/home/mearvk/IdeaProjects/Java.Web.Server.Telnet.Front.Java.21/bitcoin/27/wallets/2026.05.02/chainstate/000016.log: Empty file
/home/mearvk/IdeaProjects/Java.Web.Server.Telnet.Front.Java.21/bitcoin/27/wallets/2026.05.02/chainstate/LOCK: Empty file
/home/mearvk/IdeaProjects/Java.Web.Server.Telnet.Front.Java.21/bitcoin/27/wallets/2026.05.02/blocks/index/LOCK: Empty file
/home/mearvk/IdeaProjects/Java.Web.Server.Telnet.Front.Java.21/bitcoin/27/wallets/2026.05.02/blocks/index/000009.log: Empty file
/home/mearvk/IdeaProjects/Java.Web.Server.Telnet.Front.Java.21/bitcoin/27/wallets/2026.04.23/chainstate/chainstate/000016.log: Empty file
/home/mearvk/IdeaProjects/Java.Web.Server.Telnet.Front.Java.21/bitcoin/27/wallets/2026.04.23/chainstate/chainstate/LOCK: Empty file
/home/mearvk/IdeaProjects/Java.Web.Server.Telnet.Front.Java.21/bitcoin/27/wallets/2026.04.23/blocks/index/LOCK: Empty file
/home/mearvk/IdeaProjects/Java.Web.Server.Telnet.Front.Java.21/bitcoin/27/wallets/2026.04.23/blocks/index/000009.log: Empty file
/home/mearvk/IdeaProjects/Java.Web.Server.Telnet.Front.Java.21/bitcoin/27/wallets/2026.05.04/chainstate/chainstate/000016.log: Empty file
/home/mearvk/IdeaProjects/Java.Web.Server.Telnet.Front.Java.21/bitcoin/27/wallets/2026.05.04/chainstate/chainstate/LOCK: Empty file
/home/mearvk/IdeaProjects/Java.Web.Server.Telnet.Front.Java.21/bitcoin/27/wallets/2026.05.04/blocks/blocks/index/LOCK: Empty file
/home/mearvk/IdeaProjects/Java.Web.Server.Telnet.Front.Java.21/bitcoin/27/wallets/2026.05.04/blocks/blocks/index/000009.log: Empty file
/home/mearvk/IdeaProjects/Java.Web.Server.Telnet.Front.Java.21/bitcoin/27/wallets/2026.04.10/chainstate/000026.log: Empty file
/home/mearvk/IdeaProjects/Java.Web.Server.Telnet.Front.Java.21/bitcoin/27/wallets/2026.04.10/chainstate/LOCK: Empty file
/home/mearvk/IdeaProjects/Java.Web.Server.Telnet.Front.Java.21/bitcoin/27/wallets/2026.04.10/blocks/index/000014.log: Empty file
/home/mearvk/IdeaProjects/Java.Web.Server.Telnet.Front.Java.21/bitcoin/27/wallets/2026.04.10/blocks/index/LOCK: Empty file
/home/mearvk/IdeaProjects/Java.Web.Server.Telnet.Front.Java.21/bitcoin/27/wallets/2026.04.03/chainstate/chainstate/000016.log: Empty file
/home/mearvk/IdeaProjects/Java.Web.Server.Telnet.Front.Java.21/bitcoin/27/wallets/2026.04.03/chainstate/chainstate/LOCK: Empty file
/home/mearvk/IdeaProjects/Java.Web.Server.Telnet.Front.Java.21/bitcoin/27/wallets/2026.04.03/blocks/blocks/index/LOCK: Empty file
/home/mearvk/IdeaProjects/Java.Web.Server.Telnet.Front.Java.21/bitcoin/27/wallets/2026.04.17/chainstate/000016.log: Empty file
/home/mearvk/IdeaProjects/Java.Web.Server.Telnet.Front.Java.21/bitcoin/27/wallets/2026.04.17/chainstate/LOCK: Empty file
/home/mearvk/IdeaProjects/Java.Web.Server.Telnet.Front.Java.21/bitcoin/27/wallets/2026.04.17/blocks/index/LOCK: Empty file
/home/mearvk/IdeaProjects/Java.Web.Server.Telnet.Front.Java.21/bitcoin/27/wallets/2026.04.17/blocks/index/000009.log: Empty file
/home/mearvk/IdeaProjects/Java.Web.Server.Telnet.Front.Java.21/bitcoin/27/wallets/2026.04.18/chainstate/000016.log: Empty file
/home/mearvk/IdeaProjects/Java.Web.Server.Telnet.Front.Java.21/bitcoin/27/wallets/2026.04.18/chainstate/LOCK: Empty file
/home/mearvk/IdeaProjects/Java.Web.Server.Telnet.Front.Java.21/bitcoin/27/wallets/2026.04.18/blocks/index/LOCK: Empty file
/home/mearvk/IdeaProjects/Java.Web.Server.Telnet.Front.Java.21/bitcoin/27/wallets/2026.04.18/blocks/index/000009.log: Empty file
/home/mearvk/IdeaProjects/Java.Web.Server.Telnet.Front.Java.21/bitcoin/27/wallets/2026.04.28/chainstate/000016.log: Empty file
/home/mearvk/IdeaProjects/Java.Web.Server.Telnet.Front.Java.21/bitcoin/27/wallets/2026.04.28/chainstate/LOCK: Empty file
/home/mearvk/IdeaProjects/Java.Web.Server.Telnet.Front.Java.21/bitcoin/27/wallets/2026.04.28/blocks/index/LOCK: Empty file
/home/mearvk/IdeaProjects/Java.Web.Server.Telnet.Front.Java.21/bitcoin/27/wallets/2026.04.28/blocks/index/000009.log: Empty file
/home/mearvk/IdeaProjects/Java.Web.Server.Telnet.Front.Java.21/bitcoin/27/wallets/2026.04.25/chainstate/chainstate/000016.log: Empty file
/home/mearvk/IdeaProjects/Java.Web.Server.Telnet.Front.Java.21/bitcoin/27/wallets/2026.04.25/chainstate/chainstate/LOCK: Empty file
/home/mearvk/IdeaProjects/Java.Web.Server.Telnet.Front.Java.21/bitcoin/27/wallets/2026.04.25/blocks/index/LOCK: Empty file
/home/mearvk/IdeaProjects/Java.Web.Server.Telnet.Front.Java.21/bitcoin/27/wallets/2026.04.25/blocks/index/000009.log: Empty file
/home/mearvk/IdeaProjects/Java.Web.Server.Telnet.Front.Java.21/bitcoin/27/wallets/2026.04.22/chainstate/000016.log: Empty file
/home/mearvk/IdeaProjects/Java.Web.Server.Telnet.Front.Java.21/bitcoin/27/wallets/2026.04.22/chainstate/LOCK: Empty file
/home/mearvk/IdeaProjects/Java.Web.Server.Telnet.Front.Java.21/bitcoin/27/wallets/2026.04.22/blocks/index/LOCK: Empty file
/home/mearvk/IdeaProjects/Java.Web.Server.Telnet.Front.Java.21/bitcoin/27/wallets/2026.04.22/blocks/index/000009.log: Empty file
/home/mearvk/IdeaProjects/Java.Web.Server.Telnet.Front.Java.21/bitcoin/27/wallets/2026.04.04/chainstate/chainstate/000016.log: Empty file
/home/mearvk/IdeaProjects/Java.Web.Server.Telnet.Front.Java.21/bitcoin/27/wallets/2026.04.04/chainstate/chainstate/LOCK: Empty file
/home/mearvk/IdeaProjects/Java.Web.Server.Telnet.Front.Java.21/bitcoin/27/wallets/2026.04.04/blocks/blocks/index/LOCK: Empty file
/home/mearvk/IdeaProjects/Java.Web.Server.Telnet.Front.Java.21/bitcoin/27/wallets/2026.04.04/blocks/blocks/index/000009.log: Empty file
/home/mearvk/IdeaProjects/Java.Web.Server.Telnet.Front.Java.21/bitcoin/27/wallets/2026.04.09/chainstate/000028.log: Empty file
/home/mearvk/IdeaProjects/Java.Web.Server.Telnet.Front.Java.21/bitcoin/27/wallets/2026.04.09/chainstate/LOCK: Empty file
/home/mearvk/IdeaProjects/Java.Web.Server.Telnet.Front.Java.21/bitcoin/27/wallets/2026.04.09/blocks/blocks/index/000016.log: Empty file
/home/mearvk/IdeaProjects/Java.Web.Server.Telnet.Front.Java.21/bitcoin/27/wallets/2026.04.09/blocks/blocks/index/LOCK: Empty file
/home/mearvk/IdeaProjects/Java.Web.Server.Telnet.Front.Java.21/bitcoin/27/wallets/2026.04.11/chainstate/000016.log: Empty file
/home/mearvk/IdeaProjects/Java.Web.Server.Telnet.Front.Java.21/bitcoin/27/wallets/2026.04.11/chainstate/LOCK: Empty file
/home/mearvk/IdeaProjects/Java.Web.Server.Telnet.Front.Java.21/bitcoin/27/wallets/2026.04.11/blocks/index/LOCK: Empty file
/home/mearvk/IdeaProjects/Java.Web.Server.Telnet.Front.Java.21/bitcoin/27/wallets/2026.04.11/blocks/index/000009.log: Empty file
/home/mearvk/IdeaProjects/Java.Web.Server.Telnet.Front.Java.21/bitcoin/27/wallets/2026.05.01/chainstate/chainstate/LOCK: Empty file
/home/mearvk/IdeaProjects/Java.Web.Server.Telnet.Front.Java.21/bitcoin/27/wallets/2026.05.01/chainstate/chainstate/000036.log: Empty file
/home/mearvk/IdeaProjects/Java.Web.Server.Telnet.Front.Java.21/bitcoin/27/wallets/2026.05.01/blocks/blocks/index/LOCK: Empty file
/home/mearvk/IdeaProjects/Java.Web.Server.Telnet.Front.Java.21/bitcoin/27/wallets/2026.05.01/blocks/blocks/index/000021.log: Empty file
/home/mearvk/IdeaProjects/Java.Web.Server.Telnet.Front.Java.21/bitcoin/27/wallets/2026.04.27/chainstate/000016.log: Empty file
/home/mearvk/IdeaProjects/Java.Web.Server.Telnet.Front.Java.21/bitcoin/27/wallets/2026.04.27/chainstate/LOCK: Empty file
/home/mearvk/IdeaProjects/Java.Web.Server.Telnet.Front.Java.21/bitcoin/27/wallets/2026.04.27/blocks/index/LOCK: Empty file
/home/mearvk/IdeaProjects/Java.Web.Server.Telnet.Front.Java.21/bitcoin/27/wallets/2026.04.27/blocks/index/000009.log: Empty file
/home/mearvk/IdeaProjects/Java.Web.Server.Telnet.Front.Java.21/bitcoin/27/wallets/2026.04.15/chainstate/000016.log: Empty file
/home/mearvk/IdeaProjects/Java.Web.Server.Telnet.Front.Java.21/bitcoin/27/wallets/2026.04.15/chainstate/LOCK: Empty file
/home/mearvk/IdeaProjects/Java.Web.Server.Telnet.Front.Java.21/bitcoin/27/wallets/2026.04.15/blocks/index/LOCK: Empty file
/home/mearvk/IdeaProjects/Java.Web.Server.Telnet.Front.Java.21/bitcoin/27/wallets/2026.04.15/blocks/index/000009.log: Empty file
/home/mearvk/IdeaProjects/Java.Web.Server.Telnet.Front.Java.21/bitcoin/27/wallets/2026.04.21/chainstate/000016.log: Empty file
/home/mearvk/IdeaProjects/Java.Web.Server.Telnet.Front.Java.21/bitcoin/27/wallets/2026.04.21/chainstate/LOCK: Empty file
/home/mearvk/IdeaProjects/Java.Web.Server.Telnet.Front.Java.21/bitcoin/27/wallets/2026.04.21/blocks/index/LOCK: Empty file
/home/mearvk/IdeaProjects/Java.Web.Server.Telnet.Front.Java.21/bitcoin/27/wallets/2026.04.21/blocks/index/000009.log: Empty file
/home/mearvk/IdeaProjects/Java.Web.Server.Telnet.Front.Java.21/bitcoin/27/wallets/2026.04.29/chainstate/000016.log: Empty file
/home/mearvk/IdeaProjects/Java.Web.Server.Telnet.Front.Java.21/bitcoin/27/wallets/2026.04.29/chainstate/LOCK: Empty file
/home/mearvk/IdeaProjects/Java.Web.Server.Telnet.Front.Java.21/bitcoin/27/wallets/2026.04.29/blocks/index/LOCK: Empty file
/home/mearvk/IdeaProjects/Java.Web.Server.Telnet.Front.Java.21/bitcoin/27/wallets/2026.04.29/blocks/index/000009.log: Empty file
/home/mearvk/IdeaProjects/Java.Web.Server.Telnet.Front.Java.21/bitcoin/27/wallets/2026.05.05/chainstate/000016.log: Empty file
/home/mearvk/IdeaProjects/Java.Web.Server.Telnet.Front.Java.21/bitcoin/27/wallets/2026.05.05/chainstate/LOCK: Empty file
/home/mearvk/IdeaProjects/Java.Web.Server.Telnet.Front.Java.21/bitcoin/27/wallets/2026.05.05/blocks/index/LOCK: Empty file
/home/mearvk/IdeaProjects/Java.Web.Server.Telnet.Front.Java.21/bitcoin/27/wallets/2026.05.05/blocks/index/000009.log: Empty file
/home/mearvk/IdeaProjects/Java.Web.Server.Telnet.Front.Java.21/bitcoin/27/wallets/2026.04.20/chainstate/chainstate/000016.log: Empty file
/home/mearvk/IdeaProjects/Java.Web.Server.Telnet.Front.Java.21/bitcoin/27/wallets/2026.04.20/chainstate/chainstate/LOCK: Empty file
/home/mearvk/IdeaProjects/Java.Web.Server.Telnet.Front.Java.21/bitcoin/27/wallets/2026.04.20/blocks/index/LOCK: Empty file
/home/mearvk/IdeaProjects/Java.Web.Server.Telnet.Front.Java.21/bitcoin/27/wallets/2026.04.20/blocks/index/000009.log: Empty file
/home/mearvk/IdeaProjects/Java.Web.Server.Telnet.Front.Java.21/bitcoin/27/wallets/2026.04.16/chainstate/chainstate/LOCK: Empty file
/home/mearvk/IdeaProjects/Java.Web.Server.Telnet.Front.Java.21/bitcoin/27/wallets/2026.04.16/chainstate/chainstate/000080.log: Empty file
/home/mearvk/IdeaProjects/Java.Web.Server.Telnet.Front.Java.21/bitcoin/27/wallets/2026.04.16/blocks/index/000046.log: Empty file
/home/mearvk/IdeaProjects/Java.Web.Server.Telnet.Front.Java.21/bitcoin/27/wallets/2026.04.16/blocks/index/LOCK: Empty file
/home/mearvk/IdeaProjects/Java.Web.Server.Telnet.Front.Java.21/bitcoin/27/wallets/2026.04.19/chainstate/000016.log: Empty file
/home/mearvk/IdeaProjects/Java.Web.Server.Telnet.Front.Java.21/bitcoin/27/wallets/2026.04.19/chainstate/LOCK: Empty file
/home/mearvk/IdeaProjects/Java.Web.Server.Telnet.Front.Java.21/bitcoin/27/wallets/2026.04.19/blocks/index/LOCK: Empty file
/home/mearvk/IdeaProjects/Java.Web.Server.Telnet.Front.Java.21/bitcoin/27/wallets/2026.04.19/blocks/index/000009.log: Empty file
/home/mearvk/IdeaProjects/Java.Web.Server.Telnet.Front.Java.21/bitcoin/27/wallets/2026.04.05/chainstate/chainstate/000016.log: Empty file
/home/mearvk/IdeaProjects/Java.Web.Server.Telnet.Front.Java.21/bitcoin/27/wallets/2026.04.05/chainstate/chainstate/LOCK: Empty file
/home/mearvk/IdeaProjects/Java.Web.Server.Telnet.Front.Java.21/bitcoin/27/wallets/2026.04.05/blocks/blocks/index/LOCK: Empty file
/home/mearvk/IdeaProjects/Java.Web.Server.Telnet.Front.Java.21/bitcoin/27/wallets/2026.04.05/blocks/blocks/index/000009.log: Empty file
/home/mearvk/IdeaProjects/Java.Web.Server.Telnet.Front.Java.21/bitcoin/27/wallets/2026.05.03/chainstate/chainstate/000016.log: Empty file
/home/mearvk/IdeaProjects/Java.Web.Server.Telnet.Front.Java.21/bitcoin/27/wallets/2026.05.03/chainstate/chainstate/LOCK: Empty file
/home/mearvk/IdeaProjects/Java.Web.Server.Telnet.Front.Java.21/bitcoin/27/wallets/2026.05.03/blocks/blocks/index/LOCK: Empty file
/home/mearvk/IdeaProjects/Java.Web.Server.Telnet.Front.Java.21/bitcoin/27/wallets/2026.05.03/blocks/blocks/index/000009.log: Empty file
/home/mearvk/IdeaProjects/Java.Web.Server.Telnet.Front.Java.21/bitcoin/27/wallets/2026.04.14/chainstate/000016.log: Empty file
/home/mearvk/IdeaProjects/Java.Web.Server.Telnet.Front.Java.21/bitcoin/27/wallets/2026.04.14/chainstate/LOCK: Empty file
/home/mearvk/IdeaProjects/Java.Web.Server.Telnet.Front.Java.21/bitcoin/27/wallets/2026.04.14/blocks/index/LOCK: Empty file
/home/mearvk/IdeaProjects/Java.Web.Server.Telnet.Front.Java.21/bitcoin/27/wallets/2026.04.14/blocks/index/000009.log: Empty file
/home/mearvk/IdeaProjects/Java.Web.Server.Telnet.Front.Java.21/bitcoin/27/wallets/2026.04.30/chainstate/000016.log: Empty file
/home/mearvk/IdeaProjects/Java.Web.Server.Telnet.Front.Java.21/bitcoin/27/wallets/2026.04.30/chainstate/LOCK: Empty file
/home/mearvk/IdeaProjects/Java.Web.Server.Telnet.Front.Java.21/bitcoin/27/wallets/2026.04.30/blocks/index/LOCK: Empty file
/home/mearvk/IdeaProjects/Java.Web.Server.Telnet.Front.Java.21/bitcoin/27/wallets/2026.04.30/blocks/index/000009.log: Empty file
/home/mearvk/IdeaProjects/Java.Web.Server.Telnet.Front.Java.21/bitcoin/24/wallets/2026.04.12/chainstate/chainstate/LOCK: Empty file
/home/mearvk/IdeaProjects/Java.Web.Server.Telnet.Front.Java.21/bitcoin/24/wallets/2026.04.12/blocks/blocks/index/LOCK: Empty file
/home/mearvk/IdeaProjects/Java.Web.Server.Telnet.Front.Java.21/bitcoin/24/wallets/2026.04.13/chainstate/LOCK: Empty file
/home/mearvk/IdeaProjects/Java.Web.Server.Telnet.Front.Java.21/bitcoin/24/wallets/2026.04.13/blocks/index/LOCK: Empty file
/home/mearvk/IdeaProjects/Java.Web.Server.Telnet.Front.Java.21/bitcoin/24/wallets/2026.04.13/blocks/rev00000.dat: Empty file
/home/mearvk/IdeaProjects/Java.Web.Server.Telnet.Front.Java.21/bitcoin/24/wallets/2026.04.26/chainstate/chainstate/LOCK: Empty file
/home/mearvk/IdeaProjects/Java.Web.Server.Telnet.Front.Java.21/bitcoin/24/wallets/2026.04.26/blocks/blocks/index/LOCK: Empty file
/home/mearvk/IdeaProjects/Java.Web.Server.Telnet.Front.Java.21/bitcoin/24/wallets/2026.04.26/blocks/blocks/rev00000.dat: Empty file
/home/mearvk/IdeaProjects/Java.Web.Server.Telnet.Front.Java.21/bitcoin/24/wallets/2026.04.06/chainstate/chainstate/LOCK: Empty file
/home/mearvk/IdeaProjects/Java.Web.Server.Telnet.Front.Java.21/bitcoin/24/wallets/2026.04.06/chainstate/chainstate/000009.log: Empty file
/home/mearvk/IdeaProjects/Java.Web.Server.Telnet.Front.Java.21/bitcoin/24/wallets/2026.04.06/blocks/blocks/index/LOCK: Empty file
/home/mearvk/IdeaProjects/Java.Web.Server.Telnet.Front.Java.21/bitcoin/24/wallets/2026.04.24/chainstate/LOCK: Empty file
/home/mearvk/IdeaProjects/Java.Web.Server.Telnet.Front.Java.21/bitcoin/24/wallets/2026.04.24/blocks/index/LOCK: Empty file
/home/mearvk/IdeaProjects/Java.Web.Server.Telnet.Front.Java.21/bitcoin/24/wallets/2026.04.24/blocks/rev00000.dat: Empty file
/home/mearvk/IdeaProjects/Java.Web.Server.Telnet.Front.Java.21/bitcoin/24/wallets/2026.05.02/chainstate/LOCK: Empty file
/home/mearvk/IdeaProjects/Java.Web.Server.Telnet.Front.Java.21/bitcoin/24/wallets/2026.05.02/blocks/index/LOCK: Empty file
/home/mearvk/IdeaProjects/Java.Web.Server.Telnet.Front.Java.21/bitcoin/24/wallets/2026.05.02/blocks/rev00000.dat: Empty file
/home/mearvk/IdeaProjects/Java.Web.Server.Telnet.Front.Java.21/bitcoin/24/wallets/2026.04.23/chainstate/LOCK: Empty file
/home/mearvk/IdeaProjects/Java.Web.Server.Telnet.Front.Java.21/bitcoin/24/wallets/2026.04.23/blocks/index/LOCK: Empty file
/home/mearvk/IdeaProjects/Java.Web.Server.Telnet.Front.Java.21/bitcoin/24/wallets/2026.04.23/blocks/rev00000.dat: Empty file
/home/mearvk/IdeaProjects/Java.Web.Server.Telnet.Front.Java.21/bitcoin/24/wallets/2026.05.04/chainstate/LOCK: Empty file
/home/mearvk/IdeaProjects/Java.Web.Server.Telnet.Front.Java.21/bitcoin/24/wallets/2026.05.04/blocks/blocks/index/LOCK: Empty file
/home/mearvk/IdeaProjects/Java.Web.Server.Telnet.Front.Java.21/bitcoin/24/wallets/2026.05.04/blocks/blocks/rev00000.dat: Empty file
/home/mearvk/IdeaProjects/Java.Web.Server.Telnet.Front.Java.21/bitcoin/24/wallets/2026.04.10/chainstate/LOCK: Empty file
/home/mearvk/IdeaProjects/Java.Web.Server.Telnet.Front.Java.21/bitcoin/24/wallets/2026.04.10/blocks/index/LOCK: Empty file
/home/mearvk/IdeaProjects/Java.Web.Server.Telnet.Front.Java.21/bitcoin/24/wallets/2026.04.03/chainstate/chainstate/LOCK: Empty file
/home/mearvk/IdeaProjects/Java.Web.Server.Telnet.Front.Java.21/bitcoin/24/wallets/2026.04.03/chainstate/chainstate/000024.log: Empty file
/home/mearvk/IdeaProjects/Java.Web.Server.Telnet.Front.Java.21/bitcoin/24/wallets/2026.04.03/blocks/blocks/index/000022.log: Empty file
/home/mearvk/IdeaProjects/Java.Web.Server.Telnet.Front.Java.21/bitcoin/24/wallets/2026.04.03/blocks/blocks/index/LOCK: Empty file
/home/mearvk/IdeaProjects/Java.Web.Server.Telnet.Front.Java.21/bitcoin/24/wallets/2026.04.17/chainstate/chainstate/LOCK: Empty file
/home/mearvk/IdeaProjects/Java.Web.Server.Telnet.Front.Java.21/bitcoin/24/wallets/2026.04.17/blocks/index/LOCK: Empty file
/home/mearvk/IdeaProjects/Java.Web.Server.Telnet.Front.Java.21/bitcoin/24/wallets/2026.04.17/blocks/rev00000.dat: Empty file
/home/mearvk/IdeaProjects/Java.Web.Server.Telnet.Front.Java.21/bitcoin/24/wallets/2026.04.18/chainstate/chainstate/LOCK: Empty file
/home/mearvk/IdeaProjects/Java.Web.Server.Telnet.Front.Java.21/bitcoin/24/wallets/2026.04.18/blocks/index/LOCK: Empty file
/home/mearvk/IdeaProjects/Java.Web.Server.Telnet.Front.Java.21/bitcoin/24/wallets/2026.04.18/blocks/rev00000.dat: Empty file
/home/mearvk/IdeaProjects/Java.Web.Server.Telnet.Front.Java.21/bitcoin/24/wallets/2026.04.28/chainstate/LOCK: Empty file
/home/mearvk/IdeaProjects/Java.Web.Server.Telnet.Front.Java.21/bitcoin/24/wallets/2026.04.28/blocks/index/LOCK: Empty file
/home/mearvk/IdeaProjects/Java.Web.Server.Telnet.Front.Java.21/bitcoin/24/wallets/2026.04.28/blocks/rev00000.dat: Empty file
/home/mearvk/IdeaProjects/Java.Web.Server.Telnet.Front.Java.21/bitcoin/24/wallets/2026.04.25/chainstate/LOCK: Empty file
/home/mearvk/IdeaProjects/Java.Web.Server.Telnet.Front.Java.21/bitcoin/24/wallets/2026.04.25/blocks/index/LOCK: Empty file
/home/mearvk/IdeaProjects/Java.Web.Server.Telnet.Front.Java.21/bitcoin/24/wallets/2026.04.25/blocks/rev00000.dat: Empty file
/home/mearvk/IdeaProjects/Java.Web.Server.Telnet.Front.Java.21/bitcoin/24/wallets/2026.04.22/chainstate/LOCK: Empty file
/home/mearvk/IdeaProjects/Java.Web.Server.Telnet.Front.Java.21/bitcoin/24/wallets/2026.04.22/blocks/index/LOCK: Empty file
/home/mearvk/IdeaProjects/Java.Web.Server.Telnet.Front.Java.21/bitcoin/24/wallets/2026.04.22/blocks/rev00000.dat: Empty file
/home/mearvk/IdeaProjects/Java.Web.Server.Telnet.Front.Java.21/bitcoin/24/wallets/2026.04.04/chainstate/chainstate/LOCK: Empty file
/home/mearvk/IdeaProjects/Java.Web.Server.Telnet.Front.Java.21/bitcoin/24/wallets/2026.04.04/chainstate/chainstate/000009.log: Empty file
/home/mearvk/IdeaProjects/Java.Web.Server.Telnet.Front.Java.21/bitcoin/24/wallets/2026.04.04/blocks/blocks/index/LOCK: Empty file
/home/mearvk/IdeaProjects/Java.Web.Server.Telnet.Front.Java.21/bitcoin/24/wallets/2026.04.09/chainstate/chainstate/000011.log: Empty file
/home/mearvk/IdeaProjects/Java.Web.Server.Telnet.Front.Java.21/bitcoin/24/wallets/2026.04.09/chainstate/chainstate/LOCK: Empty file
/home/mearvk/IdeaProjects/Java.Web.Server.Telnet.Front.Java.21/bitcoin/24/wallets/2026.04.09/blocks/index/LOCK: Empty file
/home/mearvk/IdeaProjects/Java.Web.Server.Telnet.Front.Java.21/bitcoin/24/wallets/2026.04.09/blocks/index/000010.log: Empty file
/home/mearvk/IdeaProjects/Java.Web.Server.Telnet.Front.Java.21/bitcoin/24/wallets/2026.04.11/chainstate/chainstate/LOCK: Empty file
/home/mearvk/IdeaProjects/Java.Web.Server.Telnet.Front.Java.21/bitcoin/24/wallets/2026.04.11/blocks/blocks/index/LOCK: Empty file
/home/mearvk/IdeaProjects/Java.Web.Server.Telnet.Front.Java.21/bitcoin/24/wallets/2026.04.11/blocks/blocks/rev00000.dat: Empty file
/home/mearvk/IdeaProjects/Java.Web.Server.Telnet.Front.Java.21/bitcoin/24/wallets/2026.05.01/chainstate/chainstate/LOCK: Empty file
/home/mearvk/IdeaProjects/Java.Web.Server.Telnet.Front.Java.21/bitcoin/24/wallets/2026.05.01/blocks/blocks/index/LOCK: Empty file
/home/mearvk/IdeaProjects/Java.Web.Server.Telnet.Front.Java.21/bitcoin/24/wallets/2026.05.01/blocks/blocks/rev00000.dat: Empty file
/home/mearvk/IdeaProjects/Java.Web.Server.Telnet.Front.Java.21/bitcoin/24/wallets/2026.04.27/chainstate/LOCK: Empty file
/home/mearvk/IdeaProjects/Java.Web.Server.Telnet.Front.Java.21/bitcoin/24/wallets/2026.04.27/blocks/index/LOCK: Empty file
/home/mearvk/IdeaProjects/Java.Web.Server.Telnet.Front.Java.21/bitcoin/24/wallets/2026.04.27/blocks/rev00000.dat: Empty file
/home/mearvk/IdeaProjects/Java.Web.Server.Telnet.Front.Java.21/bitcoin/24/wallets/2026.04.15/chainstate/LOCK: Empty file
/home/mearvk/IdeaProjects/Java.Web.Server.Telnet.Front.Java.21/bitcoin/24/wallets/2026.04.15/blocks/index/LOCK: Empty file
/home/mearvk/IdeaProjects/Java.Web.Server.Telnet.Front.Java.21/bitcoin/24/wallets/2026.04.15/blocks/rev00000.dat: Empty file
/home/mearvk/IdeaProjects/Java.Web.Server.Telnet.Front.Java.21/bitcoin/24/wallets/2026.04.21/chainstate/LOCK: Empty file
/home/mearvk/IdeaProjects/Java.Web.Server.Telnet.Front.Java.21/bitcoin/24/wallets/2026.04.21/blocks/blocks/index/LOCK: Empty file
/home/mearvk/IdeaProjects/Java.Web.Server.Telnet.Front.Java.21/bitcoin/24/wallets/2026.04.21/blocks/blocks/rev00000.dat: Empty file
/home/mearvk/IdeaProjects/Java.Web.Server.Telnet.Front.Java.21/bitcoin/24/wallets/2026.04.29/chainstate/LOCK: Empty file
/home/mearvk/IdeaProjects/Java.Web.Server.Telnet.Front.Java.21/bitcoin/24/wallets/2026.04.29/blocks/index/LOCK: Empty file
/home/mearvk/IdeaProjects/Java.Web.Server.Telnet.Front.Java.21/bitcoin/24/wallets/2026.04.29/blocks/rev00000.dat: Empty file
/home/mearvk/IdeaProjects/Java.Web.Server.Telnet.Front.Java.21/bitcoin/24/wallets/2026.05.05/chainstate/LOCK: Empty file
/home/mearvk/IdeaProjects/Java.Web.Server.Telnet.Front.Java.21/bitcoin/24/wallets/2026.05.05/blocks/index/LOCK: Empty file
/home/mearvk/IdeaProjects/Java.Web.Server.Telnet.Front.Java.21/bitcoin/24/wallets/2026.05.05/blocks/rev00000.dat: Empty file
/home/mearvk/IdeaProjects/Java.Web.Server.Telnet.Front.Java.21/bitcoin/24/wallets/2026.04.20/chainstate/LOCK: Empty file
/home/mearvk/IdeaProjects/Java.Web.Server.Telnet.Front.Java.21/bitcoin/24/wallets/2026.04.20/blocks/index/LOCK: Empty file
/home/mearvk/IdeaProjects/Java.Web.Server.Telnet.Front.Java.21/bitcoin/24/wallets/2026.04.20/blocks/rev00000.dat: Empty file
/home/mearvk/IdeaProjects/Java.Web.Server.Telnet.Front.Java.21/bitcoin/24/wallets/2026.04.16/chainstate/LOCK: Empty file
/home/mearvk/IdeaProjects/Java.Web.Server.Telnet.Front.Java.21/bitcoin/24/wallets/2026.04.16/blocks/index/LOCK: Empty file
/home/mearvk/IdeaProjects/Java.Web.Server.Telnet.Front.Java.21/bitcoin/24/wallets/2026.04.19/chainstate/LOCK: Empty file
/home/mearvk/IdeaProjects/Java.Web.Server.Telnet.Front.Java.21/bitcoin/24/wallets/2026.04.19/blocks/index/LOCK: Empty file
/home/mearvk/IdeaProjects/Java.Web.Server.Telnet.Front.Java.21/bitcoin/24/wallets/2026.04.19/blocks/rev00000.dat: Empty file
/home/mearvk/IdeaProjects/Java.Web.Server.Telnet.Front.Java.21/bitcoin/24/wallets/2026.04.05/chainstate/chainstate/LOCK: Empty file
/home/mearvk/IdeaProjects/Java.Web.Server.Telnet.Front.Java.21/bitcoin/24/wallets/2026.04.05/chainstate/chainstate/000009.log: Empty file
/home/mearvk/IdeaProjects/Java.Web.Server.Telnet.Front.Java.21/bitcoin/24/wallets/2026.04.05/blocks/blocks/index/000011.log: Empty file
/home/mearvk/IdeaProjects/Java.Web.Server.Telnet.Front.Java.21/bitcoin/24/wallets/2026.04.05/blocks/blocks/index/LOCK: Empty file
/home/mearvk/IdeaProjects/Java.Web.Server.Telnet.Front.Java.21/bitcoin/24/wallets/2026.05.03/chainstate/LOCK: Empty file
/home/mearvk/IdeaProjects/Java.Web.Server.Telnet.Front.Java.21/bitcoin/24/wallets/2026.05.03/blocks/index/LOCK: Empty file
/home/mearvk/IdeaProjects/Java.Web.Server.Telnet.Front.Java.21/bitcoin/24/wallets/2026.05.03/blocks/rev00000.dat: Empty file
/home/mearvk/IdeaProjects/Java.Web.Server.Telnet.Front.Java.21/bitcoin/24/wallets/2026.04.14/chainstate/LOCK: Empty file
/home/mearvk/IdeaProjects/Java.Web.Server.Telnet.Front.Java.21/bitcoin/24/wallets/2026.04.14/blocks/index/LOCK: Empty file
/home/mearvk/IdeaProjects/Java.Web.Server.Telnet.Front.Java.21/bitcoin/24/wallets/2026.04.30/chainstate/LOCK: Empty file
/home/mearvk/IdeaProjects/Java.Web.Server.Telnet.Front.Java.21/bitcoin/24/wallets/2026.04.30/blocks/index/LOCK: Empty file
/home/mearvk/IdeaProjects/Java.Web.Server.Telnet.Front.Java.21/bitcoin/24/wallets/2026.04.30/blocks/rev00000.dat: Empty file
/home/mearvk/IdeaProjects/Java.Web.Server.Telnet.Front.Java.21/bitcoin/30/wallets/2026.03.27/001/chainstate/000006.log: Empty file
/home/mearvk/IdeaProjects/Java.Web.Server.Telnet.Front.Java.21/bitcoin/30/wallets/2026.03.27/001/chainstate/LOCK: Empty file
/home/mearvk/IdeaProjects/Java.Web.Server.Telnet.Front.Java.21/bitcoin/30/wallets/2026.03.27/001/blocks/.lock: Empty file
/home/mearvk/IdeaProjects/Java.Web.Server.Telnet.Front.Java.21/bitcoin/30/wallets/2026.03.27/001/blocks/index/000006.log: Empty file
/home/mearvk/IdeaProjects/Java.Web.Server.Telnet.Front.Java.21/bitcoin/30/wallets/2026.03.27/001/blocks/index/LOCK: Empty file
/home/mearvk/IdeaProjects/Java.Web.Server.Telnet.Front.Java.21/bitcoin/30/wallets/2026.03.27/002/chainstate/LOCK: Empty file
/home/mearvk/IdeaProjects/Java.Web.Server.Telnet.Front.Java.21/bitcoin/30/wallets/2026.03.27/002/blocks/.lock: Empty file
/home/mearvk/IdeaProjects/Java.Web.Server.Telnet.Front.Java.21/bitcoin/30/wallets/2026.03.27/002/blocks/index/LOCK: Empty file
/home/mearvk/IdeaProjects/Java.Web.Server.Telnet.Front.Java.21/bitcoin/30/wallets/2026.03.27/002/blocks/index/000003.log: Empty file
/home/mearvk/IdeaProjects/Java.Web.Server.Telnet.Front.Java.21/bitcoin/30/wallets/2026.04.03/chainstate/chainstate/LOCK: Empty file
/home/mearvk/IdeaProjects/Java.Web.Server.Telnet.Front.Java.21/bitcoin/30/wallets/2026.04.03/chainstate/chainstate/000009.log: Empty file
/home/mearvk/IdeaProjects/Java.Web.Server.Telnet.Front.Java.21/bitcoin/30/wallets/2026.04.03/blocks/blocks/.lock: Empty file
/home/mearvk/IdeaProjects/Java.Web.Server.Telnet.Front.Java.21/bitcoin/30/wallets/2026.04.03/blocks/blocks/index/LOCK: Empty file
/home/mearvk/IdeaProjects/Java.Web.Server.Telnet.Front.Java.21/bitcoin/30/wallets/2026.04.03/blocks/blocks/index/000009.log: Empty file
/home/mearvk/IdeaProjects/Java.Web.Server.Telnet.Front.Java.21/bitcoin/30/wallets/2026.04.04/chainstate/chainstate/LOCK: Empty file
/home/mearvk/IdeaProjects/Java.Web.Server.Telnet.Front.Java.21/bitcoin/30/wallets/2026.04.04/chainstate/chainstate/000009.log: Empty file
/home/mearvk/IdeaProjects/Java.Web.Server.Telnet.Front.Java.21/bitcoin/30/wallets/2026.04.04/blocks/blocks/.lock: Empty file
/home/mearvk/IdeaProjects/Java.Web.Server.Telnet.Front.Java.21/bitcoin/30/wallets/2026.04.04/blocks/blocks/index/LOCK: Empty file
/home/mearvk/IdeaProjects/Java.Web.Server.Telnet.Front.Java.21/bitcoin/30/wallets/2026.04.04/blocks/blocks/index/000009.log: Empty file
/home/mearvk/IdeaProjects/Java.Web.Server.Telnet.Front.Java.21/bitcoin/30/wallets/2026.04.05/chainstate/chainstate/LOCK: Empty file
/home/mearvk/IdeaProjects/Java.Web.Server.Telnet.Front.Java.21/bitcoin/30/wallets/2026.04.05/chainstate/chainstate/000009.log: Empty file
/home/mearvk/IdeaProjects/Java.Web.Server.Telnet.Front.Java.21/bitcoin/30/wallets/2026.04.05/blocks/blocks/.lock: Empty file
/home/mearvk/IdeaProjects/Java.Web.Server.Telnet.Front.Java.21/bitcoin/30/wallets/2026.04.05/blocks/blocks/index/LOCK: Empty file
/home/mearvk/IdeaProjects/Java.Web.Server.Telnet.Front.Java.21/bitcoin/30/wallets/2026.04.05/blocks/blocks/index/000009.log: Empty file
/home/mearvk/IdeaProjects/Java.Web.Server.Telnet.Front.Java.21/bitcoin/29/wallets/2026.04.12/chainstate/chainstate/000006.log: Empty file
/home/mearvk/IdeaProjects/Java.Web.Server.Telnet.Front.Java.21/bitcoin/29/wallets/2026.04.12/chainstate/chainstate/LOCK: Empty file
/home/mearvk/IdeaProjects/Java.Web.Server.Telnet.Front.Java.21/bitcoin/29/wallets/2026.04.12/blocks/blocks/.lock: Empty file
/home/mearvk/IdeaProjects/Java.Web.Server.Telnet.Front.Java.21/bitcoin/29/wallets/2026.04.12/blocks/blocks/index/000006.log: Empty file
/home/mearvk/IdeaProjects/Java.Web.Server.Telnet.Front.Java.21/bitcoin/29/wallets/2026.04.12/blocks/blocks/index/LOCK: Empty file
/home/mearvk/IdeaProjects/Java.Web.Server.Telnet.Front.Java.21/bitcoin/29/wallets/2026.04.12/blocks/blocks/rev00000.dat: Empty file
/home/mearvk/IdeaProjects/Java.Web.Server.Telnet.Front.Java.21/bitcoin/29/wallets/2026.04.13/chainstate/chainstate/000006.log: Empty file
/home/mearvk/IdeaProjects/Java.Web.Server.Telnet.Front.Java.21/bitcoin/29/wallets/2026.04.13/chainstate/chainstate/LOCK: Empty file
/home/mearvk/IdeaProjects/Java.Web.Server.Telnet.Front.Java.21/bitcoin/29/wallets/2026.04.13/blocks/blocks/.lock: Empty file
/home/mearvk/IdeaProjects/Java.Web.Server.Telnet.Front.Java.21/bitcoin/29/wallets/2026.04.13/blocks/blocks/index/000006.log: Empty file
/home/mearvk/IdeaProjects/Java.Web.Server.Telnet.Front.Java.21/bitcoin/29/wallets/2026.04.13/blocks/blocks/index/LOCK: Empty file
/home/mearvk/IdeaProjects/Java.Web.Server.Telnet.Front.Java.21/bitcoin/29/wallets/2026.04.13/blocks/blocks/rev00000.dat: Empty file
/home/mearvk/IdeaProjects/Java.Web.Server.Telnet.Front.Java.21/bitcoin/29/wallets/2026.04.26/chainstate/chainstate/000006.log: Empty file
/home/mearvk/IdeaProjects/Java.Web.Server.Telnet.Front.Java.21/bitcoin/29/wallets/2026.04.26/chainstate/chainstate/LOCK: Empty file
/home/mearvk/IdeaProjects/Java.Web.Server.Telnet.Front.Java.21/bitcoin/29/wallets/2026.04.26/blocks/blocks/.lock: Empty file
/home/mearvk/IdeaProjects/Java.Web.Server.Telnet.Front.Java.21/bitcoin/29/wallets/2026.04.26/blocks/blocks/index/000006.log: Empty file
/home/mearvk/IdeaProjects/Java.Web.Server.Telnet.Front.Java.21/bitcoin/29/wallets/2026.04.26/blocks/blocks/index/LOCK: Empty file
/home/mearvk/IdeaProjects/Java.Web.Server.Telnet.Front.Java.21/bitcoin/29/wallets/2026.04.26/blocks/blocks/rev00000.dat: Empty file
/home/mearvk/IdeaProjects/Java.Web.Server.Telnet.Front.Java.21/bitcoin/29/wallets/2026.04.24/chainstate/chainstate/000006.log: Empty file
/home/mearvk/IdeaProjects/Java.Web.Server.Telnet.Front.Java.21/bitcoin/29/wallets/2026.04.24/chainstate/chainstate/LOCK: Empty file
/home/mearvk/IdeaProjects/Java.Web.Server.Telnet.Front.Java.21/bitcoin/29/wallets/2026.04.24/blocks/blocks/.lock: Empty file
/home/mearvk/IdeaProjects/Java.Web.Server.Telnet.Front.Java.21/bitcoin/29/wallets/2026.04.24/blocks/blocks/index/000006.log: Empty file
/home/mearvk/IdeaProjects/Java.Web.Server.Telnet.Front.Java.21/bitcoin/29/wallets/2026.04.24/blocks/blocks/index/LOCK: Empty file
/home/mearvk/IdeaProjects/Java.Web.Server.Telnet.Front.Java.21/bitcoin/29/wallets/2026.04.24/blocks/blocks/rev00000.dat: Empty file
/home/mearvk/IdeaProjects/Java.Web.Server.Telnet.Front.Java.21/bitcoin/29/wallets/2026.05.02/chainstate/chainstate/000006.log: Empty file
/home/mearvk/IdeaProjects/Java.Web.Server.Telnet.Front.Java.21/bitcoin/29/wallets/2026.05.02/chainstate/chainstate/LOCK: Empty file
/home/mearvk/IdeaProjects/Java.Web.Server.Telnet.Front.Java.21/bitcoin/29/wallets/2026.05.02/blocks/blocks/.lock: Empty file
/home/mearvk/IdeaProjects/Java.Web.Server.Telnet.Front.Java.21/bitcoin/29/wallets/2026.05.02/blocks/blocks/index/000006.log: Empty file
/home/mearvk/IdeaProjects/Java.Web.Server.Telnet.Front.Java.21/bitcoin/29/wallets/2026.05.02/blocks/blocks/index/LOCK: Empty file
/home/mearvk/IdeaProjects/Java.Web.Server.Telnet.Front.Java.21/bitcoin/29/wallets/2026.05.02/blocks/blocks/rev00000.dat: Empty file
/home/mearvk/IdeaProjects/Java.Web.Server.Telnet.Front.Java.21/bitcoin/29/wallets/2026.04.23/chainstate/chainstate/000006.log: Empty file
/home/mearvk/IdeaProjects/Java.Web.Server.Telnet.Front.Java.21/bitcoin/29/wallets/2026.04.23/chainstate/chainstate/LOCK: Empty file
/home/mearvk/IdeaProjects/Java.Web.Server.Telnet.Front.Java.21/bitcoin/29/wallets/2026.04.23/blocks/blocks/.lock: Empty file
/home/mearvk/IdeaProjects/Java.Web.Server.Telnet.Front.Java.21/bitcoin/29/wallets/2026.04.23/blocks/blocks/index/000006.log: Empty file
/home/mearvk/IdeaProjects/Java.Web.Server.Telnet.Front.Java.21/bitcoin/29/wallets/2026.04.23/blocks/blocks/index/LOCK: Empty file
/home/mearvk/IdeaProjects/Java.Web.Server.Telnet.Front.Java.21/bitcoin/29/wallets/2026.04.23/blocks/blocks/rev00000.dat: Empty file
/home/mearvk/IdeaProjects/Java.Web.Server.Telnet.Front.Java.21/bitcoin/29/wallets/2026.05.04/chainstate/chainstate/000006.log: Empty file
/home/mearvk/IdeaProjects/Java.Web.Server.Telnet.Front.Java.21/bitcoin/29/wallets/2026.05.04/chainstate/chainstate/LOCK: Empty file
/home/mearvk/IdeaProjects/Java.Web.Server.Telnet.Front.Java.21/bitcoin/29/wallets/2026.05.04/blocks/blocks/.lock: Empty file
/home/mearvk/IdeaProjects/Java.Web.Server.Telnet.Front.Java.21/bitcoin/29/wallets/2026.05.04/blocks/blocks/index/000006.log: Empty file
/home/mearvk/IdeaProjects/Java.Web.Server.Telnet.Front.Java.21/bitcoin/29/wallets/2026.05.04/blocks/blocks/index/LOCK: Empty file
/home/mearvk/IdeaProjects/Java.Web.Server.Telnet.Front.Java.21/bitcoin/29/wallets/2026.05.04/blocks/blocks/rev00000.dat: Empty file
/home/mearvk/IdeaProjects/Java.Web.Server.Telnet.Front.Java.21/bitcoin/29/wallets/2026.04.10/chainstate/chainstate/LOCK: Empty file
/home/mearvk/IdeaProjects/Java.Web.Server.Telnet.Front.Java.21/bitcoin/29/wallets/2026.04.10/chainstate/chainstate/000009.log: Empty file
/home/mearvk/IdeaProjects/Java.Web.Server.Telnet.Front.Java.21/bitcoin/29/wallets/2026.04.03/chainstate/chainstate/000006.log: Empty file
/home/mearvk/IdeaProjects/Java.Web.Server.Telnet.Front.Java.21/bitcoin/29/wallets/2026.04.03/chainstate/chainstate/LOCK: Empty file
/home/mearvk/IdeaProjects/Java.Web.Server.Telnet.Front.Java.21/bitcoin/29/wallets/2026.04.03/blocks/blocks/.lock: Empty file
/home/mearvk/IdeaProjects/Java.Web.Server.Telnet.Front.Java.21/bitcoin/29/wallets/2026.04.03/blocks/blocks/index/000006.log: Empty file
/home/mearvk/IdeaProjects/Java.Web.Server.Telnet.Front.Java.21/bitcoin/29/wallets/2026.04.03/blocks/blocks/index/LOCK: Empty file
/home/mearvk/IdeaProjects/Java.Web.Server.Telnet.Front.Java.21/bitcoin/29/wallets/2026.04.03/blocks/blocks/rev00000.dat: Empty file
/home/mearvk/IdeaProjects/Java.Web.Server.Telnet.Front.Java.21/bitcoin/29/wallets/2026.04.17/chainstate/chainstate/000006.log: Empty file
/home/mearvk/IdeaProjects/Java.Web.Server.Telnet.Front.Java.21/bitcoin/29/wallets/2026.04.17/chainstate/chainstate/LOCK: Empty file
/home/mearvk/IdeaProjects/Java.Web.Server.Telnet.Front.Java.21/bitcoin/29/wallets/2026.04.17/blocks/blocks/.lock: Empty file
/home/mearvk/IdeaProjects/Java.Web.Server.Telnet.Front.Java.21/bitcoin/29/wallets/2026.04.17/blocks/blocks/index/000006.log: Empty file
/home/mearvk/IdeaProjects/Java.Web.Server.Telnet.Front.Java.21/bitcoin/29/wallets/2026.04.17/blocks/blocks/index/LOCK: Empty file
/home/mearvk/IdeaProjects/Java.Web.Server.Telnet.Front.Java.21/bitcoin/29/wallets/2026.04.17/blocks/blocks/rev00000.dat: Empty file
/home/mearvk/IdeaProjects/Java.Web.Server.Telnet.Front.Java.21/bitcoin/29/wallets/2026.03.28/chainstate/LOCK: Empty file
/home/mearvk/IdeaProjects/Java.Web.Server.Telnet.Front.Java.21/bitcoin/29/wallets/2026.03.28/blocks/.lock: Empty file
/home/mearvk/IdeaProjects/Java.Web.Server.Telnet.Front.Java.21/bitcoin/29/wallets/2026.03.28/blocks/index/LOCK: Empty file
/home/mearvk/IdeaProjects/Java.Web.Server.Telnet.Front.Java.21/bitcoin/29/wallets/2026.03.28/blocks/index/000003.log: Empty file
/home/mearvk/IdeaProjects/Java.Web.Server.Telnet.Front.Java.21/bitcoin/29/wallets/2026.04.18/chainstate/chainstate/000006.log: Empty file
/home/mearvk/IdeaProjects/Java.Web.Server.Telnet.Front.Java.21/bitcoin/29/wallets/2026.04.18/chainstate/chainstate/LOCK: Empty file LibClamAV Warning: **************************************************
LibClamAV Warning: ***  The virus database is older than 7 days!  ***
LibClamAV Warning: ***   Please update it as soon as possible.    ***
LibClamAV Warning: **************************************************
[2026-06-15T19:32:10.402279625] freshclam update (exit=10)
ClamAV update process started at Mon Jun 15 19:32:10 2026
ERROR: Can't create temporary directory /usr/local/share/clamav/tmp.807312b701
Hint: The database directory must be writable for UID 1000 or GID 1000
ERROR: Update failed.

[2026-06-15T21:21:34.944273014] freshclam update (exit=10)
ClamAV update process started at Mon Jun 15 21:21:34 2026
ERROR: Can't create temporary directory /usr/local/share/clamav/tmp.ea596653a4
Hint: The database directory must be writable for UID 1000 or GID 1000
ERROR: Update failed.

[2026-06-15T21:23:11.824264849] ClamAV ALERT (exit=130): /home/mearvk/IdeaProjects/Java.Web.Server.Telnet.Front.Java.21/bitcoin/28/wallets/2026.04.12/chainstate/chainstate/LOCK: Empty file
/home/mearvk/IdeaProjects/Java.Web.Server.Telnet.Front.Java.21/bitcoin/28/wallets/2026.04.12/blocks/blocks/index/LOCK: Empty file
/home/mearvk/IdeaProjects/Java.Web.Server.Telnet.Front.Java.21/bitcoin/28/wallets/2026.04.12/blocks/blocks/rev00000.dat: Empty file
/home/mearvk/IdeaProjects/Java.Web.Server.Telnet.Front.Java.21/bitcoin/28/wallets/2026.04.13/chainstate/chainstate/LOCK: Empty file
/home/mearvk/IdeaProjects/Java.Web.Server.Telnet.Front.Java.21/bitcoin/28/wallets/2026.04.13/blocks/blocks/index/LOCK: Empty file
/home/mearvk/IdeaProjects/Java.Web.Server.Telnet.Front.Java.21/bitcoin/28/wallets/2026.04.13/blocks/blocks/rev00000.dat: Empty file
/home/mearvk/IdeaProjects/Java.Web.Server.Telnet.Front.Java.21/bitcoin/28/wallets/2026.04.26/chainstate/chainstate/LOCK: Empty file
/home/mearvk/IdeaProjects/Java.Web.Server.Telnet.Front.Java.21/bitcoin/28/wallets/2026.04.26/blocks/blocks/index/LOCK: Empty file
/home/mearvk/IdeaProjects/Java.Web.Server.Telnet.Front.Java.21/bitcoin/28/wallets/2026.04.26/blocks/blocks/rev00000.dat: Empty file
/home/mearvk/IdeaProjects/Java.Web.Server.Telnet.Front.Java.21/bitcoin/28/wallets/2026.04.24/chainstate/chainstate/LOCK: Empty file
/home/mearvk/IdeaProjects/Java.Web.Server.Telnet.Front.Java.21/bitcoin/28/wallets/2026.04.24/blocks/blocks/index/LOCK: Empty file
/home/mearvk/IdeaProjects/Java.Web.Server.Telnet.Front.Java.21/bitcoin/28/wallets/2026.04.24/blocks/blocks/rev00000.dat: Empty file
/home/mearvk/IdeaProjects/Java.Web.Server.Telnet.Front.Java.21/bitcoin/28/wallets/2026.05.02/chainstate/chainstate/LOCK: Empty file
/home/mearvk/IdeaProjects/Java.Web.Server.Telnet.Front.Java.21/bitcoin/28/wallets/2026.05.02/blocks/blocks/index/LOCK: Empty file
/home/mearvk/IdeaProjects/Java.Web.Server.Telnet.Front.Java.21/bitcoin/28/wallets/2026.05.02/blocks/blocks/rev00000.dat: Empty file
/home/mearvk/IdeaProjects/Java.Web.Server.Telnet.Front.Java.21/bitcoin/28/wallets/2026.04.23/chainstate/chainstate/LOCK: Empty file
/home/mearvk/IdeaProjects/Java.Web.Server.Telnet.Front.Java.21/bitcoin/28/wallets/2026.04.23/blocks/blocks/index/LOCK: Empty file
/home/mearvk/IdeaProjects/Java.Web.Server.Telnet.Front.Java.21/bitcoin/28/wallets/2026.04.23/blocks/blocks/rev00000.dat: Empty file
/home/mearvk/IdeaProjects/Java.Web.Server.Telnet.Front.Java.21/bitcoin/28/wallets/2026.04.10/chainstate/chainstate/LOCK: Empty file
/home/mearvk/IdeaProjects/Java.Web.Server.Telnet.Front.Java.21/bitcoin/28/wallets/2026.04.03/chainstate/chainstate/002621.log: Empty file
/home/mearvk/IdeaProjects/Java.Web.Server.Telnet.Front.Java.21/bitcoin/28/wallets/2026.04.03/chainstate/chainstate/LOCK: Empty file
/home/mearvk/IdeaProjects/Java.Web.Server.Telnet.Front.Java.21/bitcoin/28/wallets/2026.04.03/blocks/blocks/index/LOCK: Empty file
/home/mearvk/IdeaProjects/Java.Web.Server.Telnet.Front.Java.21/bitcoin/28/wallets/2026.04.03/blocks/blocks/index/001621.log: Empty file
/home/mearvk/IdeaProjects/Java.Web.Server.Telnet.Front.Java.21/bitcoin/28/wallets/2026.04.17/chainstate/chainstate/LOCK: Empty file
/home/mearvk/IdeaProjects/Java.Web.Server.Telnet.Front.Java.21/bitcoin/28/wallets/2026.04.17/blocks/blocks/index/LOCK: Empty file
/home/mearvk/IdeaProjects/Java.Web.Server.Telnet.Front.Java.21/bitcoin/28/wallets/2026.04.17/blocks/blocks/rev00000.dat: Empty file
/home/mearvk/IdeaProjects/Java.Web.Server.Telnet.Front.Java.21/bitcoin/28/wallets/2026.04.18/chainstate/chainstate/LOCK: Empty file
/home/mearvk/IdeaProjects/Java.Web.Server.Telnet.Front.Java.21/bitcoin/28/wallets/2026.04.18/blocks/blocks/index/LOCK: Empty file
/home/mearvk/IdeaProjects/Java.Web.Server.Telnet.Front.Java.21/bitcoin/28/wallets/2026.04.18/blocks/blocks/rev00000.dat: Empty file
/home/mearvk/IdeaProjects/Java.Web.Server.Telnet.Front.Java.21/bitcoin/28/wallets/2026.04.28/chainstate/chainstate/LOCK: Empty file
/home/mearvk/IdeaProjects/Java.Web.Server.Telnet.Front.Java.21/bitcoin/28/wallets/2026.04.28/blocks/blocks/index/LOCK: Empty file
/home/mearvk/IdeaProjects/Java.Web.Server.Telnet.Front.Java.21/bitcoin/28/wallets/2026.04.28/blocks/blocks/rev00000.dat: Empty file
/home/mearvk/IdeaProjects/Java.Web.Server.Telnet.Front.Java.21/bitcoin/28/wallets/2026.04.25/chainstate/chainstate/LOCK: Empty file
/home/mearvk/IdeaProjects/Java.Web.Server.Telnet.Front.Java.21/bitcoin/28/wallets/2026.04.25/blocks/blocks/index/LOCK: Empty file
/home/mearvk/IdeaProjects/Java.Web.Server.Telnet.Front.Java.21/bitcoin/28/wallets/2026.04.25/blocks/blocks/rev00000.dat: Empty file
/home/mearvk/IdeaProjects/Java.Web.Server.Telnet.Front.Java.21/bitcoin/28/wallets/2026.04.22/chainstate/chainstate/LOCK: Empty file
/home/mearvk/IdeaProjects/Java.Web.Server.Telnet.Front.Java.21/bitcoin/28/wallets/2026.04.22/blocks/blocks/index/LOCK: Empty file
/home/mearvk/IdeaProjects/Java.Web.Server.Telnet.Front.Java.21/bitcoin/28/wallets/2026.04.22/blocks/blocks/rev00000.dat: Empty file
/home/mearvk/IdeaProjects/Java.Web.Server.Telnet.Front.Java.21/bitcoin/28/wallets/2026.04.04/chainstate/chainstate/002621.log: Empty file
/home/mearvk/IdeaProjects/Java.Web.Server.Telnet.Front.Java.21/bitcoin/28/wallets/2026.04.04/chainstate/chainstate/LOCK: Empty file
/home/mearvk/IdeaProjects/Java.Web.Server.Telnet.Front.Java.21/bitcoin/28/wallets/2026.04.04/blocks/blocks/index/LOCK: Empty file
/home/mearvk/IdeaProjects/Java.Web.Server.Telnet.Front.Java.21/bitcoin/28/wallets/2026.04.04/blocks/blocks/index/001621.log: Empty file
/home/mearvk/IdeaProjects/Java.Web.Server.Telnet.Front.Java.21/bitcoin/28/wallets/2026.04.11/chainstate/chainstate/LOCK: Empty file
/home/mearvk/IdeaProjects/Java.Web.Server.Telnet.Front.Java.21/bitcoin/28/wallets/2026.05.01/chainstate/chainstate/LOCK: Empty file
/home/mearvk/IdeaProjects/Java.Web.Server.Telnet.Front.Java.21/bitcoin/28/wallets/2026.05.01/blocks/blocks/index/LOCK: Empty file
/home/mearvk/IdeaProjects/Java.Web.Server.Telnet.Front.Java.21/bitcoin/28/wallets/2026.05.01/blocks/blocks/rev00000.dat: Empty file
/home/mearvk/IdeaProjects/Java.Web.Server.Telnet.Front.Java.21/bitcoin/28/wallets/2026.04.27/chainstate/chainstate/LOCK: Empty file
/home/mearvk/IdeaProjects/Java.Web.Server.Telnet.Front.Java.21/bitcoin/28/wallets/2026.04.27/blocks/blocks/index/LOCK: Empty file
/home/mearvk/IdeaProjects/Java.Web.Server.Telnet.Front.Java.21/bitcoin/28/wallets/2026.04.27/blocks/blocks/rev00000.dat: Empty file
/home/mearvk/IdeaProjects/Java.Web.Server.Telnet.Front.Java.21/bitcoin/28/wallets/2026.04.15/chainstate/chainstate/LOCK: Empty file
/home/mearvk/IdeaProjects/Java.Web.Server.Telnet.Front.Java.21/bitcoin/28/wallets/2026.04.15/blocks/blocks/index/LOCK: Empty file
/home/mearvk/IdeaProjects/Java.Web.Server.Telnet.Front.Java.21/bitcoin/28/wallets/2026.04.15/blocks/blocks/rev00000.dat: Empty file
/home/mearvk/IdeaProjects/Java.Web.Server.Telnet.Front.Java.21/bitcoin/28/wallets/2026.04.21/chainstate/chainstate/LOCK: Empty file
/home/mearvk/IdeaProjects/Java.Web.Server.Telnet.Front.Java.21/bitcoin/28/wallets/2026.04.21/blocks/blocks/index/LOCK: Empty file
/home/mearvk/IdeaProjects/Java.Web.Server.Telnet.Front.Java.21/bitcoin/28/wallets/2026.04.21/blocks/blocks/rev00000.dat: Empty file
/home/mearvk/IdeaProjects/Java.Web.Server.Telnet.Front.Java.21/bitcoin/28/wallets/2026.04.29/chainstate/chainstate/LOCK: Empty file
/home/mearvk/IdeaProjects/Java.Web.Server.Telnet.Front.Java.21/bitcoin/28/wallets/2026.05.05/chainstate/chainstate/LOCK: Empty file
/home/mearvk/IdeaProjects/Java.Web.Server.Telnet.Front.Java.21/bitcoin/28/wallets/2026.05.05/blocks/blocks/index/LOCK: Empty file
/home/mearvk/IdeaProjects/Java.Web.Server.Telnet.Front.Java.21/bitcoin/28/wallets/2026.05.05/blocks/blocks/rev00000.dat: Empty file
/home/mearvk/IdeaProjects/Java.Web.Server.Telnet.Front.Java.21/bitcoin/28/wallets/2026.04.20/chainstate/chainstate/LOCK: Empty file
/home/mearvk/IdeaProjects/Java.Web.Server.Telnet.Front.Java.21/bitcoin/28/wallets/2026.04.20/blocks/blocks/index/LOCK: Empty file
/home/mearvk/IdeaProjects/Java.Web.Server.Telnet.Front.Java.21/bitcoin/28/wallets/2026.04.20/blocks/blocks/rev00000.dat: Empty file
/home/mearvk/IdeaProjects/Java.Web.Server.Telnet.Front.Java.21/bitcoin/28/wallets/2026.04.16/chainstate/chainstate/LOCK: Empty file
/home/mearvk/IdeaProjects/Java.Web.Server.Telnet.Front.Java.21/bitcoin/28/wallets/2026.04.16/blocks/blocks/index/LOCK: Empty file
/home/mearvk/IdeaProjects/Java.Web.Server.Telnet.Front.Java.21/bitcoin/28/wallets/2026.04.16/blocks/blocks/rev00000.dat: Empty file
/home/mearvk/IdeaProjects/Java.Web.Server.Telnet.Front.Java.21/bitcoin/28/wallets/2026.04.19/chainstate/chainstate/LOCK: Empty file
/home/mearvk/IdeaProjects/Java.Web.Server.Telnet.Front.Java.21/bitcoin/28/wallets/2026.04.19/blocks/blocks/index/LOCK: Empty file
/home/mearvk/IdeaProjects/Java.Web.Server.Telnet.Front.Java.21/bitcoin/28/wallets/2026.04.19/blocks/blocks/rev00000.dat: Empty file
/home/mearvk/IdeaProjects/Java.Web.Server.Telnet.Front.Java.21/bitcoin/28/wallets/2026.04.05/chainstate/chainstate/LOCK: Empty file
/home/mearvk/IdeaProjects/Java.Web.Server.Telnet.Front.Java.21/bitcoin/28/wallets/2026.04.05/blocks/blocks/index/LOCK: Empty file
/home/mearvk/IdeaProjects/Java.Web.Server.Telnet.Front.Java.21/bitcoin/28/wallets/2026.05.03/chainstate/chainstate/LOCK: Empty file
/home/mearvk/IdeaProjects/Java.Web.Server.Telnet.Front.Java.21/bitcoin/28/wallets/2026.05.03/blocks/blocks/index/LOCK: Empty file
/home/mearvk/IdeaProjects/Java.Web.Server.Telnet.Front.Java.21/bitcoin/28/wallets/2026.05.03/blocks/blocks/rev00000.dat: Empty file
/home/mearvk/IdeaProjects/Java.Web.Server.Telnet.Front.Java.21/bitcoin/28/wallets/2026.04.14/chainstate/chainstate/LOCK: Empty file
/home/mearvk/IdeaProjects/Java.Web.Server.Telnet.Front.Java.21/bitcoin/28/wallets/2026.04.14/blocks/blocks/index/LOCK: Empty file
/home/mearvk/IdeaProjects/Java.Web.Server.Telnet.Front.Java.21/bitcoin/28/wallets/2026.04.14/blocks/blocks/rev00000.dat: Empty file
/home/mearvk/IdeaProjects/Java.Web.Server.Telnet.Front.Java.21/bitcoin/28/wallets/2026.04.30/chainstate/chainstate/LOCK: Empty file
/home/mearvk/IdeaProjects/Java.Web.Server.Telnet.Front.Java.21/bitcoin/28/wallets/2026.04.30/blocks/blocks/index/LOCK: Empty file
/home/mearvk/IdeaProjects/Java.Web.Server.Telnet.Front.Java.21/bitcoin/28/wallets/2026.04.30/blocks/blocks/rev00000.dat: Empty file
/home/mearvk/IdeaProjects/Java.Web.Server.Telnet.Front.Java.21/bitcoin/27/wallets/2026.04.12/chainstate/000016.log: Empty file
/home/mearvk/IdeaProjects/Java.Web.Server.Telnet.Front.Java.21/bitcoin/27/wallets/2026.04.12/chainstate/LOCK: Empty file
/home/mearvk/IdeaProjects/Java.Web.Server.Telnet.Front.Java.21/bitcoin/27/wallets/2026.04.12/blocks/index/LOCK: Empty file
/home/mearvk/IdeaProjects/Java.Web.Server.Telnet.Front.Java.21/bitcoin/27/wallets/2026.04.12/blocks/index/000009.log: Empty file
/home/mearvk/IdeaProjects/Java.Web.Server.Telnet.Front.Java.21/bitcoin/27/wallets/2026.04.13/chainstate/000016.log: Empty file
/home/mearvk/IdeaProjects/Java.Web.Server.Telnet.Front.Java.21/bitcoin/27/wallets/2026.04.13/chainstate/LOCK: Empty file
/home/mearvk/IdeaProjects/Java.Web.Server.Telnet.Front.Java.21/bitcoin/27/wallets/2026.04.13/blocks/blocks/index/LOCK: Empty file
/home/mearvk/IdeaProjects/Java.Web.Server.Telnet.Front.Java.21/bitcoin/27/wallets/2026.04.13/blocks/blocks/index/000009.log: Empty file
/home/mearvk/IdeaProjects/Java.Web.Server.Telnet.Front.Java.21/bitcoin/27/wallets/2026.04.26/chainstate/000016.log: Empty file
/home/mearvk/IdeaProjects/Java.Web.Server.Telnet.Front.Java.21/bitcoin/27/wallets/2026.04.26/chainstate/LOCK: Empty file
/home/mearvk/IdeaProjects/Java.Web.Server.Telnet.Front.Java.21/bitcoin/27/wallets/2026.04.26/blocks/index/LOCK: Empty file
/home/mearvk/IdeaProjects/Java.Web.Server.Telnet.Front.Java.21/bitcoin/27/wallets/2026.04.26/blocks/index/000009.log: Empty file
/home/mearvk/IdeaProjects/Java.Web.Server.Telnet.Front.Java.21/bitcoin/27/wallets/2026.04.24/chainstate/chainstate/000016.log: Empty file
/home/mearvk/IdeaProjects/Java.Web.Server.Telnet.Front.Java.21/bitcoin/27/wallets/2026.04.24/chainstate/chainstate/LOCK: Empty file
/home/mearvk/IdeaProjects/Java.Web.Server.Telnet.Front.Java.21/bitcoin/27/wallets/2026.04.24/blocks/blocks/index/LOCK: Empty file
/home/mearvk/IdeaProjects/Java.Web.Server.Telnet.Front.Java.21/bitcoin/27/wallets/2026.04.24/blocks/blocks/index/000009.log: Empty file
/home/mearvk/IdeaProjects/Java.Web.Server.Telnet.Front.Java.21/bitcoin/27/wallets/2026.05.02/chainstate/000016.log: Empty file
/home/mearvk/IdeaProjects/Java.Web.Server.Telnet.Front.Java.21/bitcoin/27/wallets/2026.05.02/chainstate/LOCK: Empty file
/home/mearvk/IdeaProjects/Java.Web.Server.Telnet.Front.Java.21/bitcoin/27/wallets/2026.05.02/blocks/index/LOCK: Empty file
/home/mearvk/IdeaProjects/Java.Web.Server.Telnet.Front.Java.21/bitcoin/27/wallets/2026.05.02/blocks/index/000009.log: Empty file
/home/mearvk/IdeaProjects/Java.Web.Server.Telnet.Front.Java.21/bitcoin/27/wallets/2026.04.23/chainstate/chainstate/000016.log: Empty file
/home/mearvk/IdeaProjects/Java.Web.Server.Telnet.Front.Java.21/bitcoin/27/wallets/2026.04.23/chainstate/chainstate/LOCK: Empty file
/home/mearvk/IdeaProjects/Java.Web.Server.Telnet.Front.Java.21/bitcoin/27/wallets/2026.04.23/blocks/index/LOCK: Empty file
/home/mearvk/IdeaProjects/Java.Web.Server.Telnet.Front.Java.21/bitcoin/27/wallets/2026.04.23/blocks/index/000009.log: Empty file
/home/mearvk/IdeaProjects/Java.Web.Server.Telnet.Front.Java.21/bitcoin/27/wallets/2026.05.04/chainstate/chainstate/000016.log: Empty file
/home/mearvk/IdeaProjects/Java.Web.Server.Telnet.Front.Java.21/bitcoin/27/wallets/2026.05.04/chainstate/chainstate/LOCK: Empty file
/home/mearvk/IdeaProjects/Java.Web.Server.Telnet.Front.Java.21/bitcoin/27/wallets/2026.05.04/blocks/blocks/index/LOCK: Empty file
/home/mearvk/IdeaProjects/Java.Web.Server.Telnet.Front.Java.21/bitcoin/27/wallets/2026.05.04/blocks/blocks/index/000009.log: Empty file
/home/mearvk/IdeaProjects/Java.Web.Server.Telnet.Front.Java.21/bitcoin/27/wallets/2026.04.10/chainstate/000026.log: Empty file
/home/mearvk/IdeaProjects/Java.Web.Server.Telnet.Front.Java.21/bitcoin/27/wallets/2026.04.10/chainstate/LOCK: Empty file
/home/mearvk/IdeaProjects/Java.Web.Server.Telnet.Front.Java.21/bitcoin/27/wallets/2026.04.10/blocks/index/000014.log: Empty file
/home/mearvk/IdeaProjects/Java.Web.Server.Telnet.Front.Java.21/bitcoin/27/wallets/2026.04.10/blocks/index/LOCK: Empty file
/home/mearvk/IdeaProjects/Java.Web.Server.Telnet.Front.Java.21/bitcoin/27/wallets/2026.04.03/chainstate/chainstate/000016.log: Empty file
/home/mearvk/IdeaProjects/Java.Web.Server.Telnet.Front.Java.21/bitcoin/27/wallets/2026.04.03/chainstate/chainstate/LOCK: Empty file
/home/mearvk/IdeaProjects/Java.Web.Server.Telnet.Front.Java.21/bitcoin/27/wallets/2026.04.03/blocks/blocks/index/LOCK: Empty file
/home/mearvk/IdeaProjects/Java.Web.Server.Telnet.Front.Java.21/bitcoin/27/wallets/2026.04.17/chainstate/000016.log: Empty file
/home/mearvk/IdeaProjects/Java.Web.Server.Telnet.Front.Java.21/bitcoin/27/wallets/2026.04.17/chainstate/LOCK: Empty file
/home/mearvk/IdeaProjects/Java.Web.Server.Telnet.Front.Java.21/bitcoin/27/wallets/2026.04.17/blocks/index/LOCK: Empty file
/home/mearvk/IdeaProjects/Java.Web.Server.Telnet.Front.Java.21/bitcoin/27/wallets/2026.04.17/blocks/index/000009.log: Empty file
/home/mearvk/IdeaProjects/Java.Web.Server.Telnet.Front.Java.21/bitcoin/27/wallets/2026.04.18/chainstate/000016.log: Empty file
/home/mearvk/IdeaProjects/Java.Web.Server.Telnet.Front.Java.21/bitcoin/27/wallets/2026.04.18/chainstate/LOCK: Empty file
/home/mearvk/IdeaProjects/Java.Web.Server.Telnet.Front.Java.21/bitcoin/27/wallets/2026.04.18/blocks/index/LOCK: Empty file
/home/mearvk/IdeaProjects/Java.Web.Server.Telnet.Front.Java.21/bitcoin/27/wallets/2026.04.18/blocks/index/000009.log: Empty file
/home/mearvk/IdeaProjects/Java.Web.Server.Telnet.Front.Java.21/bitcoin/27/wallets/2026.04.28/chainstate/000016.log: Empty file
/home/mearvk/IdeaProjects/Java.Web.Server.Telnet.Front.Java.21/bitcoin/27/wallets/2026.04.28/chainstate/LOCK: Empty file
/home/mearvk/IdeaProjects/Java.Web.Server.Telnet.Front.Java.21/bitcoin/27/wallets/2026.04.28/blocks/index/LOCK: Empty file
/home/mearvk/IdeaProjects/Java.Web.Server.Telnet.Front.Java.21/bitcoin/27/wallets/2026.04.28/blocks/index/000009.log: Empty file
/home/mearvk/IdeaProjects/Java.Web.Server.Telnet.Front.Java.21/bitcoin/27/wallets/2026.04.25/chainstate/chainstate/000016.log: Empty file
/home/mearvk/IdeaProjects/Java.Web.Server.Telnet.Front.Java.21/bitcoin/27/wallets/2026.04.25/chainstate/chainstate/LOCK: Empty file
/home/mearvk/IdeaProjects/Java.Web.Server.Telnet.Front.Java.21/bitcoin/27/wallets/2026.04.25/blocks/index/LOCK: Empty file
/home/mearvk/IdeaProjects/Java.Web.Server.Telnet.Front.Java.21/bitcoin/27/wallets/2026.04.25/blocks/index/000009.log: Empty file
/home/mearvk/IdeaProjects/Java.Web.Server.Telnet.Front.Java.21/bitcoin/27/wallets/2026.04.22/chainstate/000016.log: Empty file
/home/mearvk/IdeaProjects/Java.Web.Server.Telnet.Front.Java.21/bitcoin/27/wallets/2026.04.22/chainstate/LOCK: Empty file
/home/mearvk/IdeaProjects/Java.Web.Server.Telnet.Front.Java.21/bitcoin/27/wallets/2026.04.22/blocks/index/LOCK: Empty file
/home/mearvk/IdeaProjects/Java.Web.Server.Telnet.Front.Java.21/bitcoin/27/wallets/2026.04.22/blocks/index/000009.log: Empty file
/home/mearvk/IdeaProjects/Java.Web.Server.Telnet.Front.Java.21/bitcoin/27/wallets/2026.04.04/chainstate/chainstate/000016.log: Empty file
/home/mearvk/IdeaProjects/Java.Web.Server.Telnet.Front.Java.21/bitcoin/27/wallets/2026.04.04/chainstate/chainstate/LOCK: Empty file
/home/mearvk/IdeaProjects/Java.Web.Server.Telnet.Front.Java.21/bitcoin/27/wallets/2026.04.04/blocks/blocks/index/LOCK: Empty file
/home/mearvk/IdeaProjects/Java.Web.Server.Telnet.Front.Java.21/bitcoin/27/wallets/2026.04.04/blocks/blocks/index/000009.log: Empty file
/home/mearvk/IdeaProjects/Java.Web.Server.Telnet.Front.Java.21/bitcoin/27/wallets/2026.04.09/chainstate/000028.log: Empty file
/home/mearvk/IdeaProjects/Java.Web.Server.Telnet.Front.Java.21/bitcoin/27/wallets/2026.04.09/chainstate/LOCK: Empty file
/home/mearvk/IdeaProjects/Java.Web.Server.Telnet.Front.Java.21/bitcoin/27/wallets/2026.04.09/blocks/blocks/index/000016.log: Empty file
/home/mearvk/IdeaProjects/Java.Web.Server.Telnet.Front.Java.21/bitcoin/27/wallets/2026.04.09/blocks/blocks/index/LOCK: Empty file
/home/mearvk/IdeaProjects/Java.Web.Server.Telnet.Front.Java.21/bitcoin/27/wallets/2026.04.11/chainstate/000016.log: Empty file
/home/mearvk/IdeaProjects/Java.Web.Server.Telnet.Front.Java.21/bitcoin/27/wallets/2026.04.11/chainstate/LOCK: Empty file
/home/mearvk/IdeaProjects/Java.Web.Server.Telnet.Front.Java.21/bitcoin/27/wallets/2026.04.11/blocks/index/LOCK: Empty file
/home/mearvk/IdeaProjects/Java.Web.Server.Telnet.Front.Java.21/bitcoin/27/wallets/2026.04.11/blocks/index/000009.log: Empty file
/home/mearvk/IdeaProjects/Java.Web.Server.Telnet.Front.Java.21/bitcoin/27/wallets/2026.05.01/chainstate/chainstate/LOCK: Empty file
/home/mearvk/IdeaProjects/Java.Web.Server.Telnet.Front.Java.21/bitcoin/27/wallets/2026.05.01/chainstate/chainstate/000036.log: Empty file
/home/mearvk/IdeaProjects/Java.Web.Server.Telnet.Front.Java.21/bitcoin/27/wallets/2026.05.01/blocks/blocks/index/LOCK: Empty file
/home/mearvk/IdeaProjects/Java.Web.Server.Telnet.Front.Java.21/bitcoin/27/wallets/2026.05.01/blocks/blocks/index/000021.log: Empty file
/home/mearvk/IdeaProjects/Java.Web.Server.Telnet.Front.Java.21/bitcoin/27/wallets/2026.04.27/chainstate/000016.log: Empty file
/home/mearvk/IdeaProjects/Java.Web.Server.Telnet.Front.Java.21/bitcoin/27/wallets/2026.04.27/chainstate/LOCK: Empty file
/home/mearvk/IdeaProjects/Java.Web.Server.Telnet.Front.Java.21/bitcoin/27/wallets/2026.04.27/blocks/index/LOCK: Empty file
/home/mearvk/IdeaProjects/Java.Web.Server.Telnet.Front.Java.21/bitcoin/27/wallets/2026.04.27/blocks/index/000009.log: Empty file
/home/mearvk/IdeaProjects/Java.Web.Server.Telnet.Front.Java.21/bitcoin/27/wallets/2026.04.15/chainstate/000016.log: Empty file
/home/mearvk/IdeaProjects/Java.Web.Server.Telnet.Front.Java.21/bitcoin/27/wallets/2026.04.15/chainstate/LOCK: Empty file
/home/mearvk/IdeaProjects/Java.Web.Server.Telnet.Front.Java.21/bitcoin/27/wallets/2026.04.15/blocks/index/LOCK: Empty file
/home/mearvk/IdeaProjects/Java.Web.Server.Telnet.Front.Java.21/bitcoin/27/wallets/2026.04.15/blocks/index/000009.log: Empty file
/home/mearvk/IdeaProjects/Java.Web.Server.Telnet.Front.Java.21/bitcoin/27/wallets/2026.04.21/chainstate/000016.log: Empty file
/home/mearvk/IdeaProjects/Java.Web.Server.Telnet.Front.Java.21/bitcoin/27/wallets/2026.04.21/chainstate/LOCK: Empty file
/home/mearvk/IdeaProjects/Java.Web.Server.Telnet.Front.Java.21/bitcoin/27/wallets/2026.04.21/blocks/index/LOCK: Empty file
/home/mearvk/IdeaProjects/Java.Web.Server.Telnet.Front.Java.21/bitcoin/27/wallets/2026.04.21/blocks/index/000009.log: Empty file
/home/mearvk/IdeaProjects/Java.Web.Server.Telnet.Front.Java.21/bitcoin/27/wallets/2026.04.29/chainstate/000016.log: Empty file
/home/mearvk/IdeaProjects/Java.Web.Server.Telnet.Front.Java.21/bitcoin/27/wallets/2026.04.29/chainstate/LOCK: Empty file
/home/mearvk/IdeaProjects/Java.Web.Server.Telnet.Front.Java.21/bitcoin/27/wallets/2026.04.29/blocks/index/LOCK: Empty file
/home/mearvk/IdeaProjects/Java.Web.Server.Telnet.Front.Java.21/bitcoin/27/wallets/2026.04.29/blocks/index/000009.log: Empty file
/home/mearvk/IdeaProjects/Java.Web.Server.Telnet.Front.Java.21/bitcoin/27/wallets/2026.05.05/chainstate/000016.log: Empty file
/home/mearvk/IdeaProjects/Java.Web.Server.Telnet.Front.Java.21/bitcoin/27/wallets/2026.05.05/chainstate/LOCK: Empty file
/home/mearvk/IdeaProjects/Java.Web.Server.Telnet.Front.Java.21/bitcoin/27/wallets/2026.05.05/blocks/index/LOCK: Empty file
/home/mearvk/IdeaProjects/Java.Web.Server.Telnet.Front.Java.21/bitcoin/27/wallets/2026.05.05/blocks/index/000009.log: Empty file
/home/mearvk/IdeaProjects/Java.Web.Server.Telnet.Front.Java.21/bitcoin/27/wallets/2026.04.20/chainstate/chainstate/000016.log: Empty file
/home/mearvk/IdeaProjects/Java.Web.Server.Telnet.Front.Java.21/bitcoin/27/wallets/2026.04.20/chainstate/chainstate/LOCK: Empty file
/home/mearvk/IdeaProjects/Java.Web.Server.Telnet.Front.Java.21/bitcoin/27/wallets/2026.04.20/blocks/index/LOCK: Empty file
/home/mearvk/IdeaProjects/Java.Web.Server.Telnet.Front.Java.21/bitcoin/27/wallets/2026.04.20/blocks/index/000009.log: Empty file
/home/mearvk/IdeaProjects/Java.Web.Server.Telnet.Front.Java.21/bitcoin/27/wallets/2026.04.16/chainstate/chainstate/LOCK: Empty file
/home/mearvk/IdeaProjects/Java.Web.Server.Telnet.Front.Java.21/bitcoin/27/wallets/2026.04.16/chainstate/chainstate/000080.log: Empty file
/home/mearvk/IdeaProjects/Java.Web.Server.Telnet.Front.Java.21/bitcoin/27/wallets/2026.04.16/blocks/index/000046.log: Empty file
/home/mearvk/IdeaProjects/Java.Web.Server.Telnet.Front.Java.21/bitcoin/27/wallets/2026.04.16/blocks/index/LOCK: Empty file
/home/mearvk/IdeaProjects/Java.Web.Server.Telnet.Front.Java.21/bitcoin/27/wallets/2026.04.19/chainstate/000016.log: Empty file
/home/mearvk/IdeaProjects/Java.Web.Server.Telnet.Front.Java.21/bitcoin/27/wallets/2026.04.19/chainstate/LOCK: Empty file
/home/mearvk/IdeaProjects/Java.Web.Server.Telnet.Front.Java.21/bitcoin/27/wallets/2026.04.19/blocks/index/LOCK: Empty file
/home/mearvk/IdeaProjects/Java.Web.Server.Telnet.Front.Java.21/bitcoin/27/wallets/2026.04.19/blocks/index/000009.log: Empty file
/home/mearvk/IdeaProjects/Java.Web.Server.Telnet.Front.Java.21/bitcoin/27/wallets/2026.04.05/chainstate/chainstate/000016.log: Empty file
/home/mearvk/IdeaProjects/Java.Web.Server.Telnet.Front.Java.21/bitcoin/27/wallets/2026.04.05/chainstate/chainstate/LOCK: Empty file
/home/mearvk/IdeaProjects/Java.Web.Server.Telnet.Front.Java.21/bitcoin/27/wallets/2026.04.05/blocks/blocks/index/LOCK: Empty file
/home/mearvk/IdeaProjects/Java.Web.Server.Telnet.Front.Java.21/bitcoin/27/wallets/2026.04.05/blocks/blocks/index/000009.log: Empty file
/home/mearvk/IdeaProjects/Java.Web.Server.Telnet.Front.Java.21/bitcoin/27/wallets/2026.05.03/chainstate/chainstate/000016.log: Empty file
/home/mearvk/IdeaProjects/Java.Web.Server.Telnet.Front.Java.21/bitcoin/27/wallets/2026.05.03/chainstate/chainstate/LOCK: Empty file
/home/mearvk/IdeaProjects/Java.Web.Server.Telnet.Front.Java.21/bitcoin/27/wallets/2026.05.03/blocks/blocks/index/LOCK: Empty file
/home/mearvk/IdeaProjects/Java.Web.Server.Telnet.Front.Java.21/bitcoin/27/wallets/2026.05.03/blocks/blocks/index/000009.log: Empty file
/home/mearvk/IdeaProjects/Java.Web.Server.Telnet.Front.Java.21/bitcoin/27/wallets/2026.04.14/chainstate/000016.log: Empty file
/home/mearvk/IdeaProjects/Java.Web.Server.Telnet.Front.Java.21/bitcoin/27/wallets/2026.04.14/chainstate/LOCK: Empty file
/home/mearvk/IdeaProjects/Java.Web.Server.Telnet.Front.Java.21/bitcoin/27/wallets/2026.04.14/blocks/index/LOCK: Empty file
/home/mearvk/IdeaProjects/Java.Web.Server.Telnet.Front.Java.21/bitcoin/27/wallets/2026.04.14/blocks/index/000009.log: Empty file
/home/mearvk/IdeaProjects/Java.Web.Server.Telnet.Front.Java.21/bitcoin/27/wallets/2026.04.30/chainstate/000016.log: Empty file
/home/mearvk/IdeaProjects/Java.Web.Server.Telnet.Front.Java.21/bitcoin/27/wallets/2026.04.30/chainstate/LOCK: Empty file
/home/mearvk/IdeaProjects/Java.Web.Server.Telnet.Front.Java.21/bitcoin/27/wallets/2026.04.30/blocks/index/LOCK: Empty file
/home/mearvk/IdeaProjects/Java.Web.Server.Telnet.Front.Java.21/bitcoin/27/wallets/2026.04.30/blocks/index/000009.log: Empty file
/home/mearvk/IdeaProjects/Java.Web.Server.Telnet.Front.Java.21/bitcoin/24/wallets/2026.04.12/chainstate/chainstate/LOCK: Empty file
/home/mearvk/IdeaProjects/Java.Web.Server.Telnet.Front.Java.21/bitcoin/24/wallets/2026.04.12/blocks/blocks/index/LOCK: Empty file
/home/mearvk/IdeaProjects/Java.Web.Server.Telnet.Front.Java.21/bitcoin/24/wallets/2026.04.13/chainstate/LOCK: Empty file
/home/mearvk/IdeaProjects/Java.Web.Server.Telnet.Front.Java.21/bitcoin/24/wallets/2026.04.13/blocks/index/LOCK: Empty file
/home/mearvk/IdeaProjects/Java.Web.Server.Telnet.Front.Java.21/bitcoin/24/wallets/2026.04.13/blocks/rev00000.dat: Empty file
/home/mearvk/IdeaProjects/Java.Web.Server.Telnet.Front.Java.21/bitcoin/24/wallets/2026.04.26/chainstate/chainstate/LOCK: Empty file
/home/mearvk/IdeaProjects/Java.Web.Server.Telnet.Front.Java.21/bitcoin/24/wallets/2026.04.26/blocks/blocks/index/LOCK: Empty file
/home/mearvk/IdeaProjects/Java.Web.Server.Telnet.Front.Java.21/bitcoin/24/wallets/2026.04.26/blocks/blocks/rev00000.dat: Empty file
/home/mearvk/IdeaProjects/Java.Web.Server.Telnet.Front.Java.21/bitcoin/24/wallets/2026.04.06/chainstate/chainstate/LOCK: Empty file
/home/mearvk/IdeaProjects/Java.Web.Server.Telnet.Front.Java.21/bitcoin/24/wallets/2026.04.06/chainstate/chainstate/000009.log: Empty file
/home/mearvk/IdeaProjects/Java.Web.Server.Telnet.Front.Java.21/bitcoin/24/wallets/2026.04.06/blocks/blocks/index/LOCK: Empty file
/home/mearvk/IdeaProjects/Java.Web.Server.Telnet.Front.Java.21/bitcoin/24/wallets/2026.04.24/chainstate/LOCK: Empty file
/home/mearvk/IdeaProjects/Java.Web.Server.Telnet.Front.Java.21/bitcoin/24/wallets/2026.04.24/blocks/index/LOCK: Empty file
/home/mearvk/IdeaProjects/Java.Web.Server.Telnet.Front.Java.21/bitcoin/24/wallets/2026.04.24/blocks/rev00000.dat: Empty file
/home/mearvk/IdeaProjects/Java.Web.Server.Telnet.Front.Java.21/bitcoin/24/wallets/2026.05.02/chainstate/LOCK: Empty file
/home/mearvk/IdeaProjects/Java.Web.Server.Telnet.Front.Java.21/bitcoin/24/wallets/2026.05.02/blocks/index/LOCK: Empty file
/home/mearvk/IdeaProjects/Java.Web.Server.Telnet.Front.Java.21/bitcoin/24/wallets/2026.05.02/blocks/rev00000.dat: Empty file
/home/mearvk/IdeaProjects/Java.Web.Server.Telnet.Front.Java.21/bitcoin/24/wallets/2026.04.23/chainstate/LOCK: Empty file
/home/mearvk/IdeaProjects/Java.Web.Server.Telnet.Front.Java.21/bitcoin/24/wallets/2026.04.23/blocks/index/LOCK: Empty file
/home/mearvk/IdeaProjects/Java.Web.Server.Telnet.Front.Java.21/bitcoin/24/wallets/2026.04.23/blocks/rev00000.dat: Empty file
/home/mearvk/IdeaProjects/Java.Web.Server.Telnet.Front.Java.21/bitcoin/24/wallets/2026.05.04/chainstate/LOCK: Empty file
/home/mearvk/IdeaProjects/Java.Web.Server.Telnet.Front.Java.21/bitcoin/24/wallets/2026.05.04/blocks/blocks/index/LOCK: Empty file
/home/mearvk/IdeaProjects/Java.Web.Server.Telnet.Front.Java.21/bitcoin/24/wallets/2026.05.04/blocks/blocks/rev00000.dat: Empty file
/home/mearvk/IdeaProjects/Java.Web.Server.Telnet.Front.Java.21/bitcoin/24/wallets/2026.04.10/chainstate/LOCK: Empty file
/home/mearvk/IdeaProjects/Java.Web.Server.Telnet.Front.Java.21/bitcoin/24/wallets/2026.04.10/blocks/index/LOCK: Empty file
/home/mearvk/IdeaProjects/Java.Web.Server.Telnet.Front.Java.21/bitcoin/24/wallets/2026.04.03/chainstate/chainstate/LOCK: Empty file
/home/mearvk/IdeaProjects/Java.Web.Server.Telnet.Front.Java.21/bitcoin/24/wallets/2026.04.03/chainstate/chainstate/000024.log: Empty file
/home/mearvk/IdeaProjects/Java.Web.Server.Telnet.Front.Java.21/bitcoin/24/wallets/2026.04.03/blocks/blocks/index/000022.log: Empty file
/home/mearvk/IdeaProjects/Java.Web.Server.Telnet.Front.Java.21/bitcoin/24/wallets/2026.04.03/blocks/blocks/index/LOCK: Empty file
/home/mearvk/IdeaProjects/Java.Web.Server.Telnet.Front.Java.21/bitcoin/24/wallets/2026.04.17/chainstate/chainstate/LOCK: Empty file
/home/mearvk/IdeaProjects/Java.Web.Server.Telnet.Front.Java.21/bitcoin/24/wallets/2026.04.17/blocks/index/LOCK: Empty file
/home/mearvk/IdeaProjects/Java.Web.Server.Telnet.Front.Java.21/bitcoin/24/wallets/2026.04.17/blocks/rev00000.dat: Empty file
/home/mearvk/IdeaProjects/Java.Web.Server.Telnet.Front.Java.21/bitcoin/24/wallets/2026.04.18/chainstate/chainstate/LOCK: Empty file
/home/mearvk/IdeaProjects/Java.Web.Server.Telnet.Front.Java.21/bitcoin/24/wallets/2026.04.18/blocks/index/LOCK: Empty file
/home/mearvk/IdeaProjects/Java.Web.Server.Telnet.Front.Java.21/bitcoin/24/wallets/2026.04.18/blocks/rev00000.dat: Empty file
/home/mearvk/IdeaProjects/Java.Web.Server.Telnet.Front.Java.21/bitcoin/24/wallets/2026.04.28/chainstate/LOCK: Empty file
/home/mearvk/IdeaProjects/Java.Web.Server.Telnet.Front.Java.21/bitcoin/24/wallets/2026.04.28/blocks/index/LOCK: Empty file
/home/mearvk/IdeaProjects/Java.Web.Server.Telnet.Front.Java.21/bitcoin/24/wallets/2026.04.28/blocks/rev00000.dat: Empty file
/home/mearvk/IdeaProjects/Java.Web.Server.Telnet.Front.Java.21/bitcoin/24/wallets/2026.04.25/chainstate/LOCK: Empty file
/home/mearvk/IdeaProjects/Java.Web.Server.Telnet.Front.Java.21/bitcoin/24/wallets/2026.04.25/blocks/index/LOCK: Empty file
/home/mearvk/IdeaProjects/Java.Web.Server.Telnet.Front.Java.21/bitcoin/24/wallets/2026.04.25/blocks/rev00000.dat: Empty file
/home/mearvk/IdeaProjects/Java.Web.Server.Telnet.Front.Java.21/bitcoin/24/wallets/2026.04.22/chainstate/LOCK: Empty file
/home/mearvk/IdeaProjects/Java.Web.Server.Telnet.Front.Java.21/bitcoin/24/wallets/2026.04.22/blocks/index/LOCK: Empty file
/home/mearvk/IdeaProjects/Java.Web.Server.Telnet.Front.Java.21/bitcoin/24/wallets/2026.04.22/blocks/rev00000.dat: Empty file
/home/mearvk/IdeaProjects/Java.Web.Server.Telnet.Front.Java.21/bitcoin/24/wallets/2026.04.04/chainstate/chainstate/LOCK: Empty file
/home/mearvk/IdeaProjects/Java.Web.Server.Telnet.Front.Java.21/bitcoin/24/wallets/2026.04.04/chainstate/chainstate/000009.log: Empty file
/home/mearvk/IdeaProjects/Java.Web.Server.Telnet.Front.Java.21/bitcoin/24/wallets/2026.04.04/blocks/blocks/index/LOCK: Empty file
/home/mearvk/IdeaProjects/Java.Web.Server.Telnet.Front.Java.21/bitcoin/24/wallets/2026.04.09/chainstate/chainstate/000011.log: Empty file
/home/mearvk/IdeaProjects/Java.Web.Server.Telnet.Front.Java.21/bitcoin/24/wallets/2026.04.09/chainstate/chainstate/LOCK: Empty file
/home/mearvk/IdeaProjects/Java.Web.Server.Telnet.Front.Java.21/bitcoin/24/wallets/2026.04.09/blocks/index/LOCK: Empty file
/home/mearvk/IdeaProjects/Java.Web.Server.Telnet.Front.Java.21/bitcoin/24/wallets/2026.04.09/blocks/index/000010.log: Empty file
/home/mearvk/IdeaProjects/Java.Web.Server.Telnet.Front.Java.21/bitcoin/24/wallets/2026.04.11/chainstate/chainstate/LOCK: Empty file
/home/mearvk/IdeaProjects/Java.Web.Server.Telnet.Front.Java.21/bitcoin/24/wallets/2026.04.11/blocks/blocks/index/LOCK: Empty file
/home/mearvk/IdeaProjects/Java.Web.Server.Telnet.Front.Java.21/bitcoin/24/wallets/2026.04.11/blocks/blocks/rev00000.dat: Empty file
/home/mearvk/IdeaProjects/Java.Web.Server.Telnet.Front.Java.21/bitcoin/24/wallets/2026.05.01/chainstate/chainstate/LOCK: Empty file
/home/mearvk/IdeaProjects/Java.Web.Server.Telnet.Front.Java.21/bitcoin/24/wallets/2026.05.01/blocks/blocks/index/LOCK: Empty file
/home/mearvk/IdeaProjects/Java.Web.Server.Telnet.Front.Java.21/bitcoin/24/wallets/2026.05.01/blocks/blocks/rev00000.dat: Empty file
/home/mearvk/IdeaProjects/Java.Web.Server.Telnet.Front.Java.21/bitcoin/24/wallets/2026.04.27/chainstate/LOCK: Empty file
/home/mearvk/IdeaProjects/Java.Web.Server.Telnet.Front.Java.21/bitcoin/24/wallets/2026.04.27/blocks/index/LOCK: Empty file
/home/mearvk/IdeaProjects/Java.Web.Server.Telnet.Front.Java.21/bitcoin/24/wallets/2026.04.27/blocks/rev00000.dat: Empty file
/home/mearvk/IdeaProjects/Java.Web.Server.Telnet.Front.Java.21/bitcoin/24/wallets/2026.04.15/chainstate/LOCK: Empty file
/home/mearvk/IdeaProjects/Java.Web.Server.Telnet.Front.Java.21/bitcoin/24/wallets/2026.04.15/blocks/index/LOCK: Empty file
/home/mearvk/IdeaProjects/Java.Web.Server.Telnet.Front.Java.21/bitcoin/24/wallets/2026.04.15/blocks/rev00000.dat: Empty file
/home/mearvk/IdeaProjects/Java.Web.Server.Telnet.Front.Java.21/bitcoin/24/wallets/2026.04.21/chainstate/LOCK: Empty file
/home/mearvk/IdeaProjects/Java.Web.Server.Telnet.Front.Java.21/bitcoin/24/wallets/2026.04.21/blocks/blocks/index/LOCK: Empty file
/home/mearvk/IdeaProjects/Java.Web.Server.Telnet.Front.Java.21/bitcoin/24/wallets/2026.04.21/blocks/blocks/rev00000.dat: Empty file
/home/mearvk/IdeaProjects/Java.Web.Server.Telnet.Front.Java.21/bitcoin/24/wallets/2026.04.29/chainstate/LOCK: Empty file
/home/mearvk/IdeaProjects/Java.Web.Server.Telnet.Front.Java.21/bitcoin/24/wallets/2026.04.29/blocks/index/LOCK: Empty file
/home/mearvk/IdeaProjects/Java.Web.Server.Telnet.Front.Java.21/bitcoin/24/wallets/2026.04.29/blocks/rev00000.dat: Empty file
/home/mearvk/IdeaProjects/Java.Web.Server.Telnet.Front.Java.21/bitcoin/24/wallets/2026.05.05/chainstate/LOCK: Empty file
/home/mearvk/IdeaProjects/Java.Web.Server.Telnet.Front.Java.21/bitcoin/24/wallets/2026.05.05/blocks/index/LOCK: Empty file
/home/mearvk/IdeaProjects/Java.Web.Server.Telnet.Front.Java.21/bitcoin/24/wallets/2026.05.05/blocks/rev00000.dat: Empty file
/home/mearvk/IdeaProjects/Java.Web.Server.Telnet.Front.Java.21/bitcoin/24/wallets/2026.04.20/chainstate/LOCK: Empty file
/home/mearvk/IdeaProjects/Java.Web.Server.Telnet.Front.Java.21/bitcoin/24/wallets/2026.04.20/blocks/index/LOCK: Empty file
/home/mearvk/IdeaProjects/Java.Web.Server.Telnet.Front.Java.21/bitcoin/24/wallets/2026.04.20/blocks/rev00000.dat: Empty file
/home/mearvk/IdeaProjects/Java.Web.Server.Telnet.Front.Java.21/bitcoin/24/wallets/2026.04.16/chainstate/LOCK: Empty file
/home/mearvk/IdeaProjects/Java.Web.Server.Telnet.Front.Java.21/bitcoin/24/wallets/2026.04.16/blocks/index/LOCK: Empty file
/home/mearvk/IdeaProjects/Java.Web.Server.Telnet.Front.Java.21/bitcoin/24/wallets/2026.04.19/chainstate/LOCK: Empty file
/home/mearvk/IdeaProjects/Java.Web.Server.Telnet.Front.Java.21/bitcoin/24/wallets/2026.04.19/blocks/index/LOCK: Empty file
/home/mearvk/IdeaProjects/Java.Web.Server.Telnet.Front.Java.21/bitcoin/24/wallets/2026.04.19/blocks/rev00000.dat: Empty file
/home/mearvk/IdeaProjects/Java.Web.Server.Telnet.Front.Java.21/bitcoin/24/wallets/2026.04.05/chainstate/chainstate/LOCK: Empty file
/home/mearvk/IdeaProjects/Java.Web.Server.Telnet.Front.Java.21/bitcoin/24/wallets/2026.04.05/chainstate/chainstate/000009.log: Empty file
/home/mearvk/IdeaProjects/Java.Web.Server.Telnet.Front.Java.21/bitcoin/24/wallets/2026.04.05/blocks/blocks/index/000011.log: Empty file
/home/mearvk/IdeaProjects/Java.Web.Server.Telnet.Front.Java.21/bitcoin/24/wallets/2026.04.05/blocks/blocks/index/LOCK: Empty file
/home/mearvk/IdeaProjects/Java.Web.Server.Telnet.Front.Java.21/bitcoin/24/wallets/2026.05.03/chainstate/LOCK: Empty file
/home/mearvk/IdeaProjects/Java.Web.Server.Telnet.Front.Java.21/bitcoin/24/wallets/2026.05.03/blocks/index/LOCK: Empty file
/home/mearvk/IdeaProjects/Java.Web.Server.Telnet.Front.Java.21/bitcoin/24/wallets/2026.05.03/blocks/rev00000.dat: Empty file
/home/mearvk/IdeaProjects/Java.Web.Server.Telnet.Front.Java.21/bitcoin/24/wallets/2026.04.14/chainstate/LOCK: Empty file
/home/mearvk/IdeaProjects/Java.Web.Server.Telnet.Front.Java.21/bitcoin/24/wallets/2026.04.14/blocks/index/LOCK: Empty file
/home/mearvk/IdeaProjects/Java.Web.Server.Telnet.Front.Java.21/bitcoin/24/wallets/2026.04.30/chainstate/LOCK: Empty file
/home/mearvk/IdeaProjects/Java.Web.Server.Telnet.Front.Java.21/bitcoin/24/wallets/2026.04.30/blocks/index/LOCK: Empty file
/home/mearvk/IdeaProjects/Java.Web.Server.Telnet.Front.Java.21/bitcoin/24/wallets/2026.04.30/blocks/rev00000.dat: Empty file
/home/mearvk/IdeaProjects/Java.Web.Server.Telnet.Front.Java.21/bitcoin/30/wallets/2026.03.27/001/chainstate/000006.log: Empty file
/home/mearvk/IdeaProjects/Java.Web.Server.Telnet.Front.Java.21/bitcoin/30/wallets/2026.03.27/001/chainstate/LOCK: Empty file
/home/mearvk/IdeaProjects/Java.Web.Server.Telnet.Front.Java.21/bitcoin/30/wallets/2026.03.27/001/blocks/.lock: Empty file
/home/mearvk/IdeaProjects/Java.Web.Server.Telnet.Front.Java.21/bitcoin/30/wallets/2026.03.27/001/blocks/index/000006.log: Empty file
/home/mearvk/IdeaProjects/Java.Web.Server.Telnet.Front.Java.21/bitcoin/30/wallets/2026.03.27/001/blocks/index/LOCK: Empty file
/home/mearvk/IdeaProjects/Java.Web.Server.Telnet.Front.Java.21/bitcoin/30/wallets/2026.03.27/002/chainstate/LOCK: Empty file
/home/mearvk/IdeaProjects/Java.Web.Server.Telnet.Front.Java.21/bitcoin/30/wallets/2026.03.27/002/blocks/.lock: Empty file
/home/mearvk/IdeaProjects/Java.Web.Server.Telnet.Front.Java.21/bitcoin/30/wallets/2026.03.27/002/blocks/index/LOCK: Empty file
/home/mearvk/IdeaProjects/Java.Web.Server.Telnet.Front.Java.21/bitcoin/30/wallets/2026.03.27/002/blocks/index/000003.log: Empty file LibClamAV Warning: **************************************************
LibClamAV Warning: ***  The virus database is older than 7 days!  ***
LibClamAV Warning: ***   Please update it as soon as possible.    ***
LibClamAV Warning: **************************************************
[2026-06-15T21:25:54.723943241] freshclam update (exit=10)
ClamAV update process started at Mon Jun 15 21:25:54 2026
ERROR: Can't create temporary directory /usr/local/share/clamav/tmp.ca08a2cb18
Hint: The database directory must be writable for UID 1000 or GID 1000
ERROR: Update failed.

[2026-06-15T21:30:30.972133892] ClamAV ALERT (exit=130): /home/mearvk/IdeaProjects/Java.Web.Server.Telnet.Front.Java.21/bitcoin/28/wallets/2026.04.12/chainstate/chainstate/LOCK: Empty file
/home/mearvk/IdeaProjects/Java.Web.Server.Telnet.Front.Java.21/bitcoin/28/wallets/2026.04.12/blocks/blocks/index/LOCK: Empty file
/home/mearvk/IdeaProjects/Java.Web.Server.Telnet.Front.Java.21/bitcoin/28/wallets/2026.04.12/blocks/blocks/rev00000.dat: Empty file
/home/mearvk/IdeaProjects/Java.Web.Server.Telnet.Front.Java.21/bitcoin/28/wallets/2026.04.13/chainstate/chainstate/LOCK: Empty file
/home/mearvk/IdeaProjects/Java.Web.Server.Telnet.Front.Java.21/bitcoin/28/wallets/2026.04.13/blocks/blocks/index/LOCK: Empty file
/home/mearvk/IdeaProjects/Java.Web.Server.Telnet.Front.Java.21/bitcoin/28/wallets/2026.04.13/blocks/blocks/rev00000.dat: Empty file
/home/mearvk/IdeaProjects/Java.Web.Server.Telnet.Front.Java.21/bitcoin/28/wallets/2026.04.26/chainstate/chainstate/LOCK: Empty file
/home/mearvk/IdeaProjects/Java.Web.Server.Telnet.Front.Java.21/bitcoin/28/wallets/2026.04.26/blocks/blocks/index/LOCK: Empty file
/home/mearvk/IdeaProjects/Java.Web.Server.Telnet.Front.Java.21/bitcoin/28/wallets/2026.04.26/blocks/blocks/rev00000.dat: Empty file
/home/mearvk/IdeaProjects/Java.Web.Server.Telnet.Front.Java.21/bitcoin/28/wallets/2026.04.24/chainstate/chainstate/LOCK: Empty file
/home/mearvk/IdeaProjects/Java.Web.Server.Telnet.Front.Java.21/bitcoin/28/wallets/2026.04.24/blocks/blocks/index/LOCK: Empty file
/home/mearvk/IdeaProjects/Java.Web.Server.Telnet.Front.Java.21/bitcoin/28/wallets/2026.04.24/blocks/blocks/rev00000.dat: Empty file
/home/mearvk/IdeaProjects/Java.Web.Server.Telnet.Front.Java.21/bitcoin/28/wallets/2026.05.02/chainstate/chainstate/LOCK: Empty file
/home/mearvk/IdeaProjects/Java.Web.Server.Telnet.Front.Java.21/bitcoin/28/wallets/2026.05.02/blocks/blocks/index/LOCK: Empty file
/home/mearvk/IdeaProjects/Java.Web.Server.Telnet.Front.Java.21/bitcoin/28/wallets/2026.05.02/blocks/blocks/rev00000.dat: Empty file
/home/mearvk/IdeaProjects/Java.Web.Server.Telnet.Front.Java.21/bitcoin/28/wallets/2026.04.23/chainstate/chainstate/LOCK: Empty file
/home/mearvk/IdeaProjects/Java.Web.Server.Telnet.Front.Java.21/bitcoin/28/wallets/2026.04.23/blocks/blocks/index/LOCK: Empty file
/home/mearvk/IdeaProjects/Java.Web.Server.Telnet.Front.Java.21/bitcoin/28/wallets/2026.04.23/blocks/blocks/rev00000.dat: Empty file
/home/mearvk/IdeaProjects/Java.Web.Server.Telnet.Front.Java.21/bitcoin/28/wallets/2026.04.10/chainstate/chainstate/LOCK: Empty file
/home/mearvk/IdeaProjects/Java.Web.Server.Telnet.Front.Java.21/bitcoin/28/wallets/2026.04.03/chainstate/chainstate/002621.log: Empty file
/home/mearvk/IdeaProjects/Java.Web.Server.Telnet.Front.Java.21/bitcoin/28/wallets/2026.04.03/chainstate/chainstate/LOCK: Empty file
/home/mearvk/IdeaProjects/Java.Web.Server.Telnet.Front.Java.21/bitcoin/28/wallets/2026.04.03/blocks/blocks/index/LOCK: Empty file
/home/mearvk/IdeaProjects/Java.Web.Server.Telnet.Front.Java.21/bitcoin/28/wallets/2026.04.03/blocks/blocks/index/001621.log: Empty file
/home/mearvk/IdeaProjects/Java.Web.Server.Telnet.Front.Java.21/bitcoin/28/wallets/2026.04.17/chainstate/chainstate/LOCK: Empty file
/home/mearvk/IdeaProjects/Java.Web.Server.Telnet.Front.Java.21/bitcoin/28/wallets/2026.04.17/blocks/blocks/index/LOCK: Empty file
/home/mearvk/IdeaProjects/Java.Web.Server.Telnet.Front.Java.21/bitcoin/28/wallets/2026.04.17/blocks/blocks/rev00000.dat: Empty file
/home/mearvk/IdeaProjects/Java.Web.Server.Telnet.Front.Java.21/bitcoin/28/wallets/2026.04.18/chainstate/chainstate/LOCK: Empty file
/home/mearvk/IdeaProjects/Java.Web.Server.Telnet.Front.Java.21/bitcoin/28/wallets/2026.04.18/blocks/blocks/index/LOCK: Empty file
/home/mearvk/IdeaProjects/Java.Web.Server.Telnet.Front.Java.21/bitcoin/28/wallets/2026.04.18/blocks/blocks/rev00000.dat: Empty file
/home/mearvk/IdeaProjects/Java.Web.Server.Telnet.Front.Java.21/bitcoin/28/wallets/2026.04.28/chainstate/chainstate/LOCK: Empty file
/home/mearvk/IdeaProjects/Java.Web.Server.Telnet.Front.Java.21/bitcoin/28/wallets/2026.04.28/blocks/blocks/index/LOCK: Empty file
/home/mearvk/IdeaProjects/Java.Web.Server.Telnet.Front.Java.21/bitcoin/28/wallets/2026.04.28/blocks/blocks/rev00000.dat: Empty file
/home/mearvk/IdeaProjects/Java.Web.Server.Telnet.Front.Java.21/bitcoin/28/wallets/2026.04.25/chainstate/chainstate/LOCK: Empty file
/home/mearvk/IdeaProjects/Java.Web.Server.Telnet.Front.Java.21/bitcoin/28/wallets/2026.04.25/blocks/blocks/index/LOCK: Empty file
/home/mearvk/IdeaProjects/Java.Web.Server.Telnet.Front.Java.21/bitcoin/28/wallets/2026.04.25/blocks/blocks/rev00000.dat: Empty file
/home/mearvk/IdeaProjects/Java.Web.Server.Telnet.Front.Java.21/bitcoin/28/wallets/2026.04.22/chainstate/chainstate/LOCK: Empty file
/home/mearvk/IdeaProjects/Java.Web.Server.Telnet.Front.Java.21/bitcoin/28/wallets/2026.04.22/blocks/blocks/index/LOCK: Empty file
/home/mearvk/IdeaProjects/Java.Web.Server.Telnet.Front.Java.21/bitcoin/28/wallets/2026.04.22/blocks/blocks/rev00000.dat: Empty file
/home/mearvk/IdeaProjects/Java.Web.Server.Telnet.Front.Java.21/bitcoin/28/wallets/2026.04.04/chainstate/chainstate/002621.log: Empty file
/home/mearvk/IdeaProjects/Java.Web.Server.Telnet.Front.Java.21/bitcoin/28/wallets/2026.04.04/chainstate/chainstate/LOCK: Empty file
/home/mearvk/IdeaProjects/Java.Web.Server.Telnet.Front.Java.21/bitcoin/28/wallets/2026.04.04/blocks/blocks/index/LOCK: Empty file
/home/mearvk/IdeaProjects/Java.Web.Server.Telnet.Front.Java.21/bitcoin/28/wallets/2026.04.04/blocks/blocks/index/001621.log: Empty file
/home/mearvk/IdeaProjects/Java.Web.Server.Telnet.Front.Java.21/bitcoin/28/wallets/2026.04.11/chainstate/chainstate/LOCK: Empty file
/home/mearvk/IdeaProjects/Java.Web.Server.Telnet.Front.Java.21/bitcoin/28/wallets/2026.05.01/chainstate/chainstate/LOCK: Empty file
/home/mearvk/IdeaProjects/Java.Web.Server.Telnet.Front.Java.21/bitcoin/28/wallets/2026.05.01/blocks/blocks/index/LOCK: Empty file
/home/mearvk/IdeaProjects/Java.Web.Server.Telnet.Front.Java.21/bitcoin/28/wallets/2026.05.01/blocks/blocks/rev00000.dat: Empty file
/home/mearvk/IdeaProjects/Java.Web.Server.Telnet.Front.Java.21/bitcoin/28/wallets/2026.04.27/chainstate/chainstate/LOCK: Empty file
/home/mearvk/IdeaProjects/Java.Web.Server.Telnet.Front.Java.21/bitcoin/28/wallets/2026.04.27/blocks/blocks/index/LOCK: Empty file
/home/mearvk/IdeaProjects/Java.Web.Server.Telnet.Front.Java.21/bitcoin/28/wallets/2026.04.27/blocks/blocks/rev00000.dat: Empty file
/home/mearvk/IdeaProjects/Java.Web.Server.Telnet.Front.Java.21/bitcoin/28/wallets/2026.04.15/chainstate/chainstate/LOCK: Empty file
/home/mearvk/IdeaProjects/Java.Web.Server.Telnet.Front.Java.21/bitcoin/28/wallets/2026.04.15/blocks/blocks/index/LOCK: Empty file
/home/mearvk/IdeaProjects/Java.Web.Server.Telnet.Front.Java.21/bitcoin/28/wallets/2026.04.15/blocks/blocks/rev00000.dat: Empty file
/home/mearvk/IdeaProjects/Java.Web.Server.Telnet.Front.Java.21/bitcoin/28/wallets/2026.04.21/chainstate/chainstate/LOCK: Empty file
/home/mearvk/IdeaProjects/Java.Web.Server.Telnet.Front.Java.21/bitcoin/28/wallets/2026.04.21/blocks/blocks/index/LOCK: Empty file
/home/mearvk/IdeaProjects/Java.Web.Server.Telnet.Front.Java.21/bitcoin/28/wallets/2026.04.21/blocks/blocks/rev00000.dat: Empty file
/home/mearvk/IdeaProjects/Java.Web.Server.Telnet.Front.Java.21/bitcoin/28/wallets/2026.04.29/chainstate/chainstate/LOCK: Empty file
/home/mearvk/IdeaProjects/Java.Web.Server.Telnet.Front.Java.21/bitcoin/28/wallets/2026.05.05/chainstate/chainstate/LOCK: Empty file
/home/mearvk/IdeaProjects/Java.Web.Server.Telnet.Front.Java.21/bitcoin/28/wallets/2026.05.05/blocks/blocks/index/LOCK: Empty file
/home/mearvk/IdeaProjects/Java.Web.Server.Telnet.Front.Java.21/bitcoin/28/wallets/2026.05.05/blocks/blocks/rev00000.dat: Empty file
/home/mearvk/IdeaProjects/Java.Web.Server.Telnet.Front.Java.21/bitcoin/28/wallets/2026.04.20/chainstate/chainstate/LOCK: Empty file
/home/mearvk/IdeaProjects/Java.Web.Server.Telnet.Front.Java.21/bitcoin/28/wallets/2026.04.20/blocks/blocks/index/LOCK: Empty file
/home/mearvk/IdeaProjects/Java.Web.Server.Telnet.Front.Java.21/bitcoin/28/wallets/2026.04.20/blocks/blocks/rev00000.dat: Empty file
/home/mearvk/IdeaProjects/Java.Web.Server.Telnet.Front.Java.21/bitcoin/28/wallets/2026.04.16/chainstate/chainstate/LOCK: Empty file
/home/mearvk/IdeaProjects/Java.Web.Server.Telnet.Front.Java.21/bitcoin/28/wallets/2026.04.16/blocks/blocks/index/LOCK: Empty file
/home/mearvk/IdeaProjects/Java.Web.Server.Telnet.Front.Java.21/bitcoin/28/wallets/2026.04.16/blocks/blocks/rev00000.dat: Empty file
/home/mearvk/IdeaProjects/Java.Web.Server.Telnet.Front.Java.21/bitcoin/28/wallets/2026.04.19/chainstate/chainstate/LOCK: Empty file
/home/mearvk/IdeaProjects/Java.Web.Server.Telnet.Front.Java.21/bitcoin/28/wallets/2026.04.19/blocks/blocks/index/LOCK: Empty file
/home/mearvk/IdeaProjects/Java.Web.Server.Telnet.Front.Java.21/bitcoin/28/wallets/2026.04.19/blocks/blocks/rev00000.dat: Empty file
/home/mearvk/IdeaProjects/Java.Web.Server.Telnet.Front.Java.21/bitcoin/28/wallets/2026.04.05/chainstate/chainstate/LOCK: Empty file
/home/mearvk/IdeaProjects/Java.Web.Server.Telnet.Front.Java.21/bitcoin/28/wallets/2026.04.05/blocks/blocks/index/LOCK: Empty file
/home/mearvk/IdeaProjects/Java.Web.Server.Telnet.Front.Java.21/bitcoin/28/wallets/2026.05.03/chainstate/chainstate/LOCK: Empty file
/home/mearvk/IdeaProjects/Java.Web.Server.Telnet.Front.Java.21/bitcoin/28/wallets/2026.05.03/blocks/blocks/index/LOCK: Empty file
/home/mearvk/IdeaProjects/Java.Web.Server.Telnet.Front.Java.21/bitcoin/28/wallets/2026.05.03/blocks/blocks/rev00000.dat: Empty file
/home/mearvk/IdeaProjects/Java.Web.Server.Telnet.Front.Java.21/bitcoin/28/wallets/2026.04.14/chainstate/chainstate/LOCK: Empty file
/home/mearvk/IdeaProjects/Java.Web.Server.Telnet.Front.Java.21/bitcoin/28/wallets/2026.04.14/blocks/blocks/index/LOCK: Empty file
/home/mearvk/IdeaProjects/Java.Web.Server.Telnet.Front.Java.21/bitcoin/28/wallets/2026.04.14/blocks/blocks/rev00000.dat: Empty file
/home/mearvk/IdeaProjects/Java.Web.Server.Telnet.Front.Java.21/bitcoin/28/wallets/2026.04.30/chainstate/chainstate/LOCK: Empty file
/home/mearvk/IdeaProjects/Java.Web.Server.Telnet.Front.Java.21/bitcoin/28/wallets/2026.04.30/blocks/blocks/index/LOCK: Empty file
/home/mearvk/IdeaProjects/Java.Web.Server.Telnet.Front.Java.21/bitcoin/28/wallets/2026.04.30/blocks/blocks/rev00000.dat: Empty file
/home/mearvk/IdeaProjects/Java.Web.Server.Telnet.Front.Java.21/bitcoin/27/wallets/2026.04.12/chainstate/000016.log: Empty file
/home/mearvk/IdeaProjects/Java.Web.Server.Telnet.Front.Java.21/bitcoin/27/wallets/2026.04.12/chainstate/LOCK: Empty file
/home/mearvk/IdeaProjects/Java.Web.Server.Telnet.Front.Java.21/bitcoin/27/wallets/2026.04.12/blocks/index/LOCK: Empty file
/home/mearvk/IdeaProjects/Java.Web.Server.Telnet.Front.Java.21/bitcoin/27/wallets/2026.04.12/blocks/index/000009.log: Empty file
/home/mearvk/IdeaProjects/Java.Web.Server.Telnet.Front.Java.21/bitcoin/27/wallets/2026.04.13/chainstate/000016.log: Empty file
/home/mearvk/IdeaProjects/Java.Web.Server.Telnet.Front.Java.21/bitcoin/27/wallets/2026.04.13/chainstate/LOCK: Empty file
/home/mearvk/IdeaProjects/Java.Web.Server.Telnet.Front.Java.21/bitcoin/27/wallets/2026.04.13/blocks/blocks/index/LOCK: Empty file
/home/mearvk/IdeaProjects/Java.Web.Server.Telnet.Front.Java.21/bitcoin/27/wallets/2026.04.13/blocks/blocks/index/000009.log: Empty file
/home/mearvk/IdeaProjects/Java.Web.Server.Telnet.Front.Java.21/bitcoin/27/wallets/2026.04.26/chainstate/000016.log: Empty file
/home/mearvk/IdeaProjects/Java.Web.Server.Telnet.Front.Java.21/bitcoin/27/wallets/2026.04.26/chainstate/LOCK: Empty file
/home/mearvk/IdeaProjects/Java.Web.Server.Telnet.Front.Java.21/bitcoin/27/wallets/2026.04.26/blocks/index/LOCK: Empty file
/home/mearvk/IdeaProjects/Java.Web.Server.Telnet.Front.Java.21/bitcoin/27/wallets/2026.04.26/blocks/index/000009.log: Empty file
/home/mearvk/IdeaProjects/Java.Web.Server.Telnet.Front.Java.21/bitcoin/27/wallets/2026.04.24/chainstate/chainstate/000016.log: Empty file
/home/mearvk/IdeaProjects/Java.Web.Server.Telnet.Front.Java.21/bitcoin/27/wallets/2026.04.24/chainstate/chainstate/LOCK: Empty file
/home/mearvk/IdeaProjects/Java.Web.Server.Telnet.Front.Java.21/bitcoin/27/wallets/2026.04.24/blocks/blocks/index/LOCK: Empty file
/home/mearvk/IdeaProjects/Java.Web.Server.Telnet.Front.Java.21/bitcoin/27/wallets/2026.04.24/blocks/blocks/index/000009.log: Empty file
/home/mearvk/IdeaProjects/Java.Web.Server.Telnet.Front.Java.21/bitcoin/27/wallets/2026.05.02/chainstate/000016.log: Empty file
/home/mearvk/IdeaProjects/Java.Web.Server.Telnet.Front.Java.21/bitcoin/27/wallets/2026.05.02/chainstate/LOCK: Empty file
/home/mearvk/IdeaProjects/Java.Web.Server.Telnet.Front.Java.21/bitcoin/27/wallets/2026.05.02/blocks/index/LOCK: Empty file
/home/mearvk/IdeaProjects/Java.Web.Server.Telnet.Front.Java.21/bitcoin/27/wallets/2026.05.02/blocks/index/000009.log: Empty file
/home/mearvk/IdeaProjects/Java.Web.Server.Telnet.Front.Java.21/bitcoin/27/wallets/2026.04.23/chainstate/chainstate/000016.log: Empty file
/home/mearvk/IdeaProjects/Java.Web.Server.Telnet.Front.Java.21/bitcoin/27/wallets/2026.04.23/chainstate/chainstate/LOCK: Empty file
/home/mearvk/IdeaProjects/Java.Web.Server.Telnet.Front.Java.21/bitcoin/27/wallets/2026.04.23/blocks/index/LOCK: Empty file
/home/mearvk/IdeaProjects/Java.Web.Server.Telnet.Front.Java.21/bitcoin/27/wallets/2026.04.23/blocks/index/000009.log: Empty file
/home/mearvk/IdeaProjects/Java.Web.Server.Telnet.Front.Java.21/bitcoin/27/wallets/2026.05.04/chainstate/chainstate/000016.log: Empty file
/home/mearvk/IdeaProjects/Java.Web.Server.Telnet.Front.Java.21/bitcoin/27/wallets/2026.05.04/chainstate/chainstate/LOCK: Empty file
/home/mearvk/IdeaProjects/Java.Web.Server.Telnet.Front.Java.21/bitcoin/27/wallets/2026.05.04/blocks/blocks/index/LOCK: Empty file
/home/mearvk/IdeaProjects/Java.Web.Server.Telnet.Front.Java.21/bitcoin/27/wallets/2026.05.04/blocks/blocks/index/000009.log: Empty file
/home/mearvk/IdeaProjects/Java.Web.Server.Telnet.Front.Java.21/bitcoin/27/wallets/2026.04.10/chainstate/000026.log: Empty file
/home/mearvk/IdeaProjects/Java.Web.Server.Telnet.Front.Java.21/bitcoin/27/wallets/2026.04.10/chainstate/LOCK: Empty file
/home/mearvk/IdeaProjects/Java.Web.Server.Telnet.Front.Java.21/bitcoin/27/wallets/2026.04.10/blocks/index/000014.log: Empty file
/home/mearvk/IdeaProjects/Java.Web.Server.Telnet.Front.Java.21/bitcoin/27/wallets/2026.04.10/blocks/index/LOCK: Empty file
/home/mearvk/IdeaProjects/Java.Web.Server.Telnet.Front.Java.21/bitcoin/27/wallets/2026.04.03/chainstate/chainstate/000016.log: Empty file
/home/mearvk/IdeaProjects/Java.Web.Server.Telnet.Front.Java.21/bitcoin/27/wallets/2026.04.03/chainstate/chainstate/LOCK: Empty file
/home/mearvk/IdeaProjects/Java.Web.Server.Telnet.Front.Java.21/bitcoin/27/wallets/2026.04.03/blocks/blocks/index/LOCK: Empty file
/home/mearvk/IdeaProjects/Java.Web.Server.Telnet.Front.Java.21/bitcoin/27/wallets/2026.04.17/chainstate/000016.log: Empty file
/home/mearvk/IdeaProjects/Java.Web.Server.Telnet.Front.Java.21/bitcoin/27/wallets/2026.04.17/chainstate/LOCK: Empty file
/home/mearvk/IdeaProjects/Java.Web.Server.Telnet.Front.Java.21/bitcoin/27/wallets/2026.04.17/blocks/index/LOCK: Empty file
/home/mearvk/IdeaProjects/Java.Web.Server.Telnet.Front.Java.21/bitcoin/27/wallets/2026.04.17/blocks/index/000009.log: Empty file
/home/mearvk/IdeaProjects/Java.Web.Server.Telnet.Front.Java.21/bitcoin/27/wallets/2026.04.18/chainstate/000016.log: Empty file
/home/mearvk/IdeaProjects/Java.Web.Server.Telnet.Front.Java.21/bitcoin/27/wallets/2026.04.18/chainstate/LOCK: Empty file
/home/mearvk/IdeaProjects/Java.Web.Server.Telnet.Front.Java.21/bitcoin/27/wallets/2026.04.18/blocks/index/LOCK: Empty file
/home/mearvk/IdeaProjects/Java.Web.Server.Telnet.Front.Java.21/bitcoin/27/wallets/2026.04.18/blocks/index/000009.log: Empty file
/home/mearvk/IdeaProjects/Java.Web.Server.Telnet.Front.Java.21/bitcoin/27/wallets/2026.04.28/chainstate/000016.log: Empty file
/home/mearvk/IdeaProjects/Java.Web.Server.Telnet.Front.Java.21/bitcoin/27/wallets/2026.04.28/chainstate/LOCK: Empty file
/home/mearvk/IdeaProjects/Java.Web.Server.Telnet.Front.Java.21/bitcoin/27/wallets/2026.04.28/blocks/index/LOCK: Empty file
/home/mearvk/IdeaProjects/Java.Web.Server.Telnet.Front.Java.21/bitcoin/27/wallets/2026.04.28/blocks/index/000009.log: Empty file
/home/mearvk/IdeaProjects/Java.Web.Server.Telnet.Front.Java.21/bitcoin/27/wallets/2026.04.25/chainstate/chainstate/000016.log: Empty file
/home/mearvk/IdeaProjects/Java.Web.Server.Telnet.Front.Java.21/bitcoin/27/wallets/2026.04.25/chainstate/chainstate/LOCK: Empty file
/home/mearvk/IdeaProjects/Java.Web.Server.Telnet.Front.Java.21/bitcoin/27/wallets/2026.04.25/blocks/index/LOCK: Empty file
/home/mearvk/IdeaProjects/Java.Web.Server.Telnet.Front.Java.21/bitcoin/27/wallets/2026.04.25/blocks/index/000009.log: Empty file
/home/mearvk/IdeaProjects/Java.Web.Server.Telnet.Front.Java.21/bitcoin/27/wallets/2026.04.22/chainstate/000016.log: Empty file
/home/mearvk/IdeaProjects/Java.Web.Server.Telnet.Front.Java.21/bitcoin/27/wallets/2026.04.22/chainstate/LOCK: Empty file
/home/mearvk/IdeaProjects/Java.Web.Server.Telnet.Front.Java.21/bitcoin/27/wallets/2026.04.22/blocks/index/LOCK: Empty file
/home/mearvk/IdeaProjects/Java.Web.Server.Telnet.Front.Java.21/bitcoin/27/wallets/2026.04.22/blocks/index/000009.log: Empty file
/home/mearvk/IdeaProjects/Java.Web.Server.Telnet.Front.Java.21/bitcoin/27/wallets/2026.04.04/chainstate/chainstate/000016.log: Empty file
/home/mearvk/IdeaProjects/Java.Web.Server.Telnet.Front.Java.21/bitcoin/27/wallets/2026.04.04/chainstate/chainstate/LOCK: Empty file
/home/mearvk/IdeaProjects/Java.Web.Server.Telnet.Front.Java.21/bitcoin/27/wallets/2026.04.04/blocks/blocks/index/LOCK: Empty file
/home/mearvk/IdeaProjects/Java.Web.Server.Telnet.Front.Java.21/bitcoin/27/wallets/2026.04.04/blocks/blocks/index/000009.log: Empty file
/home/mearvk/IdeaProjects/Java.Web.Server.Telnet.Front.Java.21/bitcoin/27/wallets/2026.04.09/chainstate/000028.log: Empty file
/home/mearvk/IdeaProjects/Java.Web.Server.Telnet.Front.Java.21/bitcoin/27/wallets/2026.04.09/chainstate/LOCK: Empty file
/home/mearvk/IdeaProjects/Java.Web.Server.Telnet.Front.Java.21/bitcoin/27/wallets/2026.04.09/blocks/blocks/index/000016.log: Empty file
/home/mearvk/IdeaProjects/Java.Web.Server.Telnet.Front.Java.21/bitcoin/27/wallets/2026.04.09/blocks/blocks/index/LOCK: Empty file
/home/mearvk/IdeaProjects/Java.Web.Server.Telnet.Front.Java.21/bitcoin/27/wallets/2026.04.11/chainstate/000016.log: Empty file
/home/mearvk/IdeaProjects/Java.Web.Server.Telnet.Front.Java.21/bitcoin/27/wallets/2026.04.11/chainstate/LOCK: Empty file
/home/mearvk/IdeaProjects/Java.Web.Server.Telnet.Front.Java.21/bitcoin/27/wallets/2026.04.11/blocks/index/LOCK: Empty file
/home/mearvk/IdeaProjects/Java.Web.Server.Telnet.Front.Java.21/bitcoin/27/wallets/2026.04.11/blocks/index/000009.log: Empty file
/home/mearvk/IdeaProjects/Java.Web.Server.Telnet.Front.Java.21/bitcoin/27/wallets/2026.05.01/chainstate/chainstate/LOCK: Empty file
/home/mearvk/IdeaProjects/Java.Web.Server.Telnet.Front.Java.21/bitcoin/27/wallets/2026.05.01/chainstate/chainstate/000036.log: Empty file
/home/mearvk/IdeaProjects/Java.Web.Server.Telnet.Front.Java.21/bitcoin/27/wallets/2026.05.01/blocks/blocks/index/LOCK: Empty file
/home/mearvk/IdeaProjects/Java.Web.Server.Telnet.Front.Java.21/bitcoin/27/wallets/2026.05.01/blocks/blocks/index/000021.log: Empty file
/home/mearvk/IdeaProjects/Java.Web.Server.Telnet.Front.Java.21/bitcoin/27/wallets/2026.04.27/chainstate/000016.log: Empty file
/home/mearvk/IdeaProjects/Java.Web.Server.Telnet.Front.Java.21/bitcoin/27/wallets/2026.04.27/chainstate/LOCK: Empty file
/home/mearvk/IdeaProjects/Java.Web.Server.Telnet.Front.Java.21/bitcoin/27/wallets/2026.04.27/blocks/index/LOCK: Empty file
/home/mearvk/IdeaProjects/Java.Web.Server.Telnet.Front.Java.21/bitcoin/27/wallets/2026.04.27/blocks/index/000009.log: Empty file
/home/mearvk/IdeaProjects/Java.Web.Server.Telnet.Front.Java.21/bitcoin/27/wallets/2026.04.15/chainstate/000016.log: Empty file
/home/mearvk/IdeaProjects/Java.Web.Server.Telnet.Front.Java.21/bitcoin/27/wallets/2026.04.15/chainstate/LOCK: Empty file
/home/mearvk/IdeaProjects/Java.Web.Server.Telnet.Front.Java.21/bitcoin/27/wallets/2026.04.15/blocks/index/LOCK: Empty file
/home/mearvk/IdeaProjects/Java.Web.Server.Telnet.Front.Java.21/bitcoin/27/wallets/2026.04.15/blocks/index/000009.log: Empty file
/home/mearvk/IdeaProjects/Java.Web.Server.Telnet.Front.Java.21/bitcoin/27/wallets/2026.04.21/chainstate/000016.log: Empty file
/home/mearvk/IdeaProjects/Java.Web.Server.Telnet.Front.Java.21/bitcoin/27/wallets/2026.04.21/chainstate/LOCK: Empty file
/home/mearvk/IdeaProjects/Java.Web.Server.Telnet.Front.Java.21/bitcoin/27/wallets/2026.04.21/blocks/index/LOCK: Empty file
/home/mearvk/IdeaProjects/Java.Web.Server.Telnet.Front.Java.21/bitcoin/27/wallets/2026.04.21/blocks/index/000009.log: Empty file
/home/mearvk/IdeaProjects/Java.Web.Server.Telnet.Front.Java.21/bitcoin/27/wallets/2026.04.29/chainstate/000016.log: Empty file
/home/mearvk/IdeaProjects/Java.Web.Server.Telnet.Front.Java.21/bitcoin/27/wallets/2026.04.29/chainstate/LOCK: Empty file
/home/mearvk/IdeaProjects/Java.Web.Server.Telnet.Front.Java.21/bitcoin/27/wallets/2026.04.29/blocks/index/LOCK: Empty file
/home/mearvk/IdeaProjects/Java.Web.Server.Telnet.Front.Java.21/bitcoin/27/wallets/2026.04.29/blocks/index/000009.log: Empty file
/home/mearvk/IdeaProjects/Java.Web.Server.Telnet.Front.Java.21/bitcoin/27/wallets/2026.05.05/chainstate/000016.log: Empty file
/home/mearvk/IdeaProjects/Java.Web.Server.Telnet.Front.Java.21/bitcoin/27/wallets/2026.05.05/chainstate/LOCK: Empty file
/home/mearvk/IdeaProjects/Java.Web.Server.Telnet.Front.Java.21/bitcoin/27/wallets/2026.05.05/blocks/index/LOCK: Empty file
/home/mearvk/IdeaProjects/Java.Web.Server.Telnet.Front.Java.21/bitcoin/27/wallets/2026.05.05/blocks/index/000009.log: Empty file
/home/mearvk/IdeaProjects/Java.Web.Server.Telnet.Front.Java.21/bitcoin/27/wallets/2026.04.20/chainstate/chainstate/000016.log: Empty file
/home/mearvk/IdeaProjects/Java.Web.Server.Telnet.Front.Java.21/bitcoin/27/wallets/2026.04.20/chainstate/chainstate/LOCK: Empty file
/home/mearvk/IdeaProjects/Java.Web.Server.Telnet.Front.Java.21/bitcoin/27/wallets/2026.04.20/blocks/index/LOCK: Empty file
/home/mearvk/IdeaProjects/Java.Web.Server.Telnet.Front.Java.21/bitcoin/27/wallets/2026.04.20/blocks/index/000009.log: Empty file
/home/mearvk/IdeaProjects/Java.Web.Server.Telnet.Front.Java.21/bitcoin/27/wallets/2026.04.16/chainstate/chainstate/LOCK: Empty file
/home/mearvk/IdeaProjects/Java.Web.Server.Telnet.Front.Java.21/bitcoin/27/wallets/2026.04.16/chainstate/chainstate/000080.log: Empty file
/home/mearvk/IdeaProjects/Java.Web.Server.Telnet.Front.Java.21/bitcoin/27/wallets/2026.04.16/blocks/index/000046.log: Empty file
/home/mearvk/IdeaProjects/Java.Web.Server.Telnet.Front.Java.21/bitcoin/27/wallets/2026.04.16/blocks/index/LOCK: Empty file
/home/mearvk/IdeaProjects/Java.Web.Server.Telnet.Front.Java.21/bitcoin/27/wallets/2026.04.19/chainstate/000016.log: Empty file
/home/mearvk/IdeaProjects/Java.Web.Server.Telnet.Front.Java.21/bitcoin/27/wallets/2026.04.19/chainstate/LOCK: Empty file
/home/mearvk/IdeaProjects/Java.Web.Server.Telnet.Front.Java.21/bitcoin/27/wallets/2026.04.19/blocks/index/LOCK: Empty file
/home/mearvk/IdeaProjects/Java.Web.Server.Telnet.Front.Java.21/bitcoin/27/wallets/2026.04.19/blocks/index/000009.log: Empty file
/home/mearvk/IdeaProjects/Java.Web.Server.Telnet.Front.Java.21/bitcoin/27/wallets/2026.04.05/chainstate/chainstate/000016.log: Empty file
/home/mearvk/IdeaProjects/Java.Web.Server.Telnet.Front.Java.21/bitcoin/27/wallets/2026.04.05/chainstate/chainstate/LOCK: Empty file
/home/mearvk/IdeaProjects/Java.Web.Server.Telnet.Front.Java.21/bitcoin/27/wallets/2026.04.05/blocks/blocks/index/LOCK: Empty file
/home/mearvk/IdeaProjects/Java.Web.Server.Telnet.Front.Java.21/bitcoin/27/wallets/2026.04.05/blocks/blocks/index/000009.log: Empty file
/home/mearvk/IdeaProjects/Java.Web.Server.Telnet.Front.Java.21/bitcoin/27/wallets/2026.05.03/chainstate/chainstate/000016.log: Empty file
/home/mearvk/IdeaProjects/Java.Web.Server.Telnet.Front.Java.21/bitcoin/27/wallets/2026.05.03/chainstate/chainstate/LOCK: Empty file
/home/mearvk/IdeaProjects/Java.Web.Server.Telnet.Front.Java.21/bitcoin/27/wallets/2026.05.03/blocks/blocks/index/LOCK: Empty file
/home/mearvk/IdeaProjects/Java.Web.Server.Telnet.Front.Java.21/bitcoin/27/wallets/2026.05.03/blocks/blocks/index/000009.log: Empty file
/home/mearvk/IdeaProjects/Java.Web.Server.Telnet.Front.Java.21/bitcoin/27/wallets/2026.04.14/chainstate/000016.log: Empty file
/home/mearvk/IdeaProjects/Java.Web.Server.Telnet.Front.Java.21/bitcoin/27/wallets/2026.04.14/chainstate/LOCK: Empty file
/home/mearvk/IdeaProjects/Java.Web.Server.Telnet.Front.Java.21/bitcoin/27/wallets/2026.04.14/blocks/index/LOCK: Empty file
/home/mearvk/IdeaProjects/Java.Web.Server.Telnet.Front.Java.21/bitcoin/27/wallets/2026.04.14/blocks/index/000009.log: Empty file
/home/mearvk/IdeaProjects/Java.Web.Server.Telnet.Front.Java.21/bitcoin/27/wallets/2026.04.30/chainstate/000016.log: Empty file
/home/mearvk/IdeaProjects/Java.Web.Server.Telnet.Front.Java.21/bitcoin/27/wallets/2026.04.30/chainstate/LOCK: Empty file
/home/mearvk/IdeaProjects/Java.Web.Server.Telnet.Front.Java.21/bitcoin/27/wallets/2026.04.30/blocks/index/LOCK: Empty file
/home/mearvk/IdeaProjects/Java.Web.Server.Telnet.Front.Java.21/bitcoin/27/wallets/2026.04.30/blocks/index/000009.log: Empty file
/home/mearvk/IdeaProjects/Java.Web.Server.Telnet.Front.Java.21/bitcoin/24/wallets/2026.04.12/chainstate/chainstate/LOCK: Empty file
/home/mearvk/IdeaProjects/Java.Web.Server.Telnet.Front.Java.21/bitcoin/24/wallets/2026.04.12/blocks/blocks/index/LOCK: Empty file
/home/mearvk/IdeaProjects/Java.Web.Server.Telnet.Front.Java.21/bitcoin/24/wallets/2026.04.13/chainstate/LOCK: Empty file
/home/mearvk/IdeaProjects/Java.Web.Server.Telnet.Front.Java.21/bitcoin/24/wallets/2026.04.13/blocks/index/LOCK: Empty file
/home/mearvk/IdeaProjects/Java.Web.Server.Telnet.Front.Java.21/bitcoin/24/wallets/2026.04.13/blocks/rev00000.dat: Empty file
/home/mearvk/IdeaProjects/Java.Web.Server.Telnet.Front.Java.21/bitcoin/24/wallets/2026.04.26/chainstate/chainstate/LOCK: Empty file
/home/mearvk/IdeaProjects/Java.Web.Server.Telnet.Front.Java.21/bitcoin/24/wallets/2026.04.26/blocks/blocks/index/LOCK: Empty file
/home/mearvk/IdeaProjects/Java.Web.Server.Telnet.Front.Java.21/bitcoin/24/wallets/2026.04.26/blocks/blocks/rev00000.dat: Empty file
/home/mearvk/IdeaProjects/Java.Web.Server.Telnet.Front.Java.21/bitcoin/24/wallets/2026.04.06/chainstate/chainstate/LOCK: Empty file
/home/mearvk/IdeaProjects/Java.Web.Server.Telnet.Front.Java.21/bitcoin/24/wallets/2026.04.06/chainstate/chainstate/000009.log: Empty file
/home/mearvk/IdeaProjects/Java.Web.Server.Telnet.Front.Java.21/bitcoin/24/wallets/2026.04.06/blocks/blocks/index/LOCK: Empty file
/home/mearvk/IdeaProjects/Java.Web.Server.Telnet.Front.Java.21/bitcoin/24/wallets/2026.04.24/chainstate/LOCK: Empty file
/home/mearvk/IdeaProjects/Java.Web.Server.Telnet.Front.Java.21/bitcoin/24/wallets/2026.04.24/blocks/index/LOCK: Empty file
/home/mearvk/IdeaProjects/Java.Web.Server.Telnet.Front.Java.21/bitcoin/24/wallets/2026.04.24/blocks/rev00000.dat: Empty file
/home/mearvk/IdeaProjects/Java.Web.Server.Telnet.Front.Java.21/bitcoin/24/wallets/2026.05.02/chainstate/LOCK: Empty file
/home/mearvk/IdeaProjects/Java.Web.Server.Telnet.Front.Java.21/bitcoin/24/wallets/2026.05.02/blocks/index/LOCK: Empty file
/home/mearvk/IdeaProjects/Java.Web.Server.Telnet.Front.Java.21/bitcoin/24/wallets/2026.05.02/blocks/rev00000.dat: Empty file
/home/mearvk/IdeaProjects/Java.Web.Server.Telnet.Front.Java.21/bitcoin/24/wallets/2026.04.23/chainstate/LOCK: Empty file
/home/mearvk/IdeaProjects/Java.Web.Server.Telnet.Front.Java.21/bitcoin/24/wallets/2026.04.23/blocks/index/LOCK: Empty file
/home/mearvk/IdeaProjects/Java.Web.Server.Telnet.Front.Java.21/bitcoin/24/wallets/2026.04.23/blocks/rev00000.dat: Empty file
/home/mearvk/IdeaProjects/Java.Web.Server.Telnet.Front.Java.21/bitcoin/24/wallets/2026.05.04/chainstate/LOCK: Empty file
/home/mearvk/IdeaProjects/Java.Web.Server.Telnet.Front.Java.21/bitcoin/24/wallets/2026.05.04/blocks/blocks/index/LOCK: Empty file
/home/mearvk/IdeaProjects/Java.Web.Server.Telnet.Front.Java.21/bitcoin/24/wallets/2026.05.04/blocks/blocks/rev00000.dat: Empty file
/home/mearvk/IdeaProjects/Java.Web.Server.Telnet.Front.Java.21/bitcoin/24/wallets/2026.04.10/chainstate/LOCK: Empty file
/home/mearvk/IdeaProjects/Java.Web.Server.Telnet.Front.Java.21/bitcoin/24/wallets/2026.04.10/blocks/index/LOCK: Empty file
/home/mearvk/IdeaProjects/Java.Web.Server.Telnet.Front.Java.21/bitcoin/24/wallets/2026.04.03/chainstate/chainstate/LOCK: Empty file
/home/mearvk/IdeaProjects/Java.Web.Server.Telnet.Front.Java.21/bitcoin/24/wallets/2026.04.03/chainstate/chainstate/000024.log: Empty file
/home/mearvk/IdeaProjects/Java.Web.Server.Telnet.Front.Java.21/bitcoin/24/wallets/2026.04.03/blocks/blocks/index/000022.log: Empty file
/home/mearvk/IdeaProjects/Java.Web.Server.Telnet.Front.Java.21/bitcoin/24/wallets/2026.04.03/blocks/blocks/index/LOCK: Empty file
/home/mearvk/IdeaProjects/Java.Web.Server.Telnet.Front.Java.21/bitcoin/24/wallets/2026.04.17/chainstate/chainstate/LOCK: Empty file
/home/mearvk/IdeaProjects/Java.Web.Server.Telnet.Front.Java.21/bitcoin/24/wallets/2026.04.17/blocks/index/LOCK: Empty file
/home/mearvk/IdeaProjects/Java.Web.Server.Telnet.Front.Java.21/bitcoin/24/wallets/2026.04.17/blocks/rev00000.dat: Empty file
/home/mearvk/IdeaProjects/Java.Web.Server.Telnet.Front.Java.21/bitcoin/24/wallets/2026.04.18/chainstate/chainstate/LOCK: Empty file
/home/mearvk/IdeaProjects/Java.Web.Server.Telnet.Front.Java.21/bitcoin/24/wallets/2026.04.18/blocks/index/LOCK: Empty file
/home/mearvk/IdeaProjects/Java.Web.Server.Telnet.Front.Java.21/bitcoin/24/wallets/2026.04.18/blocks/rev00000.dat: Empty file
/home/mearvk/IdeaProjects/Java.Web.Server.Telnet.Front.Java.21/bitcoin/24/wallets/2026.04.28/chainstate/LOCK: Empty file
/home/mearvk/IdeaProjects/Java.Web.Server.Telnet.Front.Java.21/bitcoin/24/wallets/2026.04.28/blocks/index/LOCK: Empty file
/home/mearvk/IdeaProjects/Java.Web.Server.Telnet.Front.Java.21/bitcoin/24/wallets/2026.04.28/blocks/rev00000.dat: Empty file
/home/mearvk/IdeaProjects/Java.Web.Server.Telnet.Front.Java.21/bitcoin/24/wallets/2026.04.25/chainstate/LOCK: Empty file
/home/mearvk/IdeaProjects/Java.Web.Server.Telnet.Front.Java.21/bitcoin/24/wallets/2026.04.25/blocks/index/LOCK: Empty file
/home/mearvk/IdeaProjects/Java.Web.Server.Telnet.Front.Java.21/bitcoin/24/wallets/2026.04.25/blocks/rev00000.dat: Empty file
/home/mearvk/IdeaProjects/Java.Web.Server.Telnet.Front.Java.21/bitcoin/24/wallets/2026.04.22/chainstate/LOCK: Empty file
/home/mearvk/IdeaProjects/Java.Web.Server.Telnet.Front.Java.21/bitcoin/24/wallets/2026.04.22/blocks/index/LOCK: Empty file
/home/mearvk/IdeaProjects/Java.Web.Server.Telnet.Front.Java.21/bitcoin/24/wallets/2026.04.22/blocks/rev00000.dat: Empty file
/home/mearvk/IdeaProjects/Java.Web.Server.Telnet.Front.Java.21/bitcoin/24/wallets/2026.04.04/chainstate/chainstate/LOCK: Empty file
/home/mearvk/IdeaProjects/Java.Web.Server.Telnet.Front.Java.21/bitcoin/24/wallets/2026.04.04/chainstate/chainstate/000009.log: Empty file
/home/mearvk/IdeaProjects/Java.Web.Server.Telnet.Front.Java.21/bitcoin/24/wallets/2026.04.04/blocks/blocks/index/LOCK: Empty file
/home/mearvk/IdeaProjects/Java.Web.Server.Telnet.Front.Java.21/bitcoin/24/wallets/2026.04.09/chainstate/chainstate/000011.log: Empty file
/home/mearvk/IdeaProjects/Java.Web.Server.Telnet.Front.Java.21/bitcoin/24/wallets/2026.04.09/chainstate/chainstate/LOCK: Empty file
/home/mearvk/IdeaProjects/Java.Web.Server.Telnet.Front.Java.21/bitcoin/24/wallets/2026.04.09/blocks/index/LOCK: Empty file
/home/mearvk/IdeaProjects/Java.Web.Server.Telnet.Front.Java.21/bitcoin/24/wallets/2026.04.09/blocks/index/000010.log: Empty file
/home/mearvk/IdeaProjects/Java.Web.Server.Telnet.Front.Java.21/bitcoin/24/wallets/2026.04.11/chainstate/chainstate/LOCK: Empty file
/home/mearvk/IdeaProjects/Java.Web.Server.Telnet.Front.Java.21/bitcoin/24/wallets/2026.04.11/blocks/blocks/index/LOCK: Empty file
/home/mearvk/IdeaProjects/Java.Web.Server.Telnet.Front.Java.21/bitcoin/24/wallets/2026.04.11/blocks/blocks/rev00000.dat: Empty file
/home/mearvk/IdeaProjects/Java.Web.Server.Telnet.Front.Java.21/bitcoin/24/wallets/2026.05.01/chainstate/chainstate/LOCK: Empty file
/home/mearvk/IdeaProjects/Java.Web.Server.Telnet.Front.Java.21/bitcoin/24/wallets/2026.05.01/blocks/blocks/index/LOCK: Empty file
/home/mearvk/IdeaProjects/Java.Web.Server.Telnet.Front.Java.21/bitcoin/24/wallets/2026.05.01/blocks/blocks/rev00000.dat: Empty file
/home/mearvk/IdeaProjects/Java.Web.Server.Telnet.Front.Java.21/bitcoin/24/wallets/2026.04.27/chainstate/LOCK: Empty file
/home/mearvk/IdeaProjects/Java.Web.Server.Telnet.Front.Java.21/bitcoin/24/wallets/2026.04.27/blocks/index/LOCK: Empty file
/home/mearvk/IdeaProjects/Java.Web.Server.Telnet.Front.Java.21/bitcoin/24/wallets/2026.04.27/blocks/rev00000.dat: Empty file
/home/mearvk/IdeaProjects/Java.Web.Server.Telnet.Front.Java.21/bitcoin/24/wallets/2026.04.15/chainstate/LOCK: Empty file
/home/mearvk/IdeaProjects/Java.Web.Server.Telnet.Front.Java.21/bitcoin/24/wallets/2026.04.15/blocks/index/LOCK: Empty file
/home/mearvk/IdeaProjects/Java.Web.Server.Telnet.Front.Java.21/bitcoin/24/wallets/2026.04.15/blocks/rev00000.dat: Empty file
/home/mearvk/IdeaProjects/Java.Web.Server.Telnet.Front.Java.21/bitcoin/24/wallets/2026.04.21/chainstate/LOCK: Empty file
/home/mearvk/IdeaProjects/Java.Web.Server.Telnet.Front.Java.21/bitcoin/24/wallets/2026.04.21/blocks/blocks/index/LOCK: Empty file
/home/mearvk/IdeaProjects/Java.Web.Server.Telnet.Front.Java.21/bitcoin/24/wallets/2026.04.21/blocks/blocks/rev00000.dat: Empty file
/home/mearvk/IdeaProjects/Java.Web.Server.Telnet.Front.Java.21/bitcoin/24/wallets/2026.04.29/chainstate/LOCK: Empty file
/home/mearvk/IdeaProjects/Java.Web.Server.Telnet.Front.Java.21/bitcoin/24/wallets/2026.04.29/blocks/index/LOCK: Empty file
/home/mearvk/IdeaProjects/Java.Web.Server.Telnet.Front.Java.21/bitcoin/24/wallets/2026.04.29/blocks/rev00000.dat: Empty file
/home/mearvk/IdeaProjects/Java.Web.Server.Telnet.Front.Java.21/bitcoin/24/wallets/2026.05.05/chainstate/LOCK: Empty file
/home/mearvk/IdeaProjects/Java.Web.Server.Telnet.Front.Java.21/bitcoin/24/wallets/2026.05.05/blocks/index/LOCK: Empty file
/home/mearvk/IdeaProjects/Java.Web.Server.Telnet.Front.Java.21/bitcoin/24/wallets/2026.05.05/blocks/rev00000.dat: Empty file
/home/mearvk/IdeaProjects/Java.Web.Server.Telnet.Front.Java.21/bitcoin/24/wallets/2026.04.20/chainstate/LOCK: Empty file
/home/mearvk/IdeaProjects/Java.Web.Server.Telnet.Front.Java.21/bitcoin/24/wallets/2026.04.20/blocks/index/LOCK: Empty file
/home/mearvk/IdeaProjects/Java.Web.Server.Telnet.Front.Java.21/bitcoin/24/wallets/2026.04.20/blocks/rev00000.dat: Empty file
/home/mearvk/IdeaProjects/Java.Web.Server.Telnet.Front.Java.21/bitcoin/24/wallets/2026.04.16/chainstate/LOCK: Empty file
/home/mearvk/IdeaProjects/Java.Web.Server.Telnet.Front.Java.21/bitcoin/24/wallets/2026.04.16/blocks/index/LOCK: Empty file
/home/mearvk/IdeaProjects/Java.Web.Server.Telnet.Front.Java.21/bitcoin/24/wallets/2026.04.19/chainstate/LOCK: Empty file
/home/mearvk/IdeaProjects/Java.Web.Server.Telnet.Front.Java.21/bitcoin/24/wallets/2026.04.19/blocks/index/LOCK: Empty file
/home/mearvk/IdeaProjects/Java.Web.Server.Telnet.Front.Java.21/bitcoin/24/wallets/2026.04.19/blocks/rev00000.dat: Empty file
/home/mearvk/IdeaProjects/Java.Web.Server.Telnet.Front.Java.21/bitcoin/24/wallets/2026.04.05/chainstate/chainstate/LOCK: Empty file
/home/mearvk/IdeaProjects/Java.Web.Server.Telnet.Front.Java.21/bitcoin/24/wallets/2026.04.05/chainstate/chainstate/000009.log: Empty file
/home/mearvk/IdeaProjects/Java.Web.Server.Telnet.Front.Java.21/bitcoin/24/wallets/2026.04.05/blocks/blocks/index/000011.log: Empty file
/home/mearvk/IdeaProjects/Java.Web.Server.Telnet.Front.Java.21/bitcoin/24/wallets/2026.04.05/blocks/blocks/index/LOCK: Empty file
/home/mearvk/IdeaProjects/Java.Web.Server.Telnet.Front.Java.21/bitcoin/24/wallets/2026.05.03/chainstate/LOCK: Empty file
/home/mearvk/IdeaProjects/Java.Web.Server.Telnet.Front.Java.21/bitcoin/24/wallets/2026.05.03/blocks/index/LOCK: Empty file
/home/mearvk/IdeaProjects/Java.Web.Server.Telnet.Front.Java.21/bitcoin/24/wallets/2026.05.03/blocks/rev00000.dat: Empty file
/home/mearvk/IdeaProjects/Java.Web.Server.Telnet.Front.Java.21/bitcoin/24/wallets/2026.04.14/chainstate/LOCK: Empty file
/home/mearvk/IdeaProjects/Java.Web.Server.Telnet.Front.Java.21/bitcoin/24/wallets/2026.04.14/blocks/index/LOCK: Empty file
/home/mearvk/IdeaProjects/Java.Web.Server.Telnet.Front.Java.21/bitcoin/24/wallets/2026.04.30/chainstate/LOCK: Empty file
/home/mearvk/IdeaProjects/Java.Web.Server.Telnet.Front.Java.21/bitcoin/24/wallets/2026.04.30/blocks/index/LOCK: Empty file
/home/mearvk/IdeaProjects/Java.Web.Server.Telnet.Front.Java.21/bitcoin/24/wallets/2026.04.30/blocks/rev00000.dat: Empty file
/home/mearvk/IdeaProjects/Java.Web.Server.Telnet.Front.Java.21/bitcoin/30/wallets/2026.03.27/001/chainstate/000006.log: Empty file
/home/mearvk/IdeaProjects/Java.Web.Server.Telnet.Front.Java.21/bitcoin/30/wallets/2026.03.27/001/chainstate/LOCK: Empty file
/home/mearvk/IdeaProjects/Java.Web.Server.Telnet.Front.Java.21/bitcoin/30/wallets/2026.03.27/001/blocks/.lock: Empty file
/home/mearvk/IdeaProjects/Java.Web.Server.Telnet.Front.Java.21/bitcoin/30/wallets/2026.03.27/001/blocks/index/000006.log: Empty file
/home/mearvk/IdeaProjects/Java.Web.Server.Telnet.Front.Java.21/bitcoin/30/wallets/2026.03.27/001/blocks/index/LOCK: Empty file
/home/mearvk/IdeaProjects/Java.Web.Server.Telnet.Front.Java.21/bitcoin/30/wallets/2026.03.27/002/chainstate/LOCK: Empty file
/home/mearvk/IdeaProjects/Java.Web.Server.Telnet.Front.Java.21/bitcoin/30/wallets/2026.03.27/002/blocks/.lock: Empty file
/home/mearvk/IdeaProjects/Java.Web.Server.Telnet.Front.Java.21/bitcoin/30/wallets/2026.03.27/002/blocks/index/LOCK: Empty file
/home/mearvk/IdeaProjects/Java.Web.Server.Telnet.Front.Java.21/bitcoin/30/wallets/2026.03.27/002/blocks/index/000003.log: Empty file
/home/mearvk/IdeaProjects/Java.Web.Server.Telnet.Front.Java.21/bitcoin/30/wallets/2026.04.03/chainstate/chainstate/LOCK: Empty file
/home/mearvk/IdeaProjects/Java.Web.Server.Telnet.Front.Java.21/bitcoin/30/wallets/2026.04.03/chainstate/chainstate/000009.log: Empty file
/home/mearvk/IdeaProjects/Java.Web.Server.Telnet.Front.Java.21/bitcoin/30/wallets/2026.04.03/blocks/blocks/.lock: Empty file
/home/mearvk/IdeaProjects/Java.Web.Server.Telnet.Front.Java.21/bitcoin/30/wallets/2026.04.03/blocks/blocks/index/LOCK: Empty file
/home/mearvk/IdeaProjects/Java.Web.Server.Telnet.Front.Java.21/bitcoin/30/wallets/2026.04.03/blocks/blocks/index/000009.log: Empty file
/home/mearvk/IdeaProjects/Java.Web.Server.Telnet.Front.Java.21/bitcoin/30/wallets/2026.04.04/chainstate/chainstate/LOCK: Empty file
/home/mearvk/IdeaProjects/Java.Web.Server.Telnet.Front.Java.21/bitcoin/30/wallets/2026.04.04/chainstate/chainstate/000009.log: Empty file
/home/mearvk/IdeaProjects/Java.Web.Server.Telnet.Front.Java.21/bitcoin/30/wallets/2026.04.04/blocks/blocks/.lock: Empty file
/home/mearvk/IdeaProjects/Java.Web.Server.Telnet.Front.Java.21/bitcoin/30/wallets/2026.04.04/blocks/blocks/index/LOCK: Empty file
/home/mearvk/IdeaProjects/Java.Web.Server.Telnet.Front.Java.21/bitcoin/30/wallets/2026.04.04/blocks/blocks/index/000009.log: Empty file
/home/mearvk/IdeaProjects/Java.Web.Server.Telnet.Front.Java.21/bitcoin/30/wallets/2026.04.05/chainstate/chainstate/LOCK: Empty file
/home/mearvk/IdeaProjects/Java.Web.Server.Telnet.Front.Java.21/bitcoin/30/wallets/2026.04.05/chainstate/chainstate/000009.log: Empty file
/home/mearvk/IdeaProjects/Java.Web.Server.Telnet.Front.Java.21/bitcoin/30/wallets/2026.04.05/blocks/blocks/.lock: Empty file
/home/mearvk/IdeaProjects/Java.Web.Server.Telnet.Front.Java.21/bitcoin/30/wallets/2026.04.05/blocks/blocks/index/LOCK: Empty file
/home/mearvk/IdeaProjects/Java.Web.Server.Telnet.Front.Java.21/bitcoin/30/wallets/2026.04.05/blocks/blocks/index/000009.log: Empty file
/home/mearvk/IdeaProjects/Java.Web.Server.Telnet.Front.Java.21/bitcoin/29/wallets/2026.04.12/chainstate/chainstate/000006.log: Empty file
/home/mearvk/IdeaProjects/Java.Web.Server.Telnet.Front.Java.21/bitcoin/29/wallets/2026.04.12/chainstate/chainstate/LOCK: Empty file
/home/mearvk/IdeaProjects/Java.Web.Server.Telnet.Front.Java.21/bitcoin/29/wallets/2026.04.12/blocks/blocks/.lock: Empty file
/home/mearvk/IdeaProjects/Java.Web.Server.Telnet.Front.Java.21/bitcoin/29/wallets/2026.04.12/blocks/blocks/index/000006.log: Empty file
/home/mearvk/IdeaProjects/Java.Web.Server.Telnet.Front.Java.21/bitcoin/29/wallets/2026.04.12/blocks/blocks/index/LOCK: Empty file
/home/mearvk/IdeaProjects/Java.Web.Server.Telnet.Front.Java.21/bitcoin/29/wallets/2026.04.12/blocks/blocks/rev00000.dat: Empty file
/home/mearvk/IdeaProjects/Java.Web.Server.Telnet.Front.Java.21/bitcoin/29/wallets/2026.04.13/chainstate/chainstate/000006.log: Empty file
/home/mearvk/IdeaProjects/Java.Web.Server.Telnet.Front.Java.21/bitcoin/29/wallets/2026.04.13/chainstate/chainstate/LOCK: Empty file
/home/mearvk/IdeaProjects/Java.Web.Server.Telnet.Front.Java.21/bitcoin/29/wallets/2026.04.13/blocks/blocks/.lock: Empty file
/home/mearvk/IdeaProjects/Java.Web.Server.Telnet.Front.Java.21/bitcoin/29/wallets/2026.04.13/blocks/blocks/index/000006.log: Empty file
/home/mearvk/IdeaProjects/Java.Web.Server.Telnet.Front.Java.21/bitcoin/29/wallets/2026.04.13/blocks/blocks/index/LOCK: Empty file
/home/mearvk/IdeaProjects/Java.Web.Server.Telnet.Front.Java.21/bitcoin/29/wallets/2026.04.13/blocks/blocks/rev00000.dat: Empty file
/home/mearvk/IdeaProjects/Java.Web.Server.Telnet.Front.Java.21/bitcoin/29/wallets/2026.04.26/chainstate/chainstate/000006.log: Empty file
/home/mearvk/IdeaProjects/Java.Web.Server.Telnet.Front.Java.21/bitcoin/29/wallets/2026.04.26/chainstate/chainstate/LOCK: Empty file
/home/mearvk/IdeaProjects/Java.Web.Server.Telnet.Front.Java.21/bitcoin/29/wallets/2026.04.26/blocks/blocks/.lock: Empty file
/home/mearvk/IdeaProjects/Java.Web.Server.Telnet.Front.Java.21/bitcoin/29/wallets/2026.04.26/blocks/blocks/index/000006.log: Empty file
/home/mearvk/IdeaProjects/Java.Web.Server.Telnet.Front.Java.21/bitcoin/29/wallets/2026.04.26/blocks/blocks/index/LOCK: Empty file
/home/mearvk/IdeaProjects/Java.Web.Server.Telnet.Front.Java.21/bitcoin/29/wallets/2026.04.26/blocks/blocks/rev00000.dat: Empty file
/home/mearvk/IdeaProjects/Java.Web.Server.Telnet.Front.Java.21/bitcoin/29/wallets/2026.04.24/chainstate/chainstate/000006.log: Empty file
/home/mearvk/IdeaProjects/Java.Web.Server.Telnet.Front.Java.21/bitcoin/29/wallets/2026.04.24/chainstate/chainstate/LOCK: Empty file
/home/mearvk/IdeaProjects/Java.Web.Server.Telnet.Front.Java.21/bitcoin/29/wallets/2026.04.24/blocks/blocks/.lock: Empty file
/home/mearvk/IdeaProjects/Java.Web.Server.Telnet.Front.Java.21/bitcoin/29/wallets/2026.04.24/blocks/blocks/index/000006.log: Empty file
/home/mearvk/IdeaProjects/Java.Web.Server.Telnet.Front.Java.21/bitcoin/29/wallets/2026.04.24/blocks/blocks/index/LOCK: Empty file
/home/mearvk/IdeaProjects/Java.Web.Server.Telnet.Front.Java.21/bitcoin/29/wallets/2026.04.24/blocks/blocks/rev00000.dat: Empty file
/home/mearvk/IdeaProjects/Java.Web.Server.Telnet.Front.Java.21/bitcoin/29/wallets/2026.05.02/chainstate/chainstate/000006.log: Empty file
/home/mearvk/IdeaProjects/Java.Web.Server.Telnet.Front.Java.21/bitcoin/29/wallets/2026.05.02/chainstate/chainstate/LOCK: Empty file
/home/mearvk/IdeaProjects/Java.Web.Server.Telnet.Front.Java.21/bitcoin/29/wallets/2026.05.02/blocks/blocks/.lock: Empty file
/home/mearvk/IdeaProjects/Java.Web.Server.Telnet.Front.Java.21/bitcoin/29/wallets/2026.05.02/blocks/blocks/index/000006.log: Empty file
/home/mearvk/IdeaProjects/Java.Web.Server.Telnet.Front.Java.21/bitcoin/29/wallets/2026.05.02/blocks/blocks/index/LOCK: Empty file
/home/mearvk/IdeaProjects/Java.Web.Server.Telnet.Front.Java.21/bitcoin/29/wallets/2026.05.02/blocks/blocks/rev00000.dat: Empty file
/home/mearvk/IdeaProjects/Java.Web.Server.Telnet.Front.Java.21/bitcoin/29/wallets/2026.04.23/chainstate/chainstate/000006.log: Empty file
/home/mearvk/IdeaProjects/Java.Web.Server.Telnet.Front.Java.21/bitcoin/29/wallets/2026.04.23/chainstate/chainstate/LOCK: Empty file
/home/mearvk/IdeaProjects/Java.Web.Server.Telnet.Front.Java.21/bitcoin/29/wallets/2026.04.23/blocks/blocks/.lock: Empty file
/home/mearvk/IdeaProjects/Java.Web.Server.Telnet.Front.Java.21/bitcoin/29/wallets/2026.04.23/blocks/blocks/index/000006.log: Empty file
/home/mearvk/IdeaProjects/Java.Web.Server.Telnet.Front.Java.21/bitcoin/29/wallets/2026.04.23/blocks/blocks/index/LOCK: Empty file
/home/mearvk/IdeaProjects/Java.Web.Server.Telnet.Front.Java.21/bitcoin/29/wallets/2026.04.23/blocks/blocks/rev00000.dat: Empty file
/home/mearvk/IdeaProjects/Java.Web.Server.Telnet.Front.Java.21/bitcoin/29/wallets/2026.05.04/chainstate/chainstate/000006.log: Empty file
/home/mearvk/IdeaProjects/Java.Web.Server.Telnet.Front.Java.21/bitcoin/29/wallets/2026.05.04/chainstate/chainstate/LOCK: Empty file
/home/mearvk/IdeaProjects/Java.Web.Server.Telnet.Front.Java.21/bitcoin/29/wallets/2026.05.04/blocks/blocks/.lock: Empty file
/home/mearvk/IdeaProjects/Java.Web.Server.Telnet.Front.Java.21/bitcoin/29/wallets/2026.05.04/blocks/blocks/index/000006.log: Empty file
/home/mearvk/IdeaProjects/Java.Web.Server.Telnet.Front.Java.21/bitcoin/29/wallets/2026.05.04/blocks/blocks/index/LOCK: Empty file
/home/mearvk/IdeaProjects/Java.Web.Server.Telnet.Front.Java.21/bitcoin/29/wallets/2026.05.04/blocks/blocks/rev00000.dat: Empty file
/home/mearvk/IdeaProjects/Java.Web.Server.Telnet.Front.Java.21/bitcoin/29/wallets/2026.04.10/chainstate/chainstate/LOCK: Empty file
/home/mearvk/IdeaProjects/Java.Web.Server.Telnet.Front.Java.21/bitcoin/29/wallets/2026.04.10/chainstate/chainstate/000009.log: Empty file
/home/mearvk/IdeaProjects/Java.Web.Server.Telnet.Front.Java.21/bitcoin/29/wallets/2026.04.03/chainstate/chainstate/000006.log: Empty file
/home/mearvk/IdeaProjects/Java.Web.Server.Telnet.Front.Java.21/bitcoin/29/wallets/2026.04.03/chainstate/chainstate/LOCK: Empty file
/home/mearvk/IdeaProjects/Java.Web.Server.Telnet.Front.Java.21/bitcoin/29/wallets/2026.04.03/blocks/blocks/.lock: Empty file
/home/mearvk/IdeaProjects/Java.Web.Server.Telnet.Front.Java.21/bitcoin/29/wallets/2026.04.03/blocks/blocks/index/000006.log: Empty file
/home/mearvk/IdeaProjects/Java.Web.Server.Telnet.Front.Java.21/bitcoin/29/wallets/2026.04.03/blocks/blocks/index/LOCK: Empty file
/home/mearvk/IdeaProjects/Java.Web.Server.Telnet.Front.Java.21/bitcoin/29/wallets/2026.04.03/blocks/blocks/rev00000.dat: Empty file
/home/mearvk/IdeaProjects/Java.Web.Server.Telnet.Front.Java.21/bitcoin/29/wallets/2026.04.17/chainstate/chainstate/000006.log: Empty file
/home/mearvk/IdeaProjects/Java.Web.Server.Telnet.Front.Java.21/bitcoin/29/wallets/2026.04.17/chainstate/chainstate/LOCK: Empty file
/home/mearvk/IdeaProjects/Java.Web.Server.Telnet.Front.Java.21/bitcoin/29/wallets/2026.04.17/blocks/blocks/.lock: Empty file
/home/mearvk/IdeaProjects/Java.Web.Server.Telnet.Front.Java.21/bitcoin/29/wallets/2026.04.17/blocks/blocks/index/000006.log: Empty file
/home/mearvk/IdeaProjects/Java.Web.Server.Telnet.Front.Java.21/bitcoin/29/wallets/2026.04.17/blocks/blocks/index/LOCK: Empty file
/home/mearvk/IdeaProjects/Java.Web.Server.Telnet.Front.Java.21/bitcoin/29/wallets/2026.04.17/blocks/blocks/rev00000.dat: Empty file
/home/mearvk/IdeaProjects/Java.Web.Server.Telnet.Front.Java.21/bitcoin/29/wallets/2026.03.28/chainstate/LOCK: Empty file
/home/mearvk/IdeaProjects/Java.Web.Server.Telnet.Front.Java.21/bitcoin/29/wallets/2026.03.28/blocks/.lock: Empty file
/home/mearvk/IdeaProjects/Java.Web.Server.Telnet.Front.Java.21/bitcoin/29/wallets/2026.03.28/blocks/index/LOCK: Empty file
/home/mearvk/IdeaProjects/Java.Web.Server.Telnet.Front.Java.21/bitcoin/29/wallets/2026.03.28/blocks/index/000003.log: Empty file
/home/mearvk/IdeaProjects/Java.Web.Server.Telnet.Front.Java.21/bitcoin/29/wallets/2026.04.18/chainstate/chainstate/000006.log: Empty file
/home/mearvk/IdeaProjects/Java.Web.Server.Telnet.Front.Java.21/bitcoin/29/wallets/2026.04.18/chainstate/chainstate/LOCK: Empty file
/home/mearvk/IdeaProjects/Java.Web.Server.Telnet.Front.Java.21/bitcoin/29/wallets/2026.04.18/blocks/blocks/.lock: Empty file
/home/mearvk/IdeaProjects/Java.Web.Server.Telnet.Front.Java.21/bitcoin/29/wallets/2026.04.18/blocks/blocks/index/000006.log: Empty file
/home/mearvk/IdeaProjects/Java.Web.Server.Telnet.Front.Java.21/bitcoin/29/wallets/2026.04.18/blocks/blocks/index/LOCK: Empty file
/home/mearvk/IdeaProjects/Java.Web.Server.Telnet.Front.Java.21/bitcoin/29/wallets/2026.04.18/blocks/blocks/rev00000.dat: Empty file
/home/mearvk/IdeaProjects/Java.Web.Server.Telnet.Front.Java.21/bitcoin/29/wallets/2026.04.28/chainstate/chainstate/000006.log: Empty file
/home/mearvk/IdeaProjects/Java.Web.Server.Telnet.Front.Java.21/bitcoin/29/wallets/2026.04.28/chainstate/chainstate/LOCK: Empty file
/home/mearvk/IdeaProjects/Java.Web.Server.Telnet.Front.Java.21/bitcoin/29/wallets/2026.04.28/blocks/blocks/.lock: Empty file
/home/mearvk/IdeaProjects/Java.Web.Server.Telnet.Front.Java.21/bitcoin/29/wallets/2026.04.28/blocks/blocks/index/000006.log: Empty file
/home/mearvk/IdeaProjects/Java.Web.Server.Telnet.Front.Java.21/bitcoin/29/wallets/2026.04.28/blocks/blocks/index/LOCK: Empty file
/home/mearvk/IdeaProjects/Java.Web.Server.Telnet.Front.Java.21/bitcoin/29/wallets/2026.04.28/blocks/blocks/rev00000.dat: Empty file
/home/mearvk/IdeaProjects/Java.Web.Server.Telnet.Front.Java.21/bitcoin/29/wallets/2026.04.22/chainstate/chainstate/000006.log: Empty file
/home/mearvk/IdeaProjects/Java.Web.Server.Telnet.Front.Java.21/bitcoin/29/wallets/2026.04.22/chainstate/chainstate/LOCK: Empty file
/home/mearvk/IdeaProjects/Java.Web.Server.Telnet.Front.Java.21/bitcoin/29/wallets/2026.04.22/blocks/blocks/.lock: Empty file
/home/mearvk/IdeaProjects/Java.Web.Server.Telnet.Front.Java.21/bitcoin/29/wallets/2026.04.22/blocks/blocks/index/000006.log: Empty file
/home/mearvk/IdeaProjects/Java.Web.Server.Telnet.Front.Java.21/bitcoin/29/wallets/2026.04.22/blocks/blocks/index/LOCK: Empty file
/home/mearvk/IdeaProjects/Java.Web.Server.Telnet.Front.Java.21/bitcoin/29/wallets/2026.04.22/blocks/blocks/rev00000.dat: Empty file
/home/mearvk/IdeaProjects/Java.Web.Server.Telnet.Front.Java.21/bitcoin/29/wallets/2026.04.04/chainstate/chainstate/000006.log: Empty file
/home/mearvk/IdeaProjects/Java.Web.Server.Telnet.Front.Java.21/bitcoin/29/wallets/2026.04.04/chainstate/chainstate/LOCK: Empty file
/home/mearvk/IdeaProjects/Java.Web.Server.Telnet.Front.Java.21/bitcoin/29/wallets/2026.04.04/blocks/blocks/.lock: Empty file
/home/mearvk/IdeaProjects/Java.Web.Server.Telnet.Front.Java.21/bitcoin/29/wallets/2026.04.04/blocks/blocks/index/000006.log: Empty file
/home/mearvk/IdeaProjects/Java.Web.Server.Telnet.Front.Java.21/bitcoin/29/wallets/2026.04.04/blocks/blocks/index/LOCK: Empty file
/home/mearvk/IdeaProjects/Java.Web.Server.Telnet.Front.Java.21/bitcoin/29/wallets/2026.04.04/blocks/blocks/rev00000.dat: Empty file
/home/mearvk/IdeaProjects/Java.Web.Server.Telnet.Front.Java.21/bitcoin/29/wallets/2026.04.11/chainstate/chainstate/000006.log: Empty file
/home/mearvk/IdeaProjects/Java.Web.Server.Telnet.Front.Java.21/bitcoin/29/wallets/2026.04.11/chainstate/chainstate/LOCK: Empty file
/home/mearvk/IdeaProjects/Java.Web.Server.Telnet.Front.Java.21/bitcoin/29/wallets/2026.04.11/blocks/blocks/.lock: Empty file
/home/mearvk/IdeaProjects/Java.Web.Server.Telnet.Front.Java.21/bitcoin/29/wallets/2026.04.11/blocks/blocks/index/000006.log: Empty file
/home/mearvk/IdeaProjects/Java.Web.Server.Telnet.Front.Java.21/bitcoin/29/wallets/2026.04.11/blocks/blocks/index/LOCK: Empty file
/home/mearvk/IdeaProjects/Java.Web.Server.Telnet.Front.Java.21/bitcoin/29/wallets/2026.04.11/blocks/blocks/rev00000.dat: Empty file
/home/mearvk/IdeaProjects/Java.Web.Server.Telnet.Front.Java.21/bitcoin/29/wallets/2026.05.01/chainstate/chainstate/LOCK: Empty file
/home/mearvk/IdeaProjects/Java.Web.Server.Telnet.Front.Java.21/bitcoin/29/wallets/2026.05.01/chainstate/chainstate/000012.log: Empty file
/home/mearvk/IdeaProjects/Java.Web.Server.Telnet.Front.Java.21/bitcoin/29/wallets/2026.04.27/chainstate/chainstate/000006.log: Empty file
/home/mearvk/IdeaProjects/Java.Web.Server.Telnet.Front.Java.21/bitcoin/29/wallets/2026.04.27/chainstate/chainstate/LOCK: Empty file
/home/mearvk/IdeaProjects/Java.Web.Server.Telnet.Front.Java.21/bitcoin/29/wallets/2026.04.27/blocks/blocks/.lock: Empty file
/home/mearvk/IdeaProjects/Java.Web.Server.Telnet.Front.Java.21/bitcoin/29/wallets/2026.04.27/blocks/blocks/index/000006.log: Empty file
/home/mearvk/IdeaProjects/Java.Web.Server.Telnet.Front.Java.21/bitcoin/29/wallets/2026.04.27/blocks/blocks/index/LOCK: Empty file
/home/mearvk/IdeaProjects/Java.Web.Server.Telnet.Front.Java.21/bitcoin/29/wallets/2026.04.27/blocks/blocks/rev00000.dat: Empty file
/home/mearvk/IdeaProjects/Java.Web.Server.Telnet.Front.Java.21/bitcoin/29/wallets/2026.04.21/blocks/blocks/.lock: Empty file
/home/mearvk/IdeaProjects/Java.Web.Server.Telnet.Front.Java.21/bitcoin/29/wallets/2026.04.21/blocks/blocks/index/000006.log: Empty file
/home/mearvk/IdeaProjects/Java.Web.Server.Telnet.Front.Java.21/bitcoin/29/wallets/2026.04.21/blocks/blocks/index/LOCK: Empty file
/home/mearvk/IdeaProjects/Java.Web.Server.Telnet.Front.Java.21/bitcoin/29/wallets/2026.04.21/blocks/blocks/rev00000.dat: Empty file
/home/mearvk/IdeaProjects/Java.Web.Server.Telnet.Front.Java.21/bitcoin/29/wallets/2026.04.29/chainstate/chainstate/000006.log: Empty file
/home/mearvk/IdeaProjects/Java.Web.Server.Telnet.Front.Java.21/bitcoin/29/wallets/2026.04.29/chainstate/chainstate/LOCK: Empty file
/home/mearvk/IdeaProjects/Java.Web.Server.Telnet.Front.Java.21/bitcoin/29/wallets/2026.04.29/blocks/blocks/.lock: Empty file
/home/mearvk/IdeaProjects/Java.Web.Server.Telnet.Front.Java.21/bitcoin/29/wallets/2026.04.29/blocks/blocks/index/000006.log: Empty file
/home/mearvk/IdeaProjects/Java.Web.Server.Telnet.Front.Java.21/bitcoin/29/wallets/2026.04.29/blocks/blocks/index/LOCK: Empty file
/home/mearvk/IdeaProjects/Java.Web.Server.Telnet.Front.Java.21/bitcoin/29/wallets/2026.04.29/blocks/blocks/rev00000.dat: Empty file
/home/mearvk/IdeaProjects/Java.Web.Server.Telnet.Front.Java.21/bitcoin/29/wallets/2026.05.05/blocks/blocks/.lock: Empty file
/home/mearvk/IdeaProjects/Java.Web.Server.Telnet.Front.Java.21/bitcoin/29/wallets/2026.05.05/blocks/blocks/index/000006.log: Empty file
/home/mearvk/IdeaProjects/Java.Web.Server.Telnet.Front.Java.21/bitcoin/29/wallets/2026.05.05/blocks/blocks/index/LOCK: Empty file
/home/mearvk/IdeaProjects/Java.Web.Server.Telnet.Front.Java.21/bitcoin/29/wallets/2026.05.05/blocks/blocks/rev00000.dat: Empty file
/home/mearvk/IdeaProjects/Java.Web.Server.Telnet.Front.Java.21/bitcoin/29/wallets/2026.04.20/chainstate/chainstate/000006.log: Empty file
/home/mearvk/IdeaProjects/Java.Web.Server.Telnet.Front.Java.21/bitcoin/29/wallets/2026.04.20/chainstate/chainstate/LOCK: Empty file
/home/mearvk/IdeaProjects/Java.Web.Server.Telnet.Front.Java.21/bitcoin/29/wallets/2026.04.20/blocks/blocks/.lock: Empty file
/home/mearvk/IdeaProjects/Java.Web.Server.Telnet.Front.Java.21/bitcoin/29/wallets/2026.04.20/blocks/blocks/index/000006.log: Empty file
/home/mearvk/IdeaProjects/Java.Web.Server.Telnet.Front.Java.21/bitcoin/29/wallets/2026.04.20/blocks/blocks/index/LOCK: Empty file
/home/mearvk/IdeaProjects/Java.Web.Server.Telnet.Front.Java.21/bitcoin/29/wallets/2026.04.20/blocks/blocks/rev00000.dat: Empty file
/home/mearvk/IdeaProjects/Java.Web.Server.Telnet.Front.Java.21/bitcoin/29/wallets/2026.04.19/chainstate/chainstate/000006.log: Empty file
/home/mearvk/IdeaProjects/Java.Web.Server.Telnet.Front.Java.21/bitcoin/29/wallets/2026.04.19/chainstate/chainstate/LOCK: Empty file
/home/mearvk/IdeaProjects/Java.Web.Server.Telnet.Front.Java.21/bitcoin/29/wallets/2026.04.05/chainstate/chainstate/000006.log: Empty file
/home/mearvk/IdeaProjects/Java.Web.Server.Telnet.Front.Java.21/bitcoin/29/wallets/2026.04.05/chainstate/chainstate/LOCK: Empty file
/home/mearvk/IdeaProjects/Java.Web.Server.Telnet.Front.Java.21/bitcoin/29/wallets/2026.04.05/blocks/blocks/.lock: Empty file
/home/mearvk/IdeaProjects/Java.Web.Server.Telnet.Front.Java.21/bitcoin/29/wallets/2026.04.05/blocks/blocks/index/000006.log: Empty file
/home/mearvk/IdeaProjects/Java.Web.Server.Telnet.Front.Java.21/bitcoin/29/wallets/2026.04.05/blocks/blocks/index/LOCK: Empty file
/home/mearvk/IdeaProjects/Java.Web.Server.Telnet.Front.Java.21/bitcoin/29/wallets/2026.04.05/blocks/blocks/rev00000.dat: Empty file
/home/mearvk/IdeaProjects/Java.Web.Server.Telnet.Front.Java.21/bitcoin/29/wallets/2026.05.03/chainstate/chainstate/000006.log: Empty file
/home/mearvk/IdeaProjects/Java.Web.Server.Telnet.Front.Java.21/bitcoin/29/wallets/2026.05.03/chainstate/chainstate/LOCK: Empty file
/home/mearvk/IdeaProjects/Java.Web.Server.Telnet.Front.Java.21/bitcoin/29/wallets/2026.04.14/blocks/blocks/.lock: Empty file
/home/mearvk/IdeaProjects/Java.Web.Server.Telnet.Front.Java.21/bitcoin/29/wallets/2026.04.14/blocks/blocks/index/000006.log: Empty file
/home/mearvk/IdeaProjects/Java.Web.Server.Telnet.Front.Java.21/bitcoin/29/wallets/2026.04.14/blocks/blocks/index/LOCK: Empty file
/home/mearvk/IdeaProjects/Java.Web.Server.Telnet.Front.Java.21/bitcoin/29/wallets/2026.04.14/blocks/blocks/rev00000.dat: Empty file
/home/mearvk/IdeaProjects/Java.Web.Server.Telnet.Front.Java.21/bitcoin/29/wallets/2026.04.30/chainstate/chainstate/000006.log: Empty file
/home/mearvk/IdeaProjects/Java.Web.Server.Telnet.Front.Java.21/bitcoin/29/wallets/2026.04.30/chainstate/chainstate/LOCK: Empty file
/home/mearvk/IdeaProjects/Java.Web.Server.Telnet.Front.Java.21/bitcoin/29/wallets/2026.04.30/blocks/blocks/.lock: Empty file
/home/mearvk/IdeaProjects/Java.Web.Server.Telnet.Front.Java.21/bitcoin/29/wallets/2026.04.30/blocks/blocks/index/000006.log: Empty file
/home/mearvk/IdeaProjects/Java.Web.Server.Telnet.Front.Java.21/bitcoin/29/wallets/2026.04.30/blocks/blocks/index/LOCK: Empty file
/home/mearvk/IdeaProjects/Java.Web.Server.Telnet.Front.Java.21/bitcoin/29/wallets/2026.04.30/blocks/blocks/rev00000.dat: Empty file
/home/mearvk/IdeaProjects/Java.Web.Server.Telnet.Front.Java.21/bitcoin/26/wallets/2026.04.12/chainstate/000016.log: Empty file
/home/mearvk/IdeaProjects/Java.Web.Server.Telnet.Front.Java.21/bitcoin/26/wallets/2026.04.12/chainstate/LOCK: Empty file
/home/mearvk/IdeaProjects/Java.Web.Server.Telnet.Front.Java.21/bitcoin/26/wallets/2026.04.12/blocks/blocks/index/LOCK: Empty file
/home/mearvk/IdeaProjects/Java.Web.Server.Telnet.Front.Java.21/bitcoin/26/wallets/2026.04.12/blocks/blocks/index/000009.log: Empty file
/home/mearvk/IdeaProjects/Java.Web.Server.Telnet.Front.Java.21/bitcoin/26/wallets/2026.04.13/chainstate/000016.log: Empty file
/home/mearvk/IdeaProjects/Java.Web.Server.Telnet.Front.Java.21/bitcoin/26/wallets/2026.04.13/chainstate/LOCK: Empty file
/home/mearvk/IdeaProjects/Java.Web.Server.Telnet.Front.Java.21/bitcoin/26/wallets/2026.04.13/blocks/index/LOCK: Empty file
/home/mearvk/IdeaProjects/Java.Web.Server.Telnet.Front.Java.21/bitcoin/26/wallets/2026.04.13/blocks/index/000009.log: Empty file
/home/mearvk/IdeaProjects/Java.Web.Server.Telnet.Front.Java.21/bitcoin/26/wallets/2026.04.26/chainstate/chainstate/000016.log: Empty file
/home/mearvk/IdeaProjects/Java.Web.Server.Telnet.Front.Java.21/bitcoin/26/wallets/2026.04.26/chainstate/chainstate/LOCK: Empty file
/home/mearvk/IdeaProjects/Java.Web.Server.Telnet.Front.Java.21/bitcoin/26/wallets/2026.04.26/blocks/blocks/index/LOCK: Empty file
/home/mearvk/IdeaProjects/Java.Web.Server.Telnet.Front.Java.21/bitcoin/26/wallets/2026.04.26/blocks/blocks/index/000009.log: Empty file
/home/mearvk/IdeaProjects/Java.Web.Server.Telnet.Front.Java.21/bitcoin/26/wallets/2026.04.24/chainstate/000016.log: Empty file
/home/mearvk/IdeaProjects/Java.Web.Server.Telnet.Front.Java.21/bitcoin/26/wallets/2026.04.24/chainstate/LOCK: Empty file
/home/mearvk/IdeaProjects/Java.Web.Server.Telnet.Front.Java.21/bitcoin/26/wallets/2026.04.24/blocks/index/LOCK: Empty file
/home/mearvk/IdeaProjects/Java.Web.Server.Telnet.Front.Java.21/bitcoin/26/wallets/2026.04.24/blocks/index/000009.log: Empty file
/home/mearvk/IdeaProjects/Java.Web.Server.Telnet.Front.Java.21/bitcoin/26/wallets/2026.05.02/chainstate/000016.log: Empty file
/home/mearvk/IdeaProjects/Java.Web.Server.Telnet.Front.Java.21/bitcoin/26/wallets/2026.05.02/chainstate/LOCK: Empty file
/home/mearvk/IdeaProjects/Java.Web.Server.Telnet.Front.Java.21/bitcoin/26/wallets/2026.05.02/blocks/index/LOCK: Empty file
/home/mearvk/IdeaProjects/Java.Web.Server.Telnet.Front.Java.21/bitcoin/26/wallets/2026.05.02/blocks/index/000009.log: Empty file
/home/mearvk/IdeaProjects/Java.Web.Server.Telnet.Front.Java.21/bitcoin/26/wallets/2026.04.23/chainstate/chainstate/000016.log: Empty file
/home/mearvk/IdeaProjects/Java.Web.Server.Telnet.Front.Java.21/bitcoin/26/wallets/2026.04.23/chainstate/chainstate/LOCK: Empty file
/home/mearvk/IdeaProjects/Java.Web.Server.Telnet.Front.Java.21/bitcoin/26/wallets/2026.04.23/blocks/index/LOCK: Empty file
/home/mearvk/IdeaProjects/Java.Web.Server.Telnet.Front.Java.21/bitcoin/26/wallets/2026.04.23/blocks/index/000009.log: Empty file
/home/mearvk/IdeaProjects/Java.Web.Server.Telnet.Front.Java.21/bitcoin/26/wallets/2026.05.04/chainstate/000016.log: Empty file
/home/mearvk/IdeaProjects/Java.Web.Server.Telnet.Front.Java.21/bitcoin/26/wallets/2026.05.04/chainstate/LOCK: Empty file
/home/mearvk/IdeaProjects/Java.Web.Server.Telnet.Front.Java.21/bitcoin/26/wallets/2026.05.04/blocks/index/LOCK: Empty file
/home/mearvk/IdeaProjects/Java.Web.Server.Telnet.Front.Java.21/bitcoin/26/wallets/2026.05.04/blocks/index/000009.log: Empty file
/home/mearvk/IdeaProjects/Java.Web.Server.Telnet.Front.Java.21/bitcoin/26/wallets/2026.04.10/chainstate/000026.log: Empty file
/home/mearvk/IdeaProjects/Java.Web.Server.Telnet.Front.Java.21/bitcoin/26/wallets/2026.04.10/chainstate/LOCK: Empty file
/home/mearvk/IdeaProjects/Java.Web.Server.Telnet.Front.Java.21/bitcoin/26/wallets/2026.04.10/blocks/index/000014.log: Empty file
/home/mearvk/IdeaProjects/Java.Web.Server.Telnet.Front.Java.21/bitcoin/26/wallets/2026.04.10/blocks/index/LOCK: Empty file
/home/mearvk/IdeaProjects/Java.Web.Server.Telnet.Front.Java.21/bitcoin/26/wallets/2026.04.03/chainstate/chainstate/000016.log: Empty file
/home/mearvk/IdeaProjects/Java.Web.Server.Telnet.Front.Java.21/bitcoin/26/wallets/2026.04.03/chainstate/chainstate/LOCK: Empty file
/home/mearvk/IdeaProjects/Java.Web.Server.Telnet.Front.Java.21/bitcoin/26/wallets/2026.04.03/blocks/blocks/index/LOCK: Empty file
/home/mearvk/IdeaProjects/Java.Web.Server.Telnet.Front.Java.21/bitcoin/26/wallets/2026.04.03/blocks/blocks/index/000009.log: Empty file
/home/mearvk/IdeaProjects/Java.Web.Server.Telnet.Front.Java.21/bitcoin/26/wallets/2026.04.17/chainstate/000016.log: Empty file
/home/mearvk/IdeaProjects/Java.Web.Server.Telnet.Front.Java.21/bitcoin/26/wallets/2026.04.17/chainstate/LOCK: Empty file
/home/mearvk/IdeaProjects/Java.Web.Server.Telnet.Front.Java.21/bitcoin/26/wallets/2026.04.17/blocks/index/LOCK: Empty file
/home/mearvk/IdeaProjects/Java.Web.Server.Telnet.Front.Java.21/bitcoin/26/wallets/2026.04.17/blocks/index/000009.log: Empty file
/home/mearvk/IdeaProjects/Java.Web.Server.Telnet.Front.Java.21/bitcoin/26/wallets/2026.04.18/chainstate/000016.log: Empty file
/home/mearvk/IdeaProjects/Java.Web.Server.Telnet.Front.Java.21/bitcoin/26/wallets/2026.04.18/chainstate/LOCK: Empty file
/home/mearvk/IdeaProjects/Java.Web.Server.Telnet.Front.Java.21/bitcoin/26/wallets/2026.04.18/blocks/index/LOCK: Empty file
/home/mearvk/IdeaProjects/Java.Web.Server.Telnet.Front.Java.21/bitcoin/26/wallets/2026.04.18/blocks/index/000009.log: Empty file
/home/mearvk/IdeaProjects/Java.Web.Server.Telnet.Front.Java.21/bitcoin/26/wallets/2026.04.28/chainstate/chainstate/000016.log: Empty file
/home/mearvk/IdeaProjects/Java.Web.Server.Telnet.Front.Java.21/bitcoin/26/wallets/2026.04.28/chainstate/chainstate/LOCK: Empty file
/home/mearvk/IdeaProjects/Java.Web.Server.Telnet.Front.Java.21/bitcoin/26/wallets/2026.04.28/blocks/index/LOCK: Empty file
/home/mearvk/IdeaProjects/Java.Web.Server.Telnet.Front.Java.21/bitcoin/26/wallets/2026.04.28/blocks/index/000009.log: Empty file
/home/mearvk/IdeaProjects/Java.Web.Server.Telnet.Front.Java.21/bitcoin/26/wallets/2026.04.25/chainstate/000016.log: Empty file
/home/mearvk/IdeaProjects/Java.Web.Server.Telnet.Front.Java.21/bitcoin/26/wallets/2026.04.25/chainstate/LOCK: Empty file
/home/mearvk/IdeaProjects/Java.Web.Server.Telnet.Front.Java.21/bitcoin/26/wallets/2026.04.25/blocks/index/LOCK: Empty file
/home/mearvk/IdeaProjects/Java.Web.Server.Telnet.Front.Java.21/bitcoin/26/wallets/2026.04.25/blocks/index/000009.log: Empty file
/home/mearvk/IdeaProjects/Java.Web.Server.Telnet.Front.Java.21/bitcoin/26/wallets/2026.04.22/chainstate/000016.log: Empty file
/home/mearvk/IdeaProjects/Java.Web.Server.Telnet.Front.Java.21/bitcoin/26/wallets/2026.04.22/chainstate/LOCK: Empty file
/home/mearvk/IdeaProjects/Java.Web.Server.Telnet.Front.Java.21/bitcoin/26/wallets/2026.04.22/blocks/index/LOCK: Empty file
/home/mearvk/IdeaProjects/Java.Web.Server.Telnet.Front.Java.21/bitcoin/26/wallets/2026.04.22/blocks/index/000009.log: Empty file
/home/mearvk/IdeaProjects/Java.Web.Server.Telnet.Front.Java.21/bitcoin/26/wallets/2026.04.04/chainstate/chainstate/000016.log: Empty file
/home/mearvk/IdeaProjects/Java.Web.Server.Telnet.Front.Java.21/bitcoin/26/wallets/2026.04.04/chainstate/chainstate/LOCK: Empty file
/home/mearvk/IdeaProjects/Java.Web.Server.Telnet.Front.Java.21/bitcoin/26/wallets/2026.04.04/blocks/blocks/index/LOCK: Empty file
/home/mearvk/IdeaProjects/Java.Web.Server.Telnet.Front.Java.21/bitcoin/26/wallets/2026.04.04/blocks/blocks/index/000009.log: Empty file
/home/mearvk/IdeaProjects/Java.Web.Server.Telnet.Front.Java.21/bitcoin/26/wallets/2026.04.09/chainstate/chainstate/000028.log: Empty file
/home/mearvk/IdeaProjects/Java.Web.Server.Telnet.Front.Java.21/bitcoin/26/wallets/2026.04.09/chainstate/chainstate/LOCK: Empty file
/home/mearvk/IdeaProjects/Java.Web.Server.Telnet.Front.Java.21/bitcoin/26/wallets/2026.04.09/blocks/blocks/index/000016.log: Empty file
/home/mearvk/IdeaProjects/Java.Web.Server.Telnet.Front.Java.21/bitcoin/26/wallets/2026.04.09/blocks/blocks/index/LOCK: Empty file
/home/mearvk/IdeaProjects/Java.Web.Server.Telnet.Front.Java.21/bitcoin/26/wallets/2026.04.11/chainstate/chainstate/000016.log: Empty file
/home/mearvk/IdeaProjects/Java.Web.Server.Telnet.Front.Java.21/bitcoin/26/wallets/2026.04.11/chainstate/chainstate/LOCK: Empty file
/home/mearvk/IdeaProjects/Java.Web.Server.Telnet.Front.Java.21/bitcoin/26/wallets/2026.04.11/blocks/blocks/index/LOCK: Empty file
/home/mearvk/IdeaProjects/Java.Web.Server.Telnet.Front.Java.21/bitcoin/26/wallets/2026.04.11/blocks/blocks/index/000009.log: Empty file
/home/mearvk/IdeaProjects/Java.Web.Server.Telnet.Front.Java.21/bitcoin/26/wallets/2026.05.01/chainstate/LOCK: Empty file
/home/mearvk/IdeaProjects/Java.Web.Server.Telnet.Front.Java.21/bitcoin/26/wallets/2026.05.01/chainstate/000036.log: Empty file
/home/mearvk/IdeaProjects/Java.Web.Server.Telnet.Front.Java.21/bitcoin/26/wallets/2026.05.01/blocks/index/LOCK: Empty file
/home/mearvk/IdeaProjects/Java.Web.Server.Telnet.Front.Java.21/bitcoin/26/wallets/2026.05.01/blocks/index/000021.log: Empty file
/home/mearvk/IdeaProjects/Java.Web.Server.Telnet.Front.Java.21/bitcoin/26/wallets/2026.04.27/chainstate/000016.log: Empty file
/home/mearvk/IdeaProjects/Java.Web.Server.Telnet.Front.Java.21/bitcoin/26/wallets/2026.04.27/chainstate/LOCK: Empty file
/home/mearvk/IdeaProjects/Java.Web.Server.Telnet.Front.Java.21/bitcoin/26/wallets/2026.04.27/blocks/index/LOCK: Empty file
/home/mearvk/IdeaProjects/Java.Web.Server.Telnet.Front.Java.21/bitcoin/26/wallets/2026.04.27/blocks/index/000009.log: Empty file
/home/mearvk/IdeaProjects/Java.Web.Server.Telnet.Front.Java.21/bitcoin/26/wallets/2026.04.15/chainstate/000016.log: Empty file
/home/mearvk/IdeaProjects/Java.Web.Server.Telnet.Front.Java.21/bitcoin/26/wallets/2026.04.15/chainstate/LOCK: Empty file
/home/mearvk/IdeaProjects/Java.Web.Server.Telnet.Front.Java.21/bitcoin/26/wallets/2026.04.15/blocks/index/LOCK: Empty file
/home/mearvk/IdeaProjects/Java.Web.Server.Telnet.Front.Java.21/bitcoin/26/wallets/2026.04.15/blocks/index/000009.log: Empty file
/home/mearvk/IdeaProjects/Java.Web.Server.Telnet.Front.Java.21/bitcoin/26/wallets/2026.04.21/chainstate/000016.log: Empty file
/home/mearvk/IdeaProjects/Java.Web.Server.Telnet.Front.Java.21/bitcoin/26/wallets/2026.04.21/chainstate/LOCK: Empty file
/home/mearvk/IdeaProjects/Java.Web.Server.Telnet.Front.Java.21/bitcoin/26/wallets/2026.04.21/blocks/index/LOCK: Empty file
/home/mearvk/IdeaProjects/Java.Web.Server.Telnet.Front.Java.21/bitcoin/26/wallets/2026.04.21/blocks/index/000009.log: Empty file
/home/mearvk/IdeaProjects/Java.Web.Server.Telnet.Front.Java.21/bitcoin/26/wallets/2026.04.29/chainstate/chainstate/000016.log: Empty file
/home/mearvk/IdeaProjects/Java.Web.Server.Telnet.Front.Java.21/bitcoin/26/wallets/2026.04.29/chainstate/chainstate/LOCK: Empty file
/home/mearvk/IdeaProjects/Java.Web.Server.Telnet.Front.Java.21/bitcoin/26/wallets/2026.04.29/blocks/index/LOCK: Empty file
/home/mearvk/IdeaProjects/Java.Web.Server.Telnet.Front.Java.21/bitcoin/26/wallets/2026.04.29/blocks/index/000009.log: Empty file
/home/mearvk/IdeaProjects/Java.Web.Server.Telnet.Front.Java.21/bitcoin/26/wallets/2026.05.05/chainstate/000016.log: Empty file
/home/mearvk/IdeaProjects/Java.Web.Server.Telnet.Front.Java.21/bitcoin/26/wallets/2026.05.05/chainstate/LOCK: Empty file
/home/mearvk/IdeaProjects/Java.Web.Server.Telnet.Front.Java.21/bitcoin/26/wallets/2026.05.05/blocks/index/LOCK: Empty file
/home/mearvk/IdeaProjects/Java.Web.Server.Telnet.Front.Java.21/bitcoin/26/wallets/2026.05.05/blocks/index/000009.log: Empty file
/home/mearvk/IdeaProjects/Java.Web.Server.Telnet.Front.Java.21/bitcoin/26/wallets/2026.04.20/chainstate/000016.log: Empty file
/home/mearvk/IdeaProjects/Java.Web.Server.Telnet.Front.Java.21/bitcoin/26/wallets/2026.04.20/chainstate/LOCK: Empty file
/home/mearvk/IdeaProjects/Java.Web.Server.Telnet.Front.Java.21/bitcoin/26/wallets/2026.04.20/blocks/index/LOCK: Empty file
/home/mearvk/IdeaProjects/Java.Web.Server.Telnet.Front.Java.21/bitcoin/26/wallets/2026.04.20/blocks/index/000009.log: Empty file
/home/mearvk/IdeaProjects/Java.Web.Server.Telnet.Front.Java.21/bitcoin/26/wallets/2026.04.19/chainstate/chainstate/000016.log: Empty file
/home/mearvk/IdeaProjects/Java.Web.Server.Telnet.Front.Java.21/bitcoin/26/wallets/2026.04.19/chainstate/chainstate/LOCK: Empty file
/home/mearvk/IdeaProjects/Java.Web.Server.Telnet.Front.Java.21/bitcoin/26/wallets/2026.04.19/blocks/index/LOCK: Empty file
/home/mearvk/IdeaProjects/Java.Web.Server.Telnet.Front.Java.21/bitcoin/26/wallets/2026.04.19/blocks/index/000009.log: Empty file
/home/mearvk/IdeaProjects/Java.Web.Server.Telnet.Front.Java.21/bitcoin/26/wallets/2026.04.05/chainstate/chainstate/000016.log: Empty file
/home/mearvk/IdeaProjects/Java.Web.Server.Telnet.Front.Java.21/bitcoin/26/wallets/2026.04.05/chainstate/chainstate/LOCK: Empty file
/home/mearvk/IdeaProjects/Java.Web.Server.Telnet.Front.Java.21/bitcoin/26/wallets/2026.04.05/blocks/blocks/index/LOCK: Empty file
/home/mearvk/IdeaProjects/Java.Web.Server.Telnet.Front.Java.21/bitcoin/26/wallets/2026.04.05/blocks/blocks/index/000009.log: Empty file
/home/mearvk/IdeaProjects/Java.Web.Server.Telnet.Front.Java.21/bitcoin/26/wallets/2026.05.03/chainstate/000016.log: Empty file
/home/mearvk/IdeaProjects/Java.Web.Server.Telnet.Front.Java.21/bitcoin/26/wallets/2026.05.03/chainstate/LOCK: Empty file
/home/mearvk/IdeaProjects/Java.Web.Server.Telnet.Front.Java.21/bitcoin/26/wallets/2026.05.03/blocks/index/LOCK: Empty file
/home/mearvk/IdeaProjects/Java.Web.Server.Telnet.Front.Java.21/bitcoin/26/wallets/2026.05.03/blocks/index/000009.log: Empty file
/home/mearvk/IdeaProjects/Java.Web.Server.Telnet.Front.Java.21/bitcoin/26/wallets/2026.04.14/chainstate/000016.log: Empty file
/home/mearvk/IdeaProjects/Java.Web.Server.Telnet.Front.Java.21/bitcoin/26/wallets/2026.04.14/chainstate/LOCK: Empty file
/home/mearvk/IdeaProjects/Java.Web.Server.Telnet.Front.Java.21/bitcoin/26/wallets/2026.04.14/blocks/index/LOCK: Empty file
/home/mearvk/IdeaProjects/Java.Web.Server.Telnet.Front.Java.21/bitcoin/26/wallets/2026.04.14/blocks/index/000009.log: Empty file
/home/mearvk/IdeaProjects/Java.Web.Server.Telnet.Front.Java.21/bitcoin/26/wallets/2026.04.30/chainstate/chainstate/000016.log: Empty file
/home/mearvk/IdeaProjects/Java.Web.Server.Telnet.Front.Java.21/bitcoin/26/wallets/2026.04.30/chainstate/chainstate/LOCK: Empty file
/home/mearvk/IdeaProjects/Java.Web.Server.Telnet.Front.Java.21/bitcoin/26/wallets/2026.04.30/blocks/index/LOCK: Empty file
/home/mearvk/IdeaProjects/Java.Web.Server.Telnet.Front.Java.21/bitcoin/26/wallets/2026.04.30/blocks/index/000009.log: Empty file
/home/mearvk/IdeaProjects/Java.Web.Server.Telnet.Front.Java.21/bitcoin/binary/getaddressinfo.sh: Empty file
/home/mearvk/IdeaProjects/Java.Web.Server.Telnet.Front.Java.21/bitcoin/binary/unloadwallet.sh: Empty file
/home/mearvk/IdeaProjects/Java.Web.Server.Telnet.Front.Java.21/bitcoin/binary/createwallet.sh: Empty file
/home/mearvk/IdeaProjects/Java.Web.Server.Telnet.Front.Java.21/bitcoin/binary/fieldstrip.sh: Empty file
/home/mearvk/IdeaProjects/Java.Web.Server.Telnet.Front.Java.21/bitcoin/binary/getbalance.sh: Empty file
/home/mearvk/IdeaProjects/Java.Web.Server.Telnet.Front.Java.21/bitcoin/binary/start.sh: Empty file
/home/mearvk/IdeaProjects/Java.Web.Server.Telnet.Front.Java.21/bitcoin/binary/getblockchaininfo.sh: Empty file
/home/mearvk/IdeaProjects/Java.Web.Server.Telnet.Front.Java.21/bitcoin/binary/createwallettransaction.sh: Empty file
/home/mearvk/IdeaProjects/Java.Web.Server.Telnet.Front.Java.21/bitcoin/binary/blockcount.sh: Empty file
/home/mearvk/IdeaProjects/Java.Web.Server.Telnet.Front.Java.21/bitcoin/binary/getwalletinfo.sh: Empty file
/home/mearvk/IdeaProjects/Java.Web.Server.Telnet.Front.Java.21/bitcoin/binary/autogen.sh: Empty file
/home/mearvk/IdeaProjects/Java.Web.Server.Telnet.Front.Java.21/bitcoin/binary/getnewaddress.sh: Empty file
/home/mearvk/IdeaProjects/Java.Web.Server.Telnet.Front.Java.21/bitcoin/binary/bitcoin-util: Empty file
/home/mearvk/IdeaProjects/Java.Web.Server.Telnet.Front.Java.21/bitcoin/binary/listwallet.sh: Empty file
/home/mearvk/IdeaProjects/Java.Web.Server.Telnet.Front.Java.21/bitcoin/binary/bitcoin-tx: Empty file
/home/mearvk/IdeaProjects/Java.Web.Server.Telnet.Front.Java.21/bitcoin/binary/US.Main.1000.sh: Empty file
/home/mearvk/IdeaProjects/Java.Web.Server.Telnet.Front.Java.21/bitcoin/binary/blockgen.sh: Empty file
/home/mearvk/IdeaProjects/Java.Web.Server.Telnet.Front.Java.21/bitcoin/binary/stop.sh: Empty file
/home/mearvk/IdeaProjects/Java.Web.Server.Telnet.Front.Java.21/bitcoin/binary/getnewwalletaddress.sh: Empty file
/home/mearvk/IdeaProjects/Java.Web.Server.Telnet.Front.Java.21/bitcoin/binary/bitcoin-cli: Empty file
/home/mearvk/IdeaProjects/Java.Web.Server.Telnet.Front.Java.21/bitcoin/binary/heartbeat.sh: Empty file
/home/mearvk/IdeaProjects/Java.Web.Server.Telnet.Front.Java.21/.git/logs/refs/heads/master: Empty file
/home/mearvk/IdeaProjects/Java.Web.Server.Telnet.Front.Java.21/.git/logs/refs/heads/us.master: Empty file
/home/mearvk/IdeaProjects/Java.Web.Server.Telnet.Front.Java.21/.git/logs/refs/heads/add-security-sources: Empty file
/home/mearvk/IdeaProjects/Java.Web.Server.Telnet.Front.Java.21/.git/logs/refs/heads/californian: Empty file
/home/mearvk/IdeaProjects/Java.Web.Server.Telnet.Front.Java.21/.git/logs/refs/heads/snake_case-source-functions: Empty file
/home/mearvk/IdeaProjects/Java.Web.Server.Telnet.Front.Java.21/.git/logs/refs/heads/snake_case-rename: Empty file
/home/mearvk/IdeaProjects/Java.Web.Server.Telnet.Front.Java.21/.git/logs/refs/heads/qodana-automation-1470854229: Empty file
/home/mearvk/IdeaProjects/Java.Web.Server.Telnet.Front.Java.21/sources/build.make.md: Empty file
/home/mearvk/IdeaProjects/Java.Web.Server.Telnet.Front.Java.21/jars/nintendo/Capcom System I/wofu.zip: Empty file
/home/mearvk/IdeaProjects/Java.Web.Server.Telnet.Front.Java.21/jars/nintendo/Capcom System I/unsquad.zip: Empty file
/home/mearvk/IdeaProjects/Java.Web.Server.Telnet.Front.Java.21/jars/nintendo/Capcom System I/willow.zip: Empty file
/home/mearvk/IdeaProjects/Java.Web.Server.Telnet.Front.Java.21/jars/nintendo/Capcom System I/strider.zip: Empty file
/home/mearvk/IdeaProjects/Java.Web.Server.Telnet.Front.Java.21/jars/nintendo/Capcom System I/punishru.zip: Empty file
/home/mearvk/IdeaProjects/Java.Web.Server.Telnet.Front.Java.21/jars/nintendo/Capcom System I/varthu.zip: Empty file
/home/mearvk/IdeaProjects/Java.Web.Server.Telnet.Front.Java.21/jars/nintendo/Capcom System I/megaman/rcm_13.rom: Empty file
/home/mearvk/IdeaProjects/Java.Web.Server.Telnet.Front.Java.21/jars/nintendo/Capcom System I/megaman/rcm_19.rom: Empty file
/home/mearvk/IdeaProjects/Java.Web.Server.Telnet.Front.Java.21/jars/nintendo/Capcom System I/megaman/rcm_17.rom: Empty file
/home/mearvk/IdeaProjects/Java.Web.Server.Telnet.Front.Java.21/jars/nintendo/Capcom System I/megaman/rcm_08.rom: Empty file
/home/mearvk/IdeaProjects/Java.Web.Server.Telnet.Front.Java.21/jars/nintendo/Capcom System I/megaman/rcma_21a.rom: Empty file
/home/mearvk/IdeaProjects/Java.Web.Server.Telnet.Front.Java.21/jars/nintendo/Capcom System I/megaman/rcm_11.rom: Empty file
/home/mearvk/IdeaProjects/Java.Web.Server.Telnet.Front.Java.21/jars/nintendo/Capcom System I/megaman/rcma_23b.rom: Empty file
/home/mearvk/IdeaProjects/Java.Web.Server.Telnet.Front.Java.21/jars/nintendo/Capcom System I/megaman/rcm_10.rom: Empty file
/home/mearvk/IdeaProjects/Java.Web.Server.Telnet.Front.Java.21/jars/nintendo/Capcom System I/megaman/rcm_02.rom: Empty file
/home/mearvk/IdeaProjects/Java.Web.Server.Telnet.Front.Java.21/jars/nintendo/Capcom System I/megaman/rcm_16.rom: Empty file
/home/mearvk/IdeaProjects/Java.Web.Server.Telnet.Front.Java.21/jars/nintendo/Capcom System I/megaman/readme.html: Empty file
/home/mearvk/IdeaProjects/Java.Web.Server.Telnet.Front.Java.21/jars/nintendo/Capcom System I/megaman/rcm_03.rom: Empty file
/home/mearvk/IdeaProjects/Java.Web.Server.Telnet.Front.Java.21/jars/nintendo/Capcom System I/megaman/rcm_05.rom: Empty file
/home/mearvk/IdeaProjects/Java.Web.Server.Telnet.Front.Java.21/jars/nintendo/Capcom System I/megaman/rcma_22b.rom: Empty file
/home/mearvk/IdeaProjects/Java.Web.Server.Telnet.Front.Java.21/jars/nintendo/Capcom System I/megaman/rcm_09.rom: Empty file
/home/mearvk/IdeaProjects/Java.Web.Server.Telnet.Front.Java.21/jars/nintendo/Capcom System I/megaman/rcm_07.rom: Empty file
/home/mearvk/IdeaProjects/Java.Web.Server.Telnet.Front.Java.21/jars/nintendo/Capcom System I/megaman/rcm_12.rom: Empty file
/home/mearvk/IdeaProjects/Java.Web.Server.Telnet.Front.Java.21/jars/nintendo/Capcom System I/megaman/rcm_06.rom: Empty file
/home/mearvk/IdeaProjects/Java.Web.Server.Telnet.Front.Java.21/jars/nintendo/Capcom System I/megaman/rcm_14.rom: Empty file
/home/mearvk/IdeaProjects/Java.Web.Server.Telnet.Front.Java.21/jars/nintendo/Capcom System I/megaman/rcm_15.rom: Empty file
/home/mearvk/IdeaProjects/Java.Web.Server.Telnet.Front.Java.21/jars/nintendo/Capcom System I/megaman/rcm_18.rom: Empty file
/home/mearvk/IdeaProjects/Java.Web.Server.Telnet.Front.Java.21/jars/nintendo/Capcom System I/megaman/rcm_04.rom: Empty file
/home/mearvk/IdeaProjects/Java.Web.Server.Telnet.Front.Java.21/jars/nintendo/Capcom System I/megaman/rcm_01.rom: Empty file
/home/mearvk/IdeaProjects/Java.Web.Server.Telnet.Front.Java.21/jars/nintendo/Capcom System I/nemo.zip: Empty file LibClamAV Warning: **************************************************
LibClamAV Warning: ***  The virus database is older than 7 days!  ***
LibClamAV Warning: ***   Please update it as soon as possible.    ***
LibClamAV Warning: **************************************************
[2026-06-15T21:31:32.211239561] freshclam update (exit=10)
ClamAV update process started at Mon Jun 15 21:31:32 2026
ERROR: Can't create temporary directory /usr/local/share/clamav/tmp.a2fd0df0f1
Hint: The database directory must be writable for UID 1000 or GID 1000
ERROR: Update failed.

[2026-06-15T21:34:51.697554155] ClamAV ALERT (exit=130): /home/mearvk/IdeaProjects/Java.Web.Server.Telnet.Front.Java.21/bitcoin/28/wallets/2026.04.12/chainstate/chainstate/LOCK: Empty file
/home/mearvk/IdeaProjects/Java.Web.Server.Telnet.Front.Java.21/bitcoin/28/wallets/2026.04.12/blocks/blocks/index/LOCK: Empty file
/home/mearvk/IdeaProjects/Java.Web.Server.Telnet.Front.Java.21/bitcoin/28/wallets/2026.04.12/blocks/blocks/rev00000.dat: Empty file
/home/mearvk/IdeaProjects/Java.Web.Server.Telnet.Front.Java.21/bitcoin/28/wallets/2026.04.13/chainstate/chainstate/LOCK: Empty file
/home/mearvk/IdeaProjects/Java.Web.Server.Telnet.Front.Java.21/bitcoin/28/wallets/2026.04.13/blocks/blocks/index/LOCK: Empty file
/home/mearvk/IdeaProjects/Java.Web.Server.Telnet.Front.Java.21/bitcoin/28/wallets/2026.04.13/blocks/blocks/rev00000.dat: Empty file
/home/mearvk/IdeaProjects/Java.Web.Server.Telnet.Front.Java.21/bitcoin/28/wallets/2026.04.26/chainstate/chainstate/LOCK: Empty file
/home/mearvk/IdeaProjects/Java.Web.Server.Telnet.Front.Java.21/bitcoin/28/wallets/2026.04.26/blocks/blocks/index/LOCK: Empty file
/home/mearvk/IdeaProjects/Java.Web.Server.Telnet.Front.Java.21/bitcoin/28/wallets/2026.04.26/blocks/blocks/rev00000.dat: Empty file
/home/mearvk/IdeaProjects/Java.Web.Server.Telnet.Front.Java.21/bitcoin/28/wallets/2026.04.24/chainstate/chainstate/LOCK: Empty file
/home/mearvk/IdeaProjects/Java.Web.Server.Telnet.Front.Java.21/bitcoin/28/wallets/2026.04.24/blocks/blocks/index/LOCK: Empty file
/home/mearvk/IdeaProjects/Java.Web.Server.Telnet.Front.Java.21/bitcoin/28/wallets/2026.04.24/blocks/blocks/rev00000.dat: Empty file
/home/mearvk/IdeaProjects/Java.Web.Server.Telnet.Front.Java.21/bitcoin/28/wallets/2026.05.02/chainstate/chainstate/LOCK: Empty file
/home/mearvk/IdeaProjects/Java.Web.Server.Telnet.Front.Java.21/bitcoin/28/wallets/2026.05.02/blocks/blocks/index/LOCK: Empty file
/home/mearvk/IdeaProjects/Java.Web.Server.Telnet.Front.Java.21/bitcoin/28/wallets/2026.05.02/blocks/blocks/rev00000.dat: Empty file
/home/mearvk/IdeaProjects/Java.Web.Server.Telnet.Front.Java.21/bitcoin/28/wallets/2026.04.23/chainstate/chainstate/LOCK: Empty file
/home/mearvk/IdeaProjects/Java.Web.Server.Telnet.Front.Java.21/bitcoin/28/wallets/2026.04.23/blocks/blocks/index/LOCK: Empty file
/home/mearvk/IdeaProjects/Java.Web.Server.Telnet.Front.Java.21/bitcoin/28/wallets/2026.04.23/blocks/blocks/rev00000.dat: Empty file
/home/mearvk/IdeaProjects/Java.Web.Server.Telnet.Front.Java.21/bitcoin/28/wallets/2026.04.10/chainstate/chainstate/LOCK: Empty file
/home/mearvk/IdeaProjects/Java.Web.Server.Telnet.Front.Java.21/bitcoin/28/wallets/2026.04.03/chainstate/chainstate/002621.log: Empty file
/home/mearvk/IdeaProjects/Java.Web.Server.Telnet.Front.Java.21/bitcoin/28/wallets/2026.04.03/chainstate/chainstate/LOCK: Empty file
/home/mearvk/IdeaProjects/Java.Web.Server.Telnet.Front.Java.21/bitcoin/28/wallets/2026.04.03/blocks/blocks/index/LOCK: Empty file
/home/mearvk/IdeaProjects/Java.Web.Server.Telnet.Front.Java.21/bitcoin/28/wallets/2026.04.03/blocks/blocks/index/001621.log: Empty file
/home/mearvk/IdeaProjects/Java.Web.Server.Telnet.Front.Java.21/bitcoin/28/wallets/2026.04.17/chainstate/chainstate/LOCK: Empty file
/home/mearvk/IdeaProjects/Java.Web.Server.Telnet.Front.Java.21/bitcoin/28/wallets/2026.04.17/blocks/blocks/index/LOCK: Empty file
/home/mearvk/IdeaProjects/Java.Web.Server.Telnet.Front.Java.21/bitcoin/28/wallets/2026.04.17/blocks/blocks/rev00000.dat: Empty file
/home/mearvk/IdeaProjects/Java.Web.Server.Telnet.Front.Java.21/bitcoin/28/wallets/2026.04.18/chainstate/chainstate/LOCK: Empty file
/home/mearvk/IdeaProjects/Java.Web.Server.Telnet.Front.Java.21/bitcoin/28/wallets/2026.04.18/blocks/blocks/index/LOCK: Empty file
/home/mearvk/IdeaProjects/Java.Web.Server.Telnet.Front.Java.21/bitcoin/28/wallets/2026.04.18/blocks/blocks/rev00000.dat: Empty file
/home/mearvk/IdeaProjects/Java.Web.Server.Telnet.Front.Java.21/bitcoin/28/wallets/2026.04.28/chainstate/chainstate/LOCK: Empty file
/home/mearvk/IdeaProjects/Java.Web.Server.Telnet.Front.Java.21/bitcoin/28/wallets/2026.04.28/blocks/blocks/index/LOCK: Empty file
/home/mearvk/IdeaProjects/Java.Web.Server.Telnet.Front.Java.21/bitcoin/28/wallets/2026.04.28/blocks/blocks/rev00000.dat: Empty file
/home/mearvk/IdeaProjects/Java.Web.Server.Telnet.Front.Java.21/bitcoin/28/wallets/2026.04.25/chainstate/chainstate/LOCK: Empty file
/home/mearvk/IdeaProjects/Java.Web.Server.Telnet.Front.Java.21/bitcoin/28/wallets/2026.04.25/blocks/blocks/index/LOCK: Empty file
/home/mearvk/IdeaProjects/Java.Web.Server.Telnet.Front.Java.21/bitcoin/28/wallets/2026.04.25/blocks/blocks/rev00000.dat: Empty file
/home/mearvk/IdeaProjects/Java.Web.Server.Telnet.Front.Java.21/bitcoin/28/wallets/2026.04.22/chainstate/chainstate/LOCK: Empty file
/home/mearvk/IdeaProjects/Java.Web.Server.Telnet.Front.Java.21/bitcoin/28/wallets/2026.04.22/blocks/blocks/index/LOCK: Empty file
/home/mearvk/IdeaProjects/Java.Web.Server.Telnet.Front.Java.21/bitcoin/28/wallets/2026.04.22/blocks/blocks/rev00000.dat: Empty file
/home/mearvk/IdeaProjects/Java.Web.Server.Telnet.Front.Java.21/bitcoin/28/wallets/2026.04.04/chainstate/chainstate/002621.log: Empty file
/home/mearvk/IdeaProjects/Java.Web.Server.Telnet.Front.Java.21/bitcoin/28/wallets/2026.04.04/chainstate/chainstate/LOCK: Empty file
/home/mearvk/IdeaProjects/Java.Web.Server.Telnet.Front.Java.21/bitcoin/28/wallets/2026.04.04/blocks/blocks/index/LOCK: Empty file
/home/mearvk/IdeaProjects/Java.Web.Server.Telnet.Front.Java.21/bitcoin/28/wallets/2026.04.04/blocks/blocks/index/001621.log: Empty file
/home/mearvk/IdeaProjects/Java.Web.Server.Telnet.Front.Java.21/bitcoin/28/wallets/2026.04.11/chainstate/chainstate/LOCK: Empty file
/home/mearvk/IdeaProjects/Java.Web.Server.Telnet.Front.Java.21/bitcoin/28/wallets/2026.05.01/chainstate/chainstate/LOCK: Empty file
/home/mearvk/IdeaProjects/Java.Web.Server.Telnet.Front.Java.21/bitcoin/28/wallets/2026.05.01/blocks/blocks/index/LOCK: Empty file
/home/mearvk/IdeaProjects/Java.Web.Server.Telnet.Front.Java.21/bitcoin/28/wallets/2026.05.01/blocks/blocks/rev00000.dat: Empty file
/home/mearvk/IdeaProjects/Java.Web.Server.Telnet.Front.Java.21/bitcoin/28/wallets/2026.04.27/chainstate/chainstate/LOCK: Empty file
/home/mearvk/IdeaProjects/Java.Web.Server.Telnet.Front.Java.21/bitcoin/28/wallets/2026.04.27/blocks/blocks/index/LOCK: Empty file
/home/mearvk/IdeaProjects/Java.Web.Server.Telnet.Front.Java.21/bitcoin/28/wallets/2026.04.27/blocks/blocks/rev00000.dat: Empty file
/home/mearvk/IdeaProjects/Java.Web.Server.Telnet.Front.Java.21/bitcoin/28/wallets/2026.04.15/chainstate/chainstate/LOCK: Empty file
/home/mearvk/IdeaProjects/Java.Web.Server.Telnet.Front.Java.21/bitcoin/28/wallets/2026.04.15/blocks/blocks/index/LOCK: Empty file
/home/mearvk/IdeaProjects/Java.Web.Server.Telnet.Front.Java.21/bitcoin/28/wallets/2026.04.15/blocks/blocks/rev00000.dat: Empty file
/home/mearvk/IdeaProjects/Java.Web.Server.Telnet.Front.Java.21/bitcoin/28/wallets/2026.04.21/chainstate/chainstate/LOCK: Empty file
/home/mearvk/IdeaProjects/Java.Web.Server.Telnet.Front.Java.21/bitcoin/28/wallets/2026.04.21/blocks/blocks/index/LOCK: Empty file
/home/mearvk/IdeaProjects/Java.Web.Server.Telnet.Front.Java.21/bitcoin/28/wallets/2026.04.21/blocks/blocks/rev00000.dat: Empty file
/home/mearvk/IdeaProjects/Java.Web.Server.Telnet.Front.Java.21/bitcoin/28/wallets/2026.04.29/chainstate/chainstate/LOCK: Empty file
/home/mearvk/IdeaProjects/Java.Web.Server.Telnet.Front.Java.21/bitcoin/28/wallets/2026.05.05/chainstate/chainstate/LOCK: Empty file
/home/mearvk/IdeaProjects/Java.Web.Server.Telnet.Front.Java.21/bitcoin/28/wallets/2026.05.05/blocks/blocks/index/LOCK: Empty file
/home/mearvk/IdeaProjects/Java.Web.Server.Telnet.Front.Java.21/bitcoin/28/wallets/2026.05.05/blocks/blocks/rev00000.dat: Empty file
/home/mearvk/IdeaProjects/Java.Web.Server.Telnet.Front.Java.21/bitcoin/28/wallets/2026.04.20/chainstate/chainstate/LOCK: Empty file
/home/mearvk/IdeaProjects/Java.Web.Server.Telnet.Front.Java.21/bitcoin/28/wallets/2026.04.20/blocks/blocks/index/LOCK: Empty file
/home/mearvk/IdeaProjects/Java.Web.Server.Telnet.Front.Java.21/bitcoin/28/wallets/2026.04.20/blocks/blocks/rev00000.dat: Empty file
/home/mearvk/IdeaProjects/Java.Web.Server.Telnet.Front.Java.21/bitcoin/28/wallets/2026.04.16/chainstate/chainstate/LOCK: Empty file
/home/mearvk/IdeaProjects/Java.Web.Server.Telnet.Front.Java.21/bitcoin/28/wallets/2026.04.16/blocks/blocks/index/LOCK: Empty file
/home/mearvk/IdeaProjects/Java.Web.Server.Telnet.Front.Java.21/bitcoin/28/wallets/2026.04.16/blocks/blocks/rev00000.dat: Empty file
/home/mearvk/IdeaProjects/Java.Web.Server.Telnet.Front.Java.21/bitcoin/28/wallets/2026.04.19/chainstate/chainstate/LOCK: Empty file
/home/mearvk/IdeaProjects/Java.Web.Server.Telnet.Front.Java.21/bitcoin/28/wallets/2026.04.19/blocks/blocks/index/LOCK: Empty file
/home/mearvk/IdeaProjects/Java.Web.Server.Telnet.Front.Java.21/bitcoin/28/wallets/2026.04.19/blocks/blocks/rev00000.dat: Empty file
/home/mearvk/IdeaProjects/Java.Web.Server.Telnet.Front.Java.21/bitcoin/28/wallets/2026.04.05/chainstate/chainstate/LOCK: Empty file
/home/mearvk/IdeaProjects/Java.Web.Server.Telnet.Front.Java.21/bitcoin/28/wallets/2026.04.05/blocks/blocks/index/LOCK: Empty file
/home/mearvk/IdeaProjects/Java.Web.Server.Telnet.Front.Java.21/bitcoin/28/wallets/2026.05.03/chainstate/chainstate/LOCK: Empty file
/home/mearvk/IdeaProjects/Java.Web.Server.Telnet.Front.Java.21/bitcoin/28/wallets/2026.05.03/blocks/blocks/index/LOCK: Empty file
/home/mearvk/IdeaProjects/Java.Web.Server.Telnet.Front.Java.21/bitcoin/28/wallets/2026.05.03/blocks/blocks/rev00000.dat: Empty file
/home/mearvk/IdeaProjects/Java.Web.Server.Telnet.Front.Java.21/bitcoin/28/wallets/2026.04.14/chainstate/chainstate/LOCK: Empty file
/home/mearvk/IdeaProjects/Java.Web.Server.Telnet.Front.Java.21/bitcoin/28/wallets/2026.04.14/blocks/blocks/index/LOCK: Empty file
/home/mearvk/IdeaProjects/Java.Web.Server.Telnet.Front.Java.21/bitcoin/28/wallets/2026.04.14/blocks/blocks/rev00000.dat: Empty file
/home/mearvk/IdeaProjects/Java.Web.Server.Telnet.Front.Java.21/bitcoin/28/wallets/2026.04.30/chainstate/chainstate/LOCK: Empty file
/home/mearvk/IdeaProjects/Java.Web.Server.Telnet.Front.Java.21/bitcoin/28/wallets/2026.04.30/blocks/blocks/index/LOCK: Empty file
/home/mearvk/IdeaProjects/Java.Web.Server.Telnet.Front.Java.21/bitcoin/28/wallets/2026.04.30/blocks/blocks/rev00000.dat: Empty file
/home/mearvk/IdeaProjects/Java.Web.Server.Telnet.Front.Java.21/bitcoin/27/wallets/2026.04.12/chainstate/000016.log: Empty file
/home/mearvk/IdeaProjects/Java.Web.Server.Telnet.Front.Java.21/bitcoin/27/wallets/2026.04.12/chainstate/LOCK: Empty file
/home/mearvk/IdeaProjects/Java.Web.Server.Telnet.Front.Java.21/bitcoin/27/wallets/2026.04.12/blocks/index/LOCK: Empty file
/home/mearvk/IdeaProjects/Java.Web.Server.Telnet.Front.Java.21/bitcoin/27/wallets/2026.04.12/blocks/index/000009.log: Empty file
/home/mearvk/IdeaProjects/Java.Web.Server.Telnet.Front.Java.21/bitcoin/27/wallets/2026.04.13/chainstate/000016.log: Empty file
/home/mearvk/IdeaProjects/Java.Web.Server.Telnet.Front.Java.21/bitcoin/27/wallets/2026.04.13/chainstate/LOCK: Empty file
/home/mearvk/IdeaProjects/Java.Web.Server.Telnet.Front.Java.21/bitcoin/27/wallets/2026.04.13/blocks/blocks/index/LOCK: Empty file
/home/mearvk/IdeaProjects/Java.Web.Server.Telnet.Front.Java.21/bitcoin/27/wallets/2026.04.13/blocks/blocks/index/000009.log: Empty file
/home/mearvk/IdeaProjects/Java.Web.Server.Telnet.Front.Java.21/bitcoin/27/wallets/2026.04.26/chainstate/000016.log: Empty file
/home/mearvk/IdeaProjects/Java.Web.Server.Telnet.Front.Java.21/bitcoin/27/wallets/2026.04.26/chainstate/LOCK: Empty file
/home/mearvk/IdeaProjects/Java.Web.Server.Telnet.Front.Java.21/bitcoin/27/wallets/2026.04.26/blocks/index/LOCK: Empty file
/home/mearvk/IdeaProjects/Java.Web.Server.Telnet.Front.Java.21/bitcoin/27/wallets/2026.04.26/blocks/index/000009.log: Empty file
/home/mearvk/IdeaProjects/Java.Web.Server.Telnet.Front.Java.21/bitcoin/27/wallets/2026.04.24/chainstate/chainstate/000016.log: Empty file
/home/mearvk/IdeaProjects/Java.Web.Server.Telnet.Front.Java.21/bitcoin/27/wallets/2026.04.24/chainstate/chainstate/LOCK: Empty file
/home/mearvk/IdeaProjects/Java.Web.Server.Telnet.Front.Java.21/bitcoin/27/wallets/2026.04.24/blocks/blocks/index/LOCK: Empty file
/home/mearvk/IdeaProjects/Java.Web.Server.Telnet.Front.Java.21/bitcoin/27/wallets/2026.04.24/blocks/blocks/index/000009.log: Empty file
/home/mearvk/IdeaProjects/Java.Web.Server.Telnet.Front.Java.21/bitcoin/27/wallets/2026.05.02/chainstate/000016.log: Empty file
/home/mearvk/IdeaProjects/Java.Web.Server.Telnet.Front.Java.21/bitcoin/27/wallets/2026.05.02/chainstate/LOCK: Empty file
/home/mearvk/IdeaProjects/Java.Web.Server.Telnet.Front.Java.21/bitcoin/27/wallets/2026.05.02/blocks/index/LOCK: Empty file
/home/mearvk/IdeaProjects/Java.Web.Server.Telnet.Front.Java.21/bitcoin/27/wallets/2026.05.02/blocks/index/000009.log: Empty file
/home/mearvk/IdeaProjects/Java.Web.Server.Telnet.Front.Java.21/bitcoin/27/wallets/2026.04.23/chainstate/chainstate/000016.log: Empty file
/home/mearvk/IdeaProjects/Java.Web.Server.Telnet.Front.Java.21/bitcoin/27/wallets/2026.04.23/chainstate/chainstate/LOCK: Empty file
/home/mearvk/IdeaProjects/Java.Web.Server.Telnet.Front.Java.21/bitcoin/27/wallets/2026.04.23/blocks/index/LOCK: Empty file
/home/mearvk/IdeaProjects/Java.Web.Server.Telnet.Front.Java.21/bitcoin/27/wallets/2026.04.23/blocks/index/000009.log: Empty file
/home/mearvk/IdeaProjects/Java.Web.Server.Telnet.Front.Java.21/bitcoin/27/wallets/2026.05.04/chainstate/chainstate/000016.log: Empty file
/home/mearvk/IdeaProjects/Java.Web.Server.Telnet.Front.Java.21/bitcoin/27/wallets/2026.05.04/chainstate/chainstate/LOCK: Empty file
/home/mearvk/IdeaProjects/Java.Web.Server.Telnet.Front.Java.21/bitcoin/27/wallets/2026.05.04/blocks/blocks/index/LOCK: Empty file
/home/mearvk/IdeaProjects/Java.Web.Server.Telnet.Front.Java.21/bitcoin/27/wallets/2026.05.04/blocks/blocks/index/000009.log: Empty file
/home/mearvk/IdeaProjects/Java.Web.Server.Telnet.Front.Java.21/bitcoin/27/wallets/2026.04.10/chainstate/000026.log: Empty file
/home/mearvk/IdeaProjects/Java.Web.Server.Telnet.Front.Java.21/bitcoin/27/wallets/2026.04.10/chainstate/LOCK: Empty file
/home/mearvk/IdeaProjects/Java.Web.Server.Telnet.Front.Java.21/bitcoin/27/wallets/2026.04.10/blocks/index/000014.log: Empty file
/home/mearvk/IdeaProjects/Java.Web.Server.Telnet.Front.Java.21/bitcoin/27/wallets/2026.04.10/blocks/index/LOCK: Empty file
/home/mearvk/IdeaProjects/Java.Web.Server.Telnet.Front.Java.21/bitcoin/27/wallets/2026.04.03/chainstate/chainstate/000016.log: Empty file
/home/mearvk/IdeaProjects/Java.Web.Server.Telnet.Front.Java.21/bitcoin/27/wallets/2026.04.03/chainstate/chainstate/LOCK: Empty file
/home/mearvk/IdeaProjects/Java.Web.Server.Telnet.Front.Java.21/bitcoin/27/wallets/2026.04.03/blocks/blocks/index/LOCK: Empty file
/home/mearvk/IdeaProjects/Java.Web.Server.Telnet.Front.Java.21/bitcoin/27/wallets/2026.04.17/chainstate/000016.log: Empty file
/home/mearvk/IdeaProjects/Java.Web.Server.Telnet.Front.Java.21/bitcoin/27/wallets/2026.04.17/chainstate/LOCK: Empty file
/home/mearvk/IdeaProjects/Java.Web.Server.Telnet.Front.Java.21/bitcoin/27/wallets/2026.04.17/blocks/index/LOCK: Empty file
/home/mearvk/IdeaProjects/Java.Web.Server.Telnet.Front.Java.21/bitcoin/27/wallets/2026.04.17/blocks/index/000009.log: Empty file
/home/mearvk/IdeaProjects/Java.Web.Server.Telnet.Front.Java.21/bitcoin/27/wallets/2026.04.18/chainstate/000016.log: Empty file
/home/mearvk/IdeaProjects/Java.Web.Server.Telnet.Front.Java.21/bitcoin/27/wallets/2026.04.18/chainstate/LOCK: Empty file
/home/mearvk/IdeaProjects/Java.Web.Server.Telnet.Front.Java.21/bitcoin/27/wallets/2026.04.18/blocks/index/LOCK: Empty file
/home/mearvk/IdeaProjects/Java.Web.Server.Telnet.Front.Java.21/bitcoin/27/wallets/2026.04.18/blocks/index/000009.log: Empty file
/home/mearvk/IdeaProjects/Java.Web.Server.Telnet.Front.Java.21/bitcoin/27/wallets/2026.04.28/chainstate/000016.log: Empty file
/home/mearvk/IdeaProjects/Java.Web.Server.Telnet.Front.Java.21/bitcoin/27/wallets/2026.04.28/chainstate/LOCK: Empty file
/home/mearvk/IdeaProjects/Java.Web.Server.Telnet.Front.Java.21/bitcoin/27/wallets/2026.04.28/blocks/index/LOCK: Empty file
/home/mearvk/IdeaProjects/Java.Web.Server.Telnet.Front.Java.21/bitcoin/27/wallets/2026.04.28/blocks/index/000009.log: Empty file
/home/mearvk/IdeaProjects/Java.Web.Server.Telnet.Front.Java.21/bitcoin/27/wallets/2026.04.25/chainstate/chainstate/000016.log: Empty file
/home/mearvk/IdeaProjects/Java.Web.Server.Telnet.Front.Java.21/bitcoin/27/wallets/2026.04.25/chainstate/chainstate/LOCK: Empty file
/home/mearvk/IdeaProjects/Java.Web.Server.Telnet.Front.Java.21/bitcoin/27/wallets/2026.04.25/blocks/index/LOCK: Empty file
/home/mearvk/IdeaProjects/Java.Web.Server.Telnet.Front.Java.21/bitcoin/27/wallets/2026.04.25/blocks/index/000009.log: Empty file
/home/mearvk/IdeaProjects/Java.Web.Server.Telnet.Front.Java.21/bitcoin/27/wallets/2026.04.22/chainstate/000016.log: Empty file
/home/mearvk/IdeaProjects/Java.Web.Server.Telnet.Front.Java.21/bitcoin/27/wallets/2026.04.22/chainstate/LOCK: Empty file
/home/mearvk/IdeaProjects/Java.Web.Server.Telnet.Front.Java.21/bitcoin/27/wallets/2026.04.22/blocks/index/LOCK: Empty file
/home/mearvk/IdeaProjects/Java.Web.Server.Telnet.Front.Java.21/bitcoin/27/wallets/2026.04.22/blocks/index/000009.log: Empty file
/home/mearvk/IdeaProjects/Java.Web.Server.Telnet.Front.Java.21/bitcoin/27/wallets/2026.04.04/chainstate/chainstate/000016.log: Empty file
/home/mearvk/IdeaProjects/Java.Web.Server.Telnet.Front.Java.21/bitcoin/27/wallets/2026.04.04/chainstate/chainstate/LOCK: Empty file
/home/mearvk/IdeaProjects/Java.Web.Server.Telnet.Front.Java.21/bitcoin/27/wallets/2026.04.04/blocks/blocks/index/LOCK: Empty file
/home/mearvk/IdeaProjects/Java.Web.Server.Telnet.Front.Java.21/bitcoin/27/wallets/2026.04.04/blocks/blocks/index/000009.log: Empty file
/home/mearvk/IdeaProjects/Java.Web.Server.Telnet.Front.Java.21/bitcoin/27/wallets/2026.04.09/chainstate/000028.log: Empty file
/home/mearvk/IdeaProjects/Java.Web.Server.Telnet.Front.Java.21/bitcoin/27/wallets/2026.04.09/chainstate/LOCK: Empty file
/home/mearvk/IdeaProjects/Java.Web.Server.Telnet.Front.Java.21/bitcoin/27/wallets/2026.04.09/blocks/blocks/index/000016.log: Empty file
/home/mearvk/IdeaProjects/Java.Web.Server.Telnet.Front.Java.21/bitcoin/27/wallets/2026.04.09/blocks/blocks/index/LOCK: Empty file
/home/mearvk/IdeaProjects/Java.Web.Server.Telnet.Front.Java.21/bitcoin/27/wallets/2026.04.11/chainstate/000016.log: Empty file
/home/mearvk/IdeaProjects/Java.Web.Server.Telnet.Front.Java.21/bitcoin/27/wallets/2026.04.11/chainstate/LOCK: Empty file
/home/mearvk/IdeaProjects/Java.Web.Server.Telnet.Front.Java.21/bitcoin/27/wallets/2026.04.11/blocks/index/LOCK: Empty file
/home/mearvk/IdeaProjects/Java.Web.Server.Telnet.Front.Java.21/bitcoin/27/wallets/2026.04.11/blocks/index/000009.log: Empty file
/home/mearvk/IdeaProjects/Java.Web.Server.Telnet.Front.Java.21/bitcoin/27/wallets/2026.05.01/chainstate/chainstate/LOCK: Empty file
/home/mearvk/IdeaProjects/Java.Web.Server.Telnet.Front.Java.21/bitcoin/27/wallets/2026.05.01/chainstate/chainstate/000036.log: Empty file
/home/mearvk/IdeaProjects/Java.Web.Server.Telnet.Front.Java.21/bitcoin/27/wallets/2026.05.01/blocks/blocks/index/LOCK: Empty file
/home/mearvk/IdeaProjects/Java.Web.Server.Telnet.Front.Java.21/bitcoin/27/wallets/2026.05.01/blocks/blocks/index/000021.log: Empty file
/home/mearvk/IdeaProjects/Java.Web.Server.Telnet.Front.Java.21/bitcoin/27/wallets/2026.04.27/chainstate/000016.log: Empty file
/home/mearvk/IdeaProjects/Java.Web.Server.Telnet.Front.Java.21/bitcoin/27/wallets/2026.04.27/chainstate/LOCK: Empty file
/home/mearvk/IdeaProjects/Java.Web.Server.Telnet.Front.Java.21/bitcoin/27/wallets/2026.04.27/blocks/index/LOCK: Empty file
/home/mearvk/IdeaProjects/Java.Web.Server.Telnet.Front.Java.21/bitcoin/27/wallets/2026.04.27/blocks/index/000009.log: Empty file
/home/mearvk/IdeaProjects/Java.Web.Server.Telnet.Front.Java.21/bitcoin/27/wallets/2026.04.15/chainstate/000016.log: Empty file
/home/mearvk/IdeaProjects/Java.Web.Server.Telnet.Front.Java.21/bitcoin/27/wallets/2026.04.15/chainstate/LOCK: Empty file
/home/mearvk/IdeaProjects/Java.Web.Server.Telnet.Front.Java.21/bitcoin/27/wallets/2026.04.15/blocks/index/LOCK: Empty file
/home/mearvk/IdeaProjects/Java.Web.Server.Telnet.Front.Java.21/bitcoin/27/wallets/2026.04.15/blocks/index/000009.log: Empty file
/home/mearvk/IdeaProjects/Java.Web.Server.Telnet.Front.Java.21/bitcoin/27/wallets/2026.04.21/chainstate/000016.log: Empty file
/home/mearvk/IdeaProjects/Java.Web.Server.Telnet.Front.Java.21/bitcoin/27/wallets/2026.04.21/chainstate/LOCK: Empty file
/home/mearvk/IdeaProjects/Java.Web.Server.Telnet.Front.Java.21/bitcoin/27/wallets/2026.04.21/blocks/index/LOCK: Empty file
/home/mearvk/IdeaProjects/Java.Web.Server.Telnet.Front.Java.21/bitcoin/27/wallets/2026.04.21/blocks/index/000009.log: Empty file
/home/mearvk/IdeaProjects/Java.Web.Server.Telnet.Front.Java.21/bitcoin/27/wallets/2026.04.29/chainstate/000016.log: Empty file
/home/mearvk/IdeaProjects/Java.Web.Server.Telnet.Front.Java.21/bitcoin/27/wallets/2026.04.29/chainstate/LOCK: Empty file
/home/mearvk/IdeaProjects/Java.Web.Server.Telnet.Front.Java.21/bitcoin/27/wallets/2026.04.29/blocks/index/LOCK: Empty file
/home/mearvk/IdeaProjects/Java.Web.Server.Telnet.Front.Java.21/bitcoin/27/wallets/2026.04.29/blocks/index/000009.log: Empty file
/home/mearvk/IdeaProjects/Java.Web.Server.Telnet.Front.Java.21/bitcoin/27/wallets/2026.05.05/chainstate/000016.log: Empty file
/home/mearvk/IdeaProjects/Java.Web.Server.Telnet.Front.Java.21/bitcoin/27/wallets/2026.05.05/chainstate/LOCK: Empty file
/home/mearvk/IdeaProjects/Java.Web.Server.Telnet.Front.Java.21/bitcoin/27/wallets/2026.05.05/blocks/index/LOCK: Empty file
/home/mearvk/IdeaProjects/Java.Web.Server.Telnet.Front.Java.21/bitcoin/27/wallets/2026.05.05/blocks/index/000009.log: Empty file
/home/mearvk/IdeaProjects/Java.Web.Server.Telnet.Front.Java.21/bitcoin/27/wallets/2026.04.20/chainstate/chainstate/000016.log: Empty file
/home/mearvk/IdeaProjects/Java.Web.Server.Telnet.Front.Java.21/bitcoin/27/wallets/2026.04.20/chainstate/chainstate/LOCK: Empty file
/home/mearvk/IdeaProjects/Java.Web.Server.Telnet.Front.Java.21/bitcoin/27/wallets/2026.04.20/blocks/index/LOCK: Empty file
/home/mearvk/IdeaProjects/Java.Web.Server.Telnet.Front.Java.21/bitcoin/27/wallets/2026.04.20/blocks/index/000009.log: Empty file
/home/mearvk/IdeaProjects/Java.Web.Server.Telnet.Front.Java.21/bitcoin/27/wallets/2026.04.16/chainstate/chainstate/LOCK: Empty file
/home/mearvk/IdeaProjects/Java.Web.Server.Telnet.Front.Java.21/bitcoin/27/wallets/2026.04.16/chainstate/chainstate/000080.log: Empty file
/home/mearvk/IdeaProjects/Java.Web.Server.Telnet.Front.Java.21/bitcoin/27/wallets/2026.04.16/blocks/index/000046.log: Empty file
/home/mearvk/IdeaProjects/Java.Web.Server.Telnet.Front.Java.21/bitcoin/27/wallets/2026.04.16/blocks/index/LOCK: Empty file
/home/mearvk/IdeaProjects/Java.Web.Server.Telnet.Front.Java.21/bitcoin/27/wallets/2026.04.19/chainstate/000016.log: Empty file
/home/mearvk/IdeaProjects/Java.Web.Server.Telnet.Front.Java.21/bitcoin/27/wallets/2026.04.19/chainstate/LOCK: Empty file
/home/mearvk/IdeaProjects/Java.Web.Server.Telnet.Front.Java.21/bitcoin/27/wallets/2026.04.19/blocks/index/LOCK: Empty file
/home/mearvk/IdeaProjects/Java.Web.Server.Telnet.Front.Java.21/bitcoin/27/wallets/2026.04.19/blocks/index/000009.log: Empty file
/home/mearvk/IdeaProjects/Java.Web.Server.Telnet.Front.Java.21/bitcoin/27/wallets/2026.04.05/chainstate/chainstate/000016.log: Empty file
/home/mearvk/IdeaProjects/Java.Web.Server.Telnet.Front.Java.21/bitcoin/27/wallets/2026.04.05/chainstate/chainstate/LOCK: Empty file
/home/mearvk/IdeaProjects/Java.Web.Server.Telnet.Front.Java.21/bitcoin/27/wallets/2026.04.05/blocks/blocks/index/LOCK: Empty file
/home/mearvk/IdeaProjects/Java.Web.Server.Telnet.Front.Java.21/bitcoin/27/wallets/2026.04.05/blocks/blocks/index/000009.log: Empty file
/home/mearvk/IdeaProjects/Java.Web.Server.Telnet.Front.Java.21/bitcoin/27/wallets/2026.05.03/chainstate/chainstate/000016.log: Empty file
/home/mearvk/IdeaProjects/Java.Web.Server.Telnet.Front.Java.21/bitcoin/27/wallets/2026.05.03/chainstate/chainstate/LOCK: Empty file
/home/mearvk/IdeaProjects/Java.Web.Server.Telnet.Front.Java.21/bitcoin/27/wallets/2026.05.03/blocks/blocks/index/LOCK: Empty file
/home/mearvk/IdeaProjects/Java.Web.Server.Telnet.Front.Java.21/bitcoin/27/wallets/2026.05.03/blocks/blocks/index/000009.log: Empty file
/home/mearvk/IdeaProjects/Java.Web.Server.Telnet.Front.Java.21/bitcoin/27/wallets/2026.04.14/chainstate/000016.log: Empty file
/home/mearvk/IdeaProjects/Java.Web.Server.Telnet.Front.Java.21/bitcoin/27/wallets/2026.04.14/chainstate/LOCK: Empty file
/home/mearvk/IdeaProjects/Java.Web.Server.Telnet.Front.Java.21/bitcoin/27/wallets/2026.04.14/blocks/index/LOCK: Empty file
/home/mearvk/IdeaProjects/Java.Web.Server.Telnet.Front.Java.21/bitcoin/27/wallets/2026.04.14/blocks/index/000009.log: Empty file
/home/mearvk/IdeaProjects/Java.Web.Server.Telnet.Front.Java.21/bitcoin/27/wallets/2026.04.30/chainstate/000016.log: Empty file
/home/mearvk/IdeaProjects/Java.Web.Server.Telnet.Front.Java.21/bitcoin/27/wallets/2026.04.30/chainstate/LOCK: Empty file
/home/mearvk/IdeaProjects/Java.Web.Server.Telnet.Front.Java.21/bitcoin/27/wallets/2026.04.30/blocks/index/LOCK: Empty file
/home/mearvk/IdeaProjects/Java.Web.Server.Telnet.Front.Java.21/bitcoin/27/wallets/2026.04.30/blocks/index/000009.log: Empty file
/home/mearvk/IdeaProjects/Java.Web.Server.Telnet.Front.Java.21/bitcoin/24/wallets/2026.04.12/chainstate/chainstate/LOCK: Empty file
/home/mearvk/IdeaProjects/Java.Web.Server.Telnet.Front.Java.21/bitcoin/24/wallets/2026.04.12/blocks/blocks/index/LOCK: Empty file
/home/mearvk/IdeaProjects/Java.Web.Server.Telnet.Front.Java.21/bitcoin/24/wallets/2026.04.13/chainstate/LOCK: Empty file
/home/mearvk/IdeaProjects/Java.Web.Server.Telnet.Front.Java.21/bitcoin/24/wallets/2026.04.13/blocks/index/LOCK: Empty file
/home/mearvk/IdeaProjects/Java.Web.Server.Telnet.Front.Java.21/bitcoin/24/wallets/2026.04.13/blocks/rev00000.dat: Empty file
/home/mearvk/IdeaProjects/Java.Web.Server.Telnet.Front.Java.21/bitcoin/24/wallets/2026.04.26/chainstate/chainstate/LOCK: Empty file
/home/mearvk/IdeaProjects/Java.Web.Server.Telnet.Front.Java.21/bitcoin/24/wallets/2026.04.26/blocks/blocks/index/LOCK: Empty file
/home/mearvk/IdeaProjects/Java.Web.Server.Telnet.Front.Java.21/bitcoin/24/wallets/2026.04.26/blocks/blocks/rev00000.dat: Empty file
/home/mearvk/IdeaProjects/Java.Web.Server.Telnet.Front.Java.21/bitcoin/24/wallets/2026.04.06/chainstate/chainstate/LOCK: Empty file
/home/mearvk/IdeaProjects/Java.Web.Server.Telnet.Front.Java.21/bitcoin/24/wallets/2026.04.06/chainstate/chainstate/000009.log: Empty file
/home/mearvk/IdeaProjects/Java.Web.Server.Telnet.Front.Java.21/bitcoin/24/wallets/2026.04.06/blocks/blocks/index/LOCK: Empty file
/home/mearvk/IdeaProjects/Java.Web.Server.Telnet.Front.Java.21/bitcoin/24/wallets/2026.04.24/chainstate/LOCK: Empty file
/home/mearvk/IdeaProjects/Java.Web.Server.Telnet.Front.Java.21/bitcoin/24/wallets/2026.04.24/blocks/index/LOCK: Empty file
/home/mearvk/IdeaProjects/Java.Web.Server.Telnet.Front.Java.21/bitcoin/24/wallets/2026.04.24/blocks/rev00000.dat: Empty file
/home/mearvk/IdeaProjects/Java.Web.Server.Telnet.Front.Java.21/bitcoin/24/wallets/2026.05.02/chainstate/LOCK: Empty file
/home/mearvk/IdeaProjects/Java.Web.Server.Telnet.Front.Java.21/bitcoin/24/wallets/2026.05.02/blocks/index/LOCK: Empty file
/home/mearvk/IdeaProjects/Java.Web.Server.Telnet.Front.Java.21/bitcoin/24/wallets/2026.05.02/blocks/rev00000.dat: Empty file
/home/mearvk/IdeaProjects/Java.Web.Server.Telnet.Front.Java.21/bitcoin/24/wallets/2026.04.23/chainstate/LOCK: Empty file
/home/mearvk/IdeaProjects/Java.Web.Server.Telnet.Front.Java.21/bitcoin/24/wallets/2026.04.23/blocks/index/LOCK: Empty file
/home/mearvk/IdeaProjects/Java.Web.Server.Telnet.Front.Java.21/bitcoin/24/wallets/2026.04.23/blocks/rev00000.dat: Empty file
/home/mearvk/IdeaProjects/Java.Web.Server.Telnet.Front.Java.21/bitcoin/24/wallets/2026.05.04/chainstate/LOCK: Empty file
/home/mearvk/IdeaProjects/Java.Web.Server.Telnet.Front.Java.21/bitcoin/24/wallets/2026.05.04/blocks/blocks/index/LOCK: Empty file
/home/mearvk/IdeaProjects/Java.Web.Server.Telnet.Front.Java.21/bitcoin/24/wallets/2026.05.04/blocks/blocks/rev00000.dat: Empty file
/home/mearvk/IdeaProjects/Java.Web.Server.Telnet.Front.Java.21/bitcoin/24/wallets/2026.04.10/chainstate/LOCK: Empty file
/home/mearvk/IdeaProjects/Java.Web.Server.Telnet.Front.Java.21/bitcoin/24/wallets/2026.04.10/blocks/index/LOCK: Empty file
/home/mearvk/IdeaProjects/Java.Web.Server.Telnet.Front.Java.21/bitcoin/24/wallets/2026.04.03/chainstate/chainstate/LOCK: Empty file
/home/mearvk/IdeaProjects/Java.Web.Server.Telnet.Front.Java.21/bitcoin/24/wallets/2026.04.03/chainstate/chainstate/000024.log: Empty file
/home/mearvk/IdeaProjects/Java.Web.Server.Telnet.Front.Java.21/bitcoin/24/wallets/2026.04.03/blocks/blocks/index/000022.log: Empty file
/home/mearvk/IdeaProjects/Java.Web.Server.Telnet.Front.Java.21/bitcoin/24/wallets/2026.04.03/blocks/blocks/index/LOCK: Empty file
/home/mearvk/IdeaProjects/Java.Web.Server.Telnet.Front.Java.21/bitcoin/24/wallets/2026.04.17/chainstate/chainstate/LOCK: Empty file
/home/mearvk/IdeaProjects/Java.Web.Server.Telnet.Front.Java.21/bitcoin/24/wallets/2026.04.17/blocks/index/LOCK: Empty file
/home/mearvk/IdeaProjects/Java.Web.Server.Telnet.Front.Java.21/bitcoin/24/wallets/2026.04.17/blocks/rev00000.dat: Empty file
/home/mearvk/IdeaProjects/Java.Web.Server.Telnet.Front.Java.21/bitcoin/24/wallets/2026.04.18/chainstate/chainstate/LOCK: Empty file
/home/mearvk/IdeaProjects/Java.Web.Server.Telnet.Front.Java.21/bitcoin/24/wallets/2026.04.18/blocks/index/LOCK: Empty file
/home/mearvk/IdeaProjects/Java.Web.Server.Telnet.Front.Java.21/bitcoin/24/wallets/2026.04.18/blocks/rev00000.dat: Empty file
/home/mearvk/IdeaProjects/Java.Web.Server.Telnet.Front.Java.21/bitcoin/24/wallets/2026.04.28/chainstate/LOCK: Empty file
/home/mearvk/IdeaProjects/Java.Web.Server.Telnet.Front.Java.21/bitcoin/24/wallets/2026.04.28/blocks/index/LOCK: Empty file
/home/mearvk/IdeaProjects/Java.Web.Server.Telnet.Front.Java.21/bitcoin/24/wallets/2026.04.28/blocks/rev00000.dat: Empty file
/home/mearvk/IdeaProjects/Java.Web.Server.Telnet.Front.Java.21/bitcoin/24/wallets/2026.04.25/chainstate/LOCK: Empty file
/home/mearvk/IdeaProjects/Java.Web.Server.Telnet.Front.Java.21/bitcoin/24/wallets/2026.04.25/blocks/index/LOCK: Empty file
/home/mearvk/IdeaProjects/Java.Web.Server.Telnet.Front.Java.21/bitcoin/24/wallets/2026.04.25/blocks/rev00000.dat: Empty file
/home/mearvk/IdeaProjects/Java.Web.Server.Telnet.Front.Java.21/bitcoin/24/wallets/2026.04.22/chainstate/LOCK: Empty file
/home/mearvk/IdeaProjects/Java.Web.Server.Telnet.Front.Java.21/bitcoin/24/wallets/2026.04.22/blocks/index/LOCK: Empty file
/home/mearvk/IdeaProjects/Java.Web.Server.Telnet.Front.Java.21/bitcoin/24/wallets/2026.04.22/blocks/rev00000.dat: Empty file
/home/mearvk/IdeaProjects/Java.Web.Server.Telnet.Front.Java.21/bitcoin/24/wallets/2026.04.04/chainstate/chainstate/LOCK: Empty file
/home/mearvk/IdeaProjects/Java.Web.Server.Telnet.Front.Java.21/bitcoin/24/wallets/2026.04.04/chainstate/chainstate/000009.log: Empty file
/home/mearvk/IdeaProjects/Java.Web.Server.Telnet.Front.Java.21/bitcoin/24/wallets/2026.04.04/blocks/blocks/index/LOCK: Empty file
/home/mearvk/IdeaProjects/Java.Web.Server.Telnet.Front.Java.21/bitcoin/24/wallets/2026.04.09/chainstate/chainstate/000011.log: Empty file
/home/mearvk/IdeaProjects/Java.Web.Server.Telnet.Front.Java.21/bitcoin/24/wallets/2026.04.09/chainstate/chainstate/LOCK: Empty file
/home/mearvk/IdeaProjects/Java.Web.Server.Telnet.Front.Java.21/bitcoin/24/wallets/2026.04.09/blocks/index/LOCK: Empty file
/home/mearvk/IdeaProjects/Java.Web.Server.Telnet.Front.Java.21/bitcoin/24/wallets/2026.04.09/blocks/index/000010.log: Empty file
/home/mearvk/IdeaProjects/Java.Web.Server.Telnet.Front.Java.21/bitcoin/24/wallets/2026.04.11/chainstate/chainstate/LOCK: Empty file
/home/mearvk/IdeaProjects/Java.Web.Server.Telnet.Front.Java.21/bitcoin/24/wallets/2026.04.11/blocks/blocks/index/LOCK: Empty file
/home/mearvk/IdeaProjects/Java.Web.Server.Telnet.Front.Java.21/bitcoin/24/wallets/2026.04.11/blocks/blocks/rev00000.dat: Empty file
/home/mearvk/IdeaProjects/Java.Web.Server.Telnet.Front.Java.21/bitcoin/24/wallets/2026.05.01/chainstate/chainstate/LOCK: Empty file
/home/mearvk/IdeaProjects/Java.Web.Server.Telnet.Front.Java.21/bitcoin/24/wallets/2026.05.01/blocks/blocks/index/LOCK: Empty file
/home/mearvk/IdeaProjects/Java.Web.Server.Telnet.Front.Java.21/bitcoin/24/wallets/2026.05.01/blocks/blocks/rev00000.dat: Empty file
/home/mearvk/IdeaProjects/Java.Web.Server.Telnet.Front.Java.21/bitcoin/24/wallets/2026.04.27/chainstate/LOCK: Empty file
/home/mearvk/IdeaProjects/Java.Web.Server.Telnet.Front.Java.21/bitcoin/24/wallets/2026.04.27/blocks/index/LOCK: Empty file
/home/mearvk/IdeaProjects/Java.Web.Server.Telnet.Front.Java.21/bitcoin/24/wallets/2026.04.27/blocks/rev00000.dat: Empty file
/home/mearvk/IdeaProjects/Java.Web.Server.Telnet.Front.Java.21/bitcoin/24/wallets/2026.04.15/chainstate/LOCK: Empty file
/home/mearvk/IdeaProjects/Java.Web.Server.Telnet.Front.Java.21/bitcoin/24/wallets/2026.04.15/blocks/index/LOCK: Empty file
/home/mearvk/IdeaProjects/Java.Web.Server.Telnet.Front.Java.21/bitcoin/24/wallets/2026.04.15/blocks/rev00000.dat: Empty file
/home/mearvk/IdeaProjects/Java.Web.Server.Telnet.Front.Java.21/bitcoin/24/wallets/2026.04.21/chainstate/LOCK: Empty file
/home/mearvk/IdeaProjects/Java.Web.Server.Telnet.Front.Java.21/bitcoin/24/wallets/2026.04.21/blocks/blocks/index/LOCK: Empty file
/home/mearvk/IdeaProjects/Java.Web.Server.Telnet.Front.Java.21/bitcoin/24/wallets/2026.04.21/blocks/blocks/rev00000.dat: Empty file
/home/mearvk/IdeaProjects/Java.Web.Server.Telnet.Front.Java.21/bitcoin/24/wallets/2026.04.29/chainstate/LOCK: Empty file
/home/mearvk/IdeaProjects/Java.Web.Server.Telnet.Front.Java.21/bitcoin/24/wallets/2026.04.29/blocks/index/LOCK: Empty file
/home/mearvk/IdeaProjects/Java.Web.Server.Telnet.Front.Java.21/bitcoin/24/wallets/2026.04.29/blocks/rev00000.dat: Empty file
/home/mearvk/IdeaProjects/Java.Web.Server.Telnet.Front.Java.21/bitcoin/24/wallets/2026.05.05/chainstate/LOCK: Empty file
/home/mearvk/IdeaProjects/Java.Web.Server.Telnet.Front.Java.21/bitcoin/24/wallets/2026.05.05/blocks/index/LOCK: Empty file
/home/mearvk/IdeaProjects/Java.Web.Server.Telnet.Front.Java.21/bitcoin/24/wallets/2026.05.05/blocks/rev00000.dat: Empty file
/home/mearvk/IdeaProjects/Java.Web.Server.Telnet.Front.Java.21/bitcoin/24/wallets/2026.04.20/chainstate/LOCK: Empty file
/home/mearvk/IdeaProjects/Java.Web.Server.Telnet.Front.Java.21/bitcoin/24/wallets/2026.04.20/blocks/index/LOCK: Empty file
/home/mearvk/IdeaProjects/Java.Web.Server.Telnet.Front.Java.21/bitcoin/24/wallets/2026.04.20/blocks/rev00000.dat: Empty file
/home/mearvk/IdeaProjects/Java.Web.Server.Telnet.Front.Java.21/bitcoin/24/wallets/2026.04.16/chainstate/LOCK: Empty file
/home/mearvk/IdeaProjects/Java.Web.Server.Telnet.Front.Java.21/bitcoin/24/wallets/2026.04.16/blocks/index/LOCK: Empty file
/home/mearvk/IdeaProjects/Java.Web.Server.Telnet.Front.Java.21/bitcoin/24/wallets/2026.04.19/chainstate/LOCK: Empty file
/home/mearvk/IdeaProjects/Java.Web.Server.Telnet.Front.Java.21/bitcoin/24/wallets/2026.04.19/blocks/index/LOCK: Empty file
/home/mearvk/IdeaProjects/Java.Web.Server.Telnet.Front.Java.21/bitcoin/24/wallets/2026.04.19/blocks/rev00000.dat: Empty file
/home/mearvk/IdeaProjects/Java.Web.Server.Telnet.Front.Java.21/bitcoin/24/wallets/2026.04.05/chainstate/chainstate/LOCK: Empty file
/home/mearvk/IdeaProjects/Java.Web.Server.Telnet.Front.Java.21/bitcoin/24/wallets/2026.04.05/chainstate/chainstate/000009.log: Empty file
/home/mearvk/IdeaProjects/Java.Web.Server.Telnet.Front.Java.21/bitcoin/24/wallets/2026.04.05/blocks/blocks/index/000011.log: Empty file
/home/mearvk/IdeaProjects/Java.Web.Server.Telnet.Front.Java.21/bitcoin/24/wallets/2026.04.05/blocks/blocks/index/LOCK: Empty file
/home/mearvk/IdeaProjects/Java.Web.Server.Telnet.Front.Java.21/bitcoin/24/wallets/2026.05.03/chainstate/LOCK: Empty file
/home/mearvk/IdeaProjects/Java.Web.Server.Telnet.Front.Java.21/bitcoin/24/wallets/2026.05.03/blocks/index/LOCK: Empty file
/home/mearvk/IdeaProjects/Java.Web.Server.Telnet.Front.Java.21/bitcoin/24/wallets/2026.05.03/blocks/rev00000.dat: Empty file
/home/mearvk/IdeaProjects/Java.Web.Server.Telnet.Front.Java.21/bitcoin/24/wallets/2026.04.14/chainstate/LOCK: Empty file
/home/mearvk/IdeaProjects/Java.Web.Server.Telnet.Front.Java.21/bitcoin/24/wallets/2026.04.14/blocks/index/LOCK: Empty file
/home/mearvk/IdeaProjects/Java.Web.Server.Telnet.Front.Java.21/bitcoin/24/wallets/2026.04.30/chainstate/LOCK: Empty file
/home/mearvk/IdeaProjects/Java.Web.Server.Telnet.Front.Java.21/bitcoin/24/wallets/2026.04.30/blocks/index/LOCK: Empty file
/home/mearvk/IdeaProjects/Java.Web.Server.Telnet.Front.Java.21/bitcoin/24/wallets/2026.04.30/blocks/rev00000.dat: Empty file
/home/mearvk/IdeaProjects/Java.Web.Server.Telnet.Front.Java.21/bitcoin/30/wallets/2026.03.27/001/chainstate/000006.log: Empty file
/home/mearvk/IdeaProjects/Java.Web.Server.Telnet.Front.Java.21/bitcoin/30/wallets/2026.03.27/001/chainstate/LOCK: Empty file
/home/mearvk/IdeaProjects/Java.Web.Server.Telnet.Front.Java.21/bitcoin/30/wallets/2026.03.27/001/blocks/.lock: Empty file
/home/mearvk/IdeaProjects/Java.Web.Server.Telnet.Front.Java.21/bitcoin/30/wallets/2026.03.27/001/blocks/index/000006.log: Empty file
/home/mearvk/IdeaProjects/Java.Web.Server.Telnet.Front.Java.21/bitcoin/30/wallets/2026.03.27/001/blocks/index/LOCK: Empty file
/home/mearvk/IdeaProjects/Java.Web.Server.Telnet.Front.Java.21/bitcoin/30/wallets/2026.03.27/002/chainstate/LOCK: Empty file
/home/mearvk/IdeaProjects/Java.Web.Server.Telnet.Front.Java.21/bitcoin/30/wallets/2026.03.27/002/blocks/.lock: Empty file
/home/mearvk/IdeaProjects/Java.Web.Server.Telnet.Front.Java.21/bitcoin/30/wallets/2026.03.27/002/blocks/index/LOCK: Empty file
/home/mearvk/IdeaProjects/Java.Web.Server.Telnet.Front.Java.21/bitcoin/30/wallets/2026.03.27/002/blocks/index/000003.log: Empty file
/home/mearvk/IdeaProjects/Java.Web.Server.Telnet.Front.Java.21/bitcoin/30/wallets/2026.04.03/chainstate/chainstate/LOCK: Empty file
/home/mearvk/IdeaProjects/Java.Web.Server.Telnet.Front.Java.21/bitcoin/30/wallets/2026.04.03/chainstate/chainstate/000009.log: Empty file
/home/mearvk/IdeaProjects/Java.Web.Server.Telnet.Front.Java.21/bitcoin/30/wallets/2026.04.03/blocks/blocks/.lock: Empty file
/home/mearvk/IdeaProjects/Java.Web.Server.Telnet.Front.Java.21/bitcoin/30/wallets/2026.04.03/blocks/blocks/index/LOCK: Empty file
/home/mearvk/IdeaProjects/Java.Web.Server.Telnet.Front.Java.21/bitcoin/30/wallets/2026.04.03/blocks/blocks/index/000009.log: Empty file
/home/mearvk/IdeaProjects/Java.Web.Server.Telnet.Front.Java.21/bitcoin/30/wallets/2026.04.04/chainstate/chainstate/LOCK: Empty file
/home/mearvk/IdeaProjects/Java.Web.Server.Telnet.Front.Java.21/bitcoin/30/wallets/2026.04.04/chainstate/chainstate/000009.log: Empty file
/home/mearvk/IdeaProjects/Java.Web.Server.Telnet.Front.Java.21/bitcoin/30/wallets/2026.04.04/blocks/blocks/.lock: Empty file
/home/mearvk/IdeaProjects/Java.Web.Server.Telnet.Front.Java.21/bitcoin/30/wallets/2026.04.04/blocks/blocks/index/LOCK: Empty file
/home/mearvk/IdeaProjects/Java.Web.Server.Telnet.Front.Java.21/bitcoin/30/wallets/2026.04.04/blocks/blocks/index/000009.log: Empty file
/home/mearvk/IdeaProjects/Java.Web.Server.Telnet.Front.Java.21/bitcoin/30/wallets/2026.04.05/chainstate/chainstate/LOCK: Empty file
/home/mearvk/IdeaProjects/Java.Web.Server.Telnet.Front.Java.21/bitcoin/30/wallets/2026.04.05/chainstate/chainstate/000009.log: Empty file
/home/mearvk/IdeaProjects/Java.Web.Server.Telnet.Front.Java.21/bitcoin/30/wallets/2026.04.05/blocks/blocks/.lock: Empty file
/home/mearvk/IdeaProjects/Java.Web.Server.Telnet.Front.Java.21/bitcoin/30/wallets/2026.04.05/blocks/blocks/index/LOCK: Empty file
/home/mearvk/IdeaProjects/Java.Web.Server.Telnet.Front.Java.21/bitcoin/30/wallets/2026.04.05/blocks/blocks/index/000009.log: Empty file
/home/mearvk/IdeaProjects/Java.Web.Server.Telnet.Front.Java.21/bitcoin/29/wallets/2026.04.12/chainstate/chainstate/000006.log: Empty file
/home/mearvk/IdeaProjects/Java.Web.Server.Telnet.Front.Java.21/bitcoin/29/wallets/2026.04.12/chainstate/chainstate/LOCK: Empty file
/home/mearvk/IdeaProjects/Java.Web.Server.Telnet.Front.Java.21/bitcoin/29/wallets/2026.04.12/blocks/blocks/.lock: Empty file
/home/mearvk/IdeaProjects/Java.Web.Server.Telnet.Front.Java.21/bitcoin/29/wallets/2026.04.12/blocks/blocks/index/000006.log: Empty file
/home/mearvk/IdeaProjects/Java.Web.Server.Telnet.Front.Java.21/bitcoin/29/wallets/2026.04.12/blocks/blocks/index/LOCK: Empty file
/home/mearvk/IdeaProjects/Java.Web.Server.Telnet.Front.Java.21/bitcoin/29/wallets/2026.04.12/blocks/blocks/rev00000.dat: Empty file
/home/mearvk/IdeaProjects/Java.Web.Server.Telnet.Front.Java.21/bitcoin/29/wallets/2026.04.13/chainstate/chainstate/000006.log: Empty file
/home/mearvk/IdeaProjects/Java.Web.Server.Telnet.Front.Java.21/bitcoin/29/wallets/2026.04.13/chainstate/chainstate/LOCK: Empty file
/home/mearvk/IdeaProjects/Java.Web.Server.Telnet.Front.Java.21/bitcoin/29/wallets/2026.04.13/blocks/blocks/.lock: Empty file
/home/mearvk/IdeaProjects/Java.Web.Server.Telnet.Front.Java.21/bitcoin/29/wallets/2026.04.13/blocks/blocks/index/000006.log: Empty file
/home/mearvk/IdeaProjects/Java.Web.Server.Telnet.Front.Java.21/bitcoin/29/wallets/2026.04.13/blocks/blocks/index/LOCK: Empty file
/home/mearvk/IdeaProjects/Java.Web.Server.Telnet.Front.Java.21/bitcoin/29/wallets/2026.04.13/blocks/blocks/rev00000.dat: Empty file
/home/mearvk/IdeaProjects/Java.Web.Server.Telnet.Front.Java.21/bitcoin/29/wallets/2026.04.26/chainstate/chainstate/000006.log: Empty file
/home/mearvk/IdeaProjects/Java.Web.Server.Telnet.Front.Java.21/bitcoin/29/wallets/2026.04.26/chainstate/chainstate/LOCK: Empty file
/home/mearvk/IdeaProjects/Java.Web.Server.Telnet.Front.Java.21/bitcoin/29/wallets/2026.04.26/blocks/blocks/.lock: Empty file
/home/mearvk/IdeaProjects/Java.Web.Server.Telnet.Front.Java.21/bitcoin/29/wallets/2026.04.26/blocks/blocks/index/000006.log: Empty file
/home/mearvk/IdeaProjects/Java.Web.Server.Telnet.Front.Java.21/bitcoin/29/wallets/2026.04.26/blocks/blocks/index/LOCK: Empty file
/home/mearvk/IdeaProjects/Java.Web.Server.Telnet.Front.Java.21/bitcoin/29/wallets/2026.04.26/blocks/blocks/rev00000.dat: Empty file
/home/mearvk/IdeaProjects/Java.Web.Server.Telnet.Front.Java.21/bitcoin/29/wallets/2026.04.24/chainstate/chainstate/000006.log: Empty file
/home/mearvk/IdeaProjects/Java.Web.Server.Telnet.Front.Java.21/bitcoin/29/wallets/2026.04.24/chainstate/chainstate/LOCK: Empty file
/home/mearvk/IdeaProjects/Java.Web.Server.Telnet.Front.Java.21/bitcoin/29/wallets/2026.04.24/blocks/blocks/.lock: Empty file
/home/mearvk/IdeaProjects/Java.Web.Server.Telnet.Front.Java.21/bitcoin/29/wallets/2026.04.24/blocks/blocks/index/000006.log: Empty file
/home/mearvk/IdeaProjects/Java.Web.Server.Telnet.Front.Java.21/bitcoin/29/wallets/2026.04.24/blocks/blocks/index/LOCK: Empty file
/home/mearvk/IdeaProjects/Java.Web.Server.Telnet.Front.Java.21/bitcoin/29/wallets/2026.04.24/blocks/blocks/rev00000.dat: Empty file
/home/mearvk/IdeaProjects/Java.Web.Server.Telnet.Front.Java.21/bitcoin/29/wallets/2026.05.02/chainstate/chainstate/000006.log: Empty file
/home/mearvk/IdeaProjects/Java.Web.Server.Telnet.Front.Java.21/bitcoin/29/wallets/2026.05.02/chainstate/chainstate/LOCK: Empty file
/home/mearvk/IdeaProjects/Java.Web.Server.Telnet.Front.Java.21/bitcoin/29/wallets/2026.05.02/blocks/blocks/.lock: Empty file
/home/mearvk/IdeaProjects/Java.Web.Server.Telnet.Front.Java.21/bitcoin/29/wallets/2026.05.02/blocks/blocks/index/000006.log: Empty file
/home/mearvk/IdeaProjects/Java.Web.Server.Telnet.Front.Java.21/bitcoin/29/wallets/2026.05.02/blocks/blocks/index/LOCK: Empty file
/home/mearvk/IdeaProjects/Java.Web.Server.Telnet.Front.Java.21/bitcoin/29/wallets/2026.05.02/blocks/blocks/rev00000.dat: Empty file
/home/mearvk/IdeaProjects/Java.Web.Server.Telnet.Front.Java.21/bitcoin/29/wallets/2026.04.23/chainstate/chainstate/000006.log: Empty file
/home/mearvk/IdeaProjects/Java.Web.Server.Telnet.Front.Java.21/bitcoin/29/wallets/2026.04.23/chainstate/chainstate/LOCK: Empty file
/home/mearvk/IdeaProjects/Java.Web.Server.Telnet.Front.Java.21/bitcoin/29/wallets/2026.04.23/blocks/blocks/.lock: Empty file
/home/mearvk/IdeaProjects/Java.Web.Server.Telnet.Front.Java.21/bitcoin/29/wallets/2026.04.23/blocks/blocks/index/000006.log: Empty file
/home/mearvk/IdeaProjects/Java.Web.Server.Telnet.Front.Java.21/bitcoin/29/wallets/2026.04.23/blocks/blocks/index/LOCK: Empty file
/home/mearvk/IdeaProjects/Java.Web.Server.Telnet.Front.Java.21/bitcoin/29/wallets/2026.04.23/blocks/blocks/rev00000.dat: Empty file
/home/mearvk/IdeaProjects/Java.Web.Server.Telnet.Front.Java.21/bitcoin/29/wallets/2026.05.04/chainstate/chainstate/000006.log: Empty file
/home/mearvk/IdeaProjects/Java.Web.Server.Telnet.Front.Java.21/bitcoin/29/wallets/2026.05.04/chainstate/chainstate/LOCK: Empty file
/home/mearvk/IdeaProjects/Java.Web.Server.Telnet.Front.Java.21/bitcoin/29/wallets/2026.05.04/blocks/blocks/.lock: Empty file
/home/mearvk/IdeaProjects/Java.Web.Server.Telnet.Front.Java.21/bitcoin/29/wallets/2026.05.04/blocks/blocks/index/000006.log: Empty file
/home/mearvk/IdeaProjects/Java.Web.Server.Telnet.Front.Java.21/bitcoin/29/wallets/2026.05.04/blocks/blocks/index/LOCK: Empty file
/home/mearvk/IdeaProjects/Java.Web.Server.Telnet.Front.Java.21/bitcoin/29/wallets/2026.05.04/blocks/blocks/rev00000.dat: Empty file
/home/mearvk/IdeaProjects/Java.Web.Server.Telnet.Front.Java.21/bitcoin/29/wallets/2026.04.10/chainstate/chainstate/LOCK: Empty file
/home/mearvk/IdeaProjects/Java.Web.Server.Telnet.Front.Java.21/bitcoin/29/wallets/2026.04.10/chainstate/chainstate/000009.log: Empty file
/home/mearvk/IdeaProjects/Java.Web.Server.Telnet.Front.Java.21/bitcoin/29/wallets/2026.04.03/chainstate/chainstate/000006.log: Empty file
/home/mearvk/IdeaProjects/Java.Web.Server.Telnet.Front.Java.21/bitcoin/29/wallets/2026.04.03/chainstate/chainstate/LOCK: Empty file
/home/mearvk/IdeaProjects/Java.Web.Server.Telnet.Front.Java.21/bitcoin/29/wallets/2026.04.03/blocks/blocks/.lock: Empty file
/home/mearvk/IdeaProjects/Java.Web.Server.Telnet.Front.Java.21/bitcoin/29/wallets/2026.04.03/blocks/blocks/index/000006.log: Empty file
/home/mearvk/IdeaProjects/Java.Web.Server.Telnet.Front.Java.21/bitcoin/29/wallets/2026.04.03/blocks/blocks/index/LOCK: Empty file
/home/mearvk/IdeaProjects/Java.Web.Server.Telnet.Front.Java.21/bitcoin/29/wallets/2026.04.03/blocks/blocks/rev00000.dat: Empty file
/home/mearvk/IdeaProjects/Java.Web.Server.Telnet.Front.Java.21/bitcoin/29/wallets/2026.04.17/chainstate/chainstate/000006.log: Empty file
/home/mearvk/IdeaProjects/Java.Web.Server.Telnet.Front.Java.21/bitcoin/29/wallets/2026.04.17/chainstate/chainstate/LOCK: Empty file
/home/mearvk/IdeaProjects/Java.Web.Server.Telnet.Front.Java.21/bitcoin/29/wallets/2026.04.17/blocks/blocks/.lock: Empty file
/home/mearvk/IdeaProjects/Java.Web.Server.Telnet.Front.Java.21/bitcoin/29/wallets/2026.04.17/blocks/blocks/index/000006.log: Empty file
/home/mearvk/IdeaProjects/Java.Web.Server.Telnet.Front.Java.21/bitcoin/29/wallets/2026.04.17/blocks/blocks/index/LOCK: Empty file
/home/mearvk/IdeaProjects/Java.Web.Server.Telnet.Front.Java.21/bitcoin/29/wallets/2026.04.17/blocks/blocks/rev00000.dat: Empty file
/home/mearvk/IdeaProjects/Java.Web.Server.Telnet.Front.Java.21/bitcoin/29/wallets/2026.03.28/chainstate/LOCK: Empty file
/home/mearvk/IdeaProjects/Java.Web.Server.Telnet.Front.Java.21/bitcoin/29/wallets/2026.03.28/blocks/.lock: Empty file
/home/mearvk/IdeaProjects/Java.Web.Server.Telnet.Front.Java.21/bitcoin/29/wallets/2026.03.28/blocks/index/LOCK: Empty file
/home/mearvk/IdeaProjects/Java.Web.Server.Telnet.Front.Java.21/bitcoin/29/wallets/2026.03.28/blocks/index/000003.log: Empty file
/home/mearvk/IdeaProjects/Java.Web.Server.Telnet.Front.Java.21/bitcoin/29/wallets/2026.04.18/chainstate/chainstate/000006.log: Empty file
/home/mearvk/IdeaProjects/Java.Web.Server.Telnet.Front.Java.21/bitcoin/29/wallets/2026.04.18/chainstate/chainstate/LOCK: Empty file
/home/mearvk/IdeaProjects/Java.Web.Server.Telnet.Front.Java.21/bitcoin/29/wallets/2026.04.18/blocks/blocks/.lock: Empty file
/home/mearvk/IdeaProjects/Java.Web.Server.Telnet.Front.Java.21/bitcoin/29/wallets/2026.04.18/blocks/blocks/index/000006.log: Empty file
/home/mearvk/IdeaProjects/Java.Web.Server.Telnet.Front.Java.21/bitcoin/29/wallets/2026.04.18/blocks/blocks/index/LOCK: Empty file
/home/mearvk/IdeaProjects/Java.Web.Server.Telnet.Front.Java.21/bitcoin/29/wallets/2026.04.18/blocks/blocks/rev00000.dat: Empty file
/home/mearvk/IdeaProjects/Java.Web.Server.Telnet.Front.Java.21/bitcoin/29/wallets/2026.04.28/chainstate/chainstate/000006.log: Empty file
/home/mearvk/IdeaProjects/Java.Web.Server.Telnet.Front.Java.21/bitcoin/29/wallets/2026.04.28/chainstate/chainstate/LOCK: Empty file
/home/mearvk/IdeaProjects/Java.Web.Server.Telnet.Front.Java.21/bitcoin/29/wallets/2026.04.28/blocks/blocks/.lock: Empty file
/home/mearvk/IdeaProjects/Java.Web.Server.Telnet.Front.Java.21/bitcoin/29/wallets/2026.04.28/blocks/blocks/index/000006.log: Empty file
/home/mearvk/IdeaProjects/Java.Web.Server.Telnet.Front.Java.21/bitcoin/29/wallets/2026.04.28/blocks/blocks/index/LOCK: Empty file
/home/mearvk/IdeaProjects/Java.Web.Server.Telnet.Front.Java.21/bitcoin/29/wallets/2026.04.28/blocks/blocks/rev00000.dat: Empty file
/home/mearvk/IdeaProjects/Java.Web.Server.Telnet.Front.Java.21/bitcoin/29/wallets/2026.04.22/chainstate/chainstate/000006.log: Empty file
/home/mearvk/IdeaProjects/Java.Web.Server.Telnet.Front.Java.21/bitcoin/29/wallets/2026.04.22/chainstate/chainstate/LOCK: Empty file
/home/mearvk/IdeaProjects/Java.Web.Server.Telnet.Front.Java.21/bitcoin/29/wallets/2026.04.22/blocks/blocks/.lock: Empty file
/home/mearvk/IdeaProjects/Java.Web.Server.Telnet.Front.Java.21/bitcoin/29/wallets/2026.04.22/blocks/blocks/index/000006.log: Empty file
/home/mearvk/IdeaProjects/Java.Web.Server.Telnet.Front.Java.21/bitcoin/29/wallets/2026.04.22/blocks/blocks/index/LOCK: Empty file
/home/mearvk/IdeaProjects/Java.Web.Server.Telnet.Front.Java.21/bitcoin/29/wallets/2026.04.22/blocks/blocks/rev00000.dat: Empty file
/home/mearvk/IdeaProjects/Java.Web.Server.Telnet.Front.Java.21/bitcoin/29/wallets/2026.04.04/chainstate/chainstate/000006.log: Empty file
/home/mearvk/IdeaProjects/Java.Web.Server.Telnet.Front.Java.21/bitcoin/29/wallets/2026.04.04/chainstate/chainstate/LOCK: Empty file
/home/mearvk/IdeaProjects/Java.Web.Server.Telnet.Front.Java.21/bitcoin/29/wallets/2026.04.04/blocks/blocks/.lock: Empty file
/home/mearvk/IdeaProjects/Java.Web.Server.Telnet.Front.Java.21/bitcoin/29/wallets/2026.04.04/blocks/blocks/index/000006.log: Empty file
/home/mearvk/IdeaProjects/Java.Web.Server.Telnet.Front.Java.21/bitcoin/29/wallets/2026.04.04/blocks/blocks/index/LOCK: Empty file
/home/mearvk/IdeaProjects/Java.Web.Server.Telnet.Front.Java.21/bitcoin/29/wallets/2026.04.04/blocks/blocks/rev00000.dat: Empty file
/home/mearvk/IdeaProjects/Java.Web.Server.Telnet.Front.Java.21/bitcoin/29/wallets/2026.04.11/chainstate/chainstate/000006.log: Empty file
/home/mearvk/IdeaProjects/Java.Web.Server.Telnet.Front.Java.21/bitcoin/29/wallets/2026.04.11/chainstate/chainstate/LOCK: Empty file
/home/mearvk/IdeaProjects/Java.Web.Server.Telnet.Front.Java.21/bitcoin/29/wallets/2026.04.11/blocks/blocks/.lock: Empty file
/home/mearvk/IdeaProjects/Java.Web.Server.Telnet.Front.Java.21/bitcoin/29/wallets/2026.04.11/blocks/blocks/index/000006.log: Empty file
/home/mearvk/IdeaProjects/Java.Web.Server.Telnet.Front.Java.21/bitcoin/29/wallets/2026.04.11/blocks/blocks/index/LOCK: Empty file
/home/mearvk/IdeaProjects/Java.Web.Server.Telnet.Front.Java.21/bitcoin/29/wallets/2026.04.11/blocks/blocks/rev00000.dat: Empty file
/home/mearvk/IdeaProjects/Java.Web.Server.Telnet.Front.Java.21/bitcoin/29/wallets/2026.05.01/chainstate/chainstate/LOCK: Empty file
/home/mearvk/IdeaProjects/Java.Web.Server.Telnet.Front.Java.21/bitcoin/29/wallets/2026.05.01/chainstate/chainstate/000012.log: Empty file
/home/mearvk/IdeaProjects/Java.Web.Server.Telnet.Front.Java.21/bitcoin/29/wallets/2026.04.27/chainstate/chainstate/000006.log: Empty file
/home/mearvk/IdeaProjects/Java.Web.Server.Telnet.Front.Java.21/bitcoin/29/wallets/2026.04.27/chainstate/chainstate/LOCK: Empty file
/home/mearvk/IdeaProjects/Java.Web.Server.Telnet.Front.Java.21/bitcoin/29/wallets/2026.04.27/blocks/blocks/.lock: Empty file
/home/mearvk/IdeaProjects/Java.Web.Server.Telnet.Front.Java.21/bitcoin/29/wallets/2026.04.27/blocks/blocks/index/000006.log: Empty file
/home/mearvk/IdeaProjects/Java.Web.Server.Telnet.Front.Java.21/bitcoin/29/wallets/2026.04.27/blocks/blocks/index/LOCK: Empty file
/home/mearvk/IdeaProjects/Java.Web.Server.Telnet.Front.Java.21/bitcoin/29/wallets/2026.04.27/blocks/blocks/rev00000.dat: Empty file
/home/mearvk/IdeaProjects/Java.Web.Server.Telnet.Front.Java.21/bitcoin/29/wallets/2026.04.21/blocks/blocks/.lock: Empty file
/home/mearvk/IdeaProjects/Java.Web.Server.Telnet.Front.Java.21/bitcoin/29/wallets/2026.04.21/blocks/blocks/index/000006.log: Empty file
/home/mearvk/IdeaProjects/Java.Web.Server.Telnet.Front.Java.21/bitcoin/29/wallets/2026.04.21/blocks/blocks/index/LOCK: Empty file
/home/mearvk/IdeaProjects/Java.Web.Server.Telnet.Front.Java.21/bitcoin/29/wallets/2026.04.21/blocks/blocks/rev00000.dat: Empty file
/home/mearvk/IdeaProjects/Java.Web.Server.Telnet.Front.Java.21/bitcoin/29/wallets/2026.04.29/chainstate/chainstate/000006.log: Empty file
/home/mearvk/IdeaProjects/Java.Web.Server.Telnet.Front.Java.21/bitcoin/29/wallets/2026.04.29/chainstate/chainstate/LOCK: Empty file
/home/mearvk/IdeaProjects/Java.Web.Server.Telnet.Front.Java.21/bitcoin/29/wallets/2026.04.29/blocks/blocks/.lock: Empty file
/home/mearvk/IdeaProjects/Java.Web.Server.Telnet.Front.Java.21/bitcoin/29/wallets/2026.04.29/blocks/blocks/index/000006.log: Empty file
/home/mearvk/IdeaProjects/Java.Web.Server.Telnet.Front.Java.21/bitcoin/29/wallets/2026.04.29/blocks/blocks/index/LOCK: Empty file
/home/mearvk/IdeaProjects/Java.Web.Server.Telnet.Front.Java.21/bitcoin/29/wallets/2026.04.29/blocks/blocks/rev00000.dat: Empty file
/home/mearvk/IdeaProjects/Java.Web.Server.Telnet.Front.Java.21/bitcoin/29/wallets/2026.05.05/blocks/blocks/.lock: Empty file
/home/mearvk/IdeaProjects/Java.Web.Server.Telnet.Front.Java.21/bitcoin/29/wallets/2026.05.05/blocks/blocks/index/000006.log: Empty file
/home/mearvk/IdeaProjects/Java.Web.Server.Telnet.Front.Java.21/bitcoin/29/wallets/2026.05.05/blocks/blocks/index/LOCK: Empty file
/home/mearvk/IdeaProjects/Java.Web.Server.Telnet.Front.Java.21/bitcoin/29/wallets/2026.05.05/blocks/blocks/rev00000.dat: Empty file
/home/mearvk/IdeaProjects/Java.Web.Server.Telnet.Front.Java.21/bitcoin/29/wallets/2026.04.20/chainstate/chainstate/000006.log: Empty file
/home/mearvk/IdeaProjects/Java.Web.Server.Telnet.Front.Java.21/bitcoin/29/wallets/2026.04.20/chainstate/chainstate/LOCK: Empty file
/home/mearvk/IdeaProjects/Java.Web.Server.Telnet.Front.Java.21/bitcoin/29/wallets/2026.04.20/blocks/blocks/.lock: Empty file
/home/mearvk/IdeaProjects/Java.Web.Server.Telnet.Front.Java.21/bitcoin/29/wallets/2026.04.20/blocks/blocks/index/000006.log: Empty file
/home/mearvk/IdeaProjects/Java.Web.Server.Telnet.Front.Java.21/bitcoin/29/wallets/2026.04.20/blocks/blocks/index/LOCK: Empty file
/home/mearvk/IdeaProjects/Java.Web.Server.Telnet.Front.Java.21/bitcoin/29/wallets/2026.04.20/blocks/blocks/rev00000.dat: Empty file
/home/mearvk/IdeaProjects/Java.Web.Server.Telnet.Front.Java.21/bitcoin/29/wallets/2026.04.19/chainstate/chainstate/000006.log: Empty file
/home/mearvk/IdeaProjects/Java.Web.Server.Telnet.Front.Java.21/bitcoin/29/wallets/2026.04.19/chainstate/chainstate/LOCK: Empty file
/home/mearvk/IdeaProjects/Java.Web.Server.Telnet.Front.Java.21/bitcoin/29/wallets/2026.04.05/chainstate/chainstate/000006.log: Empty file
/home/mearvk/IdeaProjects/Java.Web.Server.Telnet.Front.Java.21/bitcoin/29/wallets/2026.04.05/chainstate/chainstate/LOCK: Empty file
/home/mearvk/IdeaProjects/Java.Web.Server.Telnet.Front.Java.21/bitcoin/29/wallets/2026.04.05/blocks/blocks/.lock: Empty file
/home/mearvk/IdeaProjects/Java.Web.Server.Telnet.Front.Java.21/bitcoin/29/wallets/2026.04.05/blocks/blocks/index/000006.log: Empty file
/home/mearvk/IdeaProjects/Java.Web.Server.Telnet.Front.Java.21/bitcoin/29/wallets/2026.04.05/blocks/blocks/index/LOCK: Empty file
/home/mearvk/IdeaProjects/Java.Web.Server.Telnet.Front.Java.21/bitcoin/29/wallets/2026.04.05/blocks/blocks/rev00000.dat: Empty file
/home/mearvk/IdeaProjects/Java.Web.Server.Telnet.Front.Java.21/bitcoin/29/wallets/2026.05.03/chainstate/chainstate/000006.log: Empty file
/home/mearvk/IdeaProjects/Java.Web.Server.Telnet.Front.Java.21/bitcoin/29/wallets/2026.05.03/chainstate/chainstate/LOCK: Empty file
/home/mearvk/IdeaProjects/Java.Web.Server.Telnet.Front.Java.21/bitcoin/29/wallets/2026.04.14/blocks/blocks/.lock: Empty file
/home/mearvk/IdeaProjects/Java.Web.Server.Telnet.Front.Java.21/bitcoin/29/wallets/2026.04.14/blocks/blocks/index/000006.log: Empty file
/home/mearvk/IdeaProjects/Java.Web.Server.Telnet.Front.Java.21/bitcoin/29/wallets/2026.04.14/blocks/blocks/index/LOCK: Empty file
/home/mearvk/IdeaProjects/Java.Web.Server.Telnet.Front.Java.21/bitcoin/29/wallets/2026.04.14/blocks/blocks/rev00000.dat: Empty file
/home/mearvk/IdeaProjects/Java.Web.Server.Telnet.Front.Java.21/bitcoin/29/wallets/2026.04.30/chainstate/chainstate/000006.log: Empty file
/home/mearvk/IdeaProjects/Java.Web.Server.Telnet.Front.Java.21/bitcoin/29/wallets/2026.04.30/chainstate/chainstate/LOCK: Empty file
/home/mearvk/IdeaProjects/Java.Web.Server.Telnet.Front.Java.21/bitcoin/29/wallets/2026.04.30/blocks/blocks/.lock: Empty file
/home/mearvk/IdeaProjects/Java.Web.Server.Telnet.Front.Java.21/bitcoin/29/wallets/2026.04.30/blocks/blocks/index/000006.log: Empty file
/home/mearvk/IdeaProjects/Java.Web.Server.Telnet.Front.Java.21/bitcoin/29/wallets/2026.04.30/blocks/blocks/index/LOCK: Empty file
/home/mearvk/IdeaProjects/Java.Web.Server.Telnet.Front.Java.21/bitcoin/29/wallets/2026.04.30/blocks/blocks/rev00000.dat: Empty file
/home/mearvk/IdeaProjects/Java.Web.Server.Telnet.Front.Java.21/bitcoin/26/wallets/2026.04.12/chainstate/000016.log: Empty file
/home/mearvk/IdeaProjects/Java.Web.Server.Telnet.Front.Java.21/bitcoin/26/wallets/2026.04.12/chainstate/LOCK: Empty file
/home/mearvk/IdeaProjects/Java.Web.Server.Telnet.Front.Java.21/bitcoin/26/wallets/2026.04.12/blocks/blocks/index/LOCK: Empty file
/home/mearvk/IdeaProjects/Java.Web.Server.Telnet.Front.Java.21/bitcoin/26/wallets/2026.04.12/blocks/blocks/index/000009.log: Empty file
/home/mearvk/IdeaProjects/Java.Web.Server.Telnet.Front.Java.21/bitcoin/26/wallets/2026.04.13/chainstate/000016.log: Empty file
/home/mearvk/IdeaProjects/Java.Web.Server.Telnet.Front.Java.21/bitcoin/26/wallets/2026.04.13/chainstate/LOCK: Empty file
/home/mearvk/IdeaProjects/Java.Web.Server.Telnet.Front.Java.21/bitcoin/26/wallets/2026.04.13/blocks/index/LOCK: Empty file
/home/mearvk/IdeaProjects/Java.Web.Server.Telnet.Front.Java.21/bitcoin/26/wallets/2026.04.13/blocks/index/000009.log: Empty file
/home/mearvk/IdeaProjects/Java.Web.Server.Telnet.Front.Java.21/bitcoin/26/wallets/2026.04.26/chainstate/chainstate/000016.log: Empty file
/home/mearvk/IdeaProjects/Java.Web.Server.Telnet.Front.Java.21/bitcoin/26/wallets/2026.04.26/chainstate/chainstate/LOCK: Empty file
/home/mearvk/IdeaProjects/Java.Web.Server.Telnet.Front.Java.21/bitcoin/26/wallets/2026.04.26/blocks/blocks/index/LOCK: Empty file
/home/mearvk/IdeaProjects/Java.Web.Server.Telnet.Front.Java.21/bitcoin/26/wallets/2026.04.26/blocks/blocks/index/000009.log: Empty file
/home/mearvk/IdeaProjects/Java.Web.Server.Telnet.Front.Java.21/bitcoin/26/wallets/2026.04.24/chainstate/000016.log: Empty file
/home/mearvk/IdeaProjects/Java.Web.Server.Telnet.Front.Java.21/bitcoin/26/wallets/2026.04.24/chainstate/LOCK: Empty file
/home/mearvk/IdeaProjects/Java.Web.Server.Telnet.Front.Java.21/bitcoin/26/wallets/2026.04.24/blocks/index/LOCK: Empty file
/home/mearvk/IdeaProjects/Java.Web.Server.Telnet.Front.Java.21/bitcoin/26/wallets/2026.04.24/blocks/index/000009.log: Empty file
/home/mearvk/IdeaProjects/Java.Web.Server.Telnet.Front.Java.21/bitcoin/26/wallets/2026.05.02/chainstate/000016.log: Empty file
/home/mearvk/IdeaProjects/Java.Web.Server.Telnet.Front.Java.21/bitcoin/26/wallets/2026.05.02/chainstate/LOCK: Empty file
/home/mearvk/IdeaProjects/Java.Web.Server.Telnet.Front.Java.21/bitcoin/26/wallets/2026.05.02/blocks/index/LOCK: Empty file
/home/mearvk/IdeaProjects/Java.Web.Server.Telnet.Front.Java.21/bitcoin/26/wallets/2026.05.02/blocks/index/000009.log: Empty file
/home/mearvk/IdeaProjects/Java.Web.Server.Telnet.Front.Java.21/bitcoin/26/wallets/2026.04.23/chainstate/chainstate/000016.log: Empty file
/home/mearvk/IdeaProjects/Java.Web.Server.Telnet.Front.Java.21/bitcoin/26/wallets/2026.04.23/chainstate/chainstate/LOCK: Empty file
/home/mearvk/IdeaProjects/Java.Web.Server.Telnet.Front.Java.21/bitcoin/26/wallets/2026.04.23/blocks/index/LOCK: Empty file
/home/mearvk/IdeaProjects/Java.Web.Server.Telnet.Front.Java.21/bitcoin/26/wallets/2026.04.23/blocks/index/000009.log: Empty file
/home/mearvk/IdeaProjects/Java.Web.Server.Telnet.Front.Java.21/bitcoin/26/wallets/2026.05.04/chainstate/000016.log: Empty file
/home/mearvk/IdeaProjects/Java.Web.Server.Telnet.Front.Java.21/bitcoin/26/wallets/2026.05.04/chainstate/LOCK: Empty file
/home/mearvk/IdeaProjects/Java.Web.Server.Telnet.Front.Java.21/bitcoin/26/wallets/2026.05.04/blocks/index/LOCK: Empty file
/home/mearvk/IdeaProjects/Java.Web.Server.Telnet.Front.Java.21/bitcoin/26/wallets/2026.05.04/blocks/index/000009.log: Empty file
/home/mearvk/IdeaProjects/Java.Web.Server.Telnet.Front.Java.21/bitcoin/26/wallets/2026.04.10/chainstate/000026.log: Empty file
/home/mearvk/IdeaProjects/Java.Web.Server.Telnet.Front.Java.21/bitcoin/26/wallets/2026.04.10/chainstate/LOCK: Empty file
/home/mearvk/IdeaProjects/Java.Web.Server.Telnet.Front.Java.21/bitcoin/26/wallets/2026.04.10/blocks/index/000014.log: Empty file
/home/mearvk/IdeaProjects/Java.Web.Server.Telnet.Front.Java.21/bitcoin/26/wallets/2026.04.10/blocks/index/LOCK: Empty file
/home/mearvk/IdeaProjects/Java.Web.Server.Telnet.Front.Java.21/bitcoin/26/wallets/2026.04.03/chainstate/chainstate/000016.log: Empty file
/home/mearvk/IdeaProjects/Java.Web.Server.Telnet.Front.Java.21/bitcoin/26/wallets/2026.04.03/chainstate/chainstate/LOCK: Empty file
/home/mearvk/IdeaProjects/Java.Web.Server.Telnet.Front.Java.21/bitcoin/26/wallets/2026.04.03/blocks/blocks/index/LOCK: Empty file
/home/mearvk/IdeaProjects/Java.Web.Server.Telnet.Front.Java.21/bitcoin/26/wallets/2026.04.03/blocks/blocks/index/000009.log: Empty file
/home/mearvk/IdeaProjects/Java.Web.Server.Telnet.Front.Java.21/bitcoin/26/wallets/2026.04.17/chainstate/000016.log: Empty file
/home/mearvk/IdeaProjects/Java.Web.Server.Telnet.Front.Java.21/bitcoin/26/wallets/2026.04.17/chainstate/LOCK: Empty file
/home/mearvk/IdeaProjects/Java.Web.Server.Telnet.Front.Java.21/bitcoin/26/wallets/2026.04.17/blocks/index/LOCK: Empty file
/home/mearvk/IdeaProjects/Java.Web.Server.Telnet.Front.Java.21/bitcoin/26/wallets/2026.04.17/blocks/index/000009.log: Empty file
/home/mearvk/IdeaProjects/Java.Web.Server.Telnet.Front.Java.21/bitcoin/26/wallets/2026.04.18/chainstate/000016.log: Empty file
/home/mearvk/IdeaProjects/Java.Web.Server.Telnet.Front.Java.21/bitcoin/26/wallets/2026.04.18/chainstate/LOCK: Empty file
/home/mearvk/IdeaProjects/Java.Web.Server.Telnet.Front.Java.21/bitcoin/26/wallets/2026.04.18/blocks/index/LOCK: Empty file
/home/mearvk/IdeaProjects/Java.Web.Server.Telnet.Front.Java.21/bitcoin/26/wallets/2026.04.18/blocks/index/000009.log: Empty file
/home/mearvk/IdeaProjects/Java.Web.Server.Telnet.Front.Java.21/bitcoin/26/wallets/2026.04.28/chainstate/chainstate/000016.log: Empty file
/home/mearvk/IdeaProjects/Java.Web.Server.Telnet.Front.Java.21/bitcoin/26/wallets/2026.04.28/chainstate/chainstate/LOCK: Empty file
/home/mearvk/IdeaProjects/Java.Web.Server.Telnet.Front.Java.21/bitcoin/26/wallets/2026.04.28/blocks/index/LOCK: Empty file
/home/mearvk/IdeaProjects/Java.Web.Server.Telnet.Front.Java.21/bitcoin/26/wallets/2026.04.28/blocks/index/000009.log: Empty file
/home/mearvk/IdeaProjects/Java.Web.Server.Telnet.Front.Java.21/bitcoin/26/wallets/2026.04.25/chainstate/000016.log: Empty file
/home/mearvk/IdeaProjects/Java.Web.Server.Telnet.Front.Java.21/bitcoin/26/wallets/2026.04.25/chainstate/LOCK: Empty file
/home/mearvk/IdeaProjects/Java.Web.Server.Telnet.Front.Java.21/bitcoin/26/wallets/2026.04.25/blocks/index/LOCK: Empty file
/home/mearvk/IdeaProjects/Java.Web.Server.Telnet.Front.Java.21/bitcoin/26/wallets/2026.04.25/blocks/index/000009.log: Empty file
/home/mearvk/IdeaProjects/Java.Web.Server.Telnet.Front.Java.21/bitcoin/26/wallets/2026.04.22/chainstate/000016.log: Empty file
/home/mearvk/IdeaProjects/Java.Web.Server.Telnet.Front.Java.21/bitcoin/26/wallets/2026.04.22/chainstate/LOCK: Empty file
/home/mearvk/IdeaProjects/Java.Web.Server.Telnet.Front.Java.21/bitcoin/26/wallets/2026.04.22/blocks/index/LOCK: Empty file
/home/mearvk/IdeaProjects/Java.Web.Server.Telnet.Front.Java.21/bitcoin/26/wallets/2026.04.22/blocks/index/000009.log: Empty file
/home/mearvk/IdeaProjects/Java.Web.Server.Telnet.Front.Java.21/bitcoin/26/wallets/2026.04.04/chainstate/chainstate/000016.log: Empty file
/home/mearvk/IdeaProjects/Java.Web.Server.Telnet.Front.Java.21/bitcoin/26/wallets/2026.04.04/chainstate/chainstate/LOCK: Empty file
/home/mearvk/IdeaProjects/Java.Web.Server.Telnet.Front.Java.21/bitcoin/26/wallets/2026.04.04/blocks/blocks/index/LOCK: Empty file
/home/mearvk/IdeaProjects/Java.Web.Server.Telnet.Front.Java.21/bitcoin/26/wallets/2026.04.04/blocks/blocks/index/000009.log: Empty file
/home/mearvk/IdeaProjects/Java.Web.Server.Telnet.Front.Java.21/bitcoin/26/wallets/2026.04.09/chainstate/chainstate/000028.log: Empty file
/home/mearvk/IdeaProjects/Java.Web.Server.Telnet.Front.Java.21/bitcoin/26/wallets/2026.04.09/chainstate/chainstate/LOCK: Empty file
/home/mearvk/IdeaProjects/Java.Web.Server.Telnet.Front.Java.21/bitcoin/26/wallets/2026.04.09/blocks/blocks/index/000016.log: Empty file
/home/mearvk/IdeaProjects/Java.Web.Server.Telnet.Front.Java.21/bitcoin/26/wallets/2026.04.09/blocks/blocks/index/LOCK: Empty file
/home/mearvk/IdeaProjects/Java.Web.Server.Telnet.Front.Java.21/bitcoin/26/wallets/2026.04.11/chainstate/chainstate/000016.log: Empty file
/home/mearvk/IdeaProjects/Java.Web.Server.Telnet.Front.Java.21/bitcoin/26/wallets/2026.04.11/chainstate/chainstate/LOCK: Empty file
/home/mearvk/IdeaProjects/Java.Web.Server.Telnet.Front.Java.21/bitcoin/26/wallets/2026.04.11/blocks/blocks/index/LOCK: Empty file
/home/mearvk/IdeaProjects/Java.Web.Server.Telnet.Front.Java.21/bitcoin/26/wallets/2026.04.11/blocks/blocks/index/000009.log: Empty file
/home/mearvk/IdeaProjects/Java.Web.Server.Telnet.Front.Java.21/bitcoin/26/wallets/2026.05.01/chainstate/LOCK: Empty file
/home/mearvk/IdeaProjects/Java.Web.Server.Telnet.Front.Java.21/bitcoin/26/wallets/2026.05.01/chainstate/000036.log: Empty file
/home/mearvk/IdeaProjects/Java.Web.Server.Telnet.Front.Java.21/bitcoin/26/wallets/2026.05.01/blocks/index/LOCK: Empty file
/home/mearvk/IdeaProjects/Java.Web.Server.Telnet.Front.Java.21/bitcoin/26/wallets/2026.05.01/blocks/index/000021.log: Empty file
/home/mearvk/IdeaProjects/Java.Web.Server.Telnet.Front.Java.21/bitcoin/26/wallets/2026.04.27/chainstate/000016.log: Empty file
/home/mearvk/IdeaProjects/Java.Web.Server.Telnet.Front.Java.21/bitcoin/26/wallets/2026.04.27/chainstate/LOCK: Empty file
/home/mearvk/IdeaProjects/Java.Web.Server.Telnet.Front.Java.21/bitcoin/26/wallets/2026.04.27/blocks/index/LOCK: Empty file
/home/mearvk/IdeaProjects/Java.Web.Server.Telnet.Front.Java.21/bitcoin/26/wallets/2026.04.27/blocks/index/000009.log: Empty file
/home/mearvk/IdeaProjects/Java.Web.Server.Telnet.Front.Java.21/bitcoin/26/wallets/2026.04.15/chainstate/000016.log: Empty file
/home/mearvk/IdeaProjects/Java.Web.Server.Telnet.Front.Java.21/bitcoin/26/wallets/2026.04.15/chainstate/LOCK: Empty file
/home/mearvk/IdeaProjects/Java.Web.Server.Telnet.Front.Java.21/bitcoin/26/wallets/2026.04.15/blocks/index/LOCK: Empty file
/home/mearvk/IdeaProjects/Java.Web.Server.Telnet.Front.Java.21/bitcoin/26/wallets/2026.04.15/blocks/index/000009.log: Empty file
/home/mearvk/IdeaProjects/Java.Web.Server.Telnet.Front.Java.21/bitcoin/26/wallets/2026.04.21/chainstate/000016.log: Empty file
/home/mearvk/IdeaProjects/Java.Web.Server.Telnet.Front.Java.21/bitcoin/26/wallets/2026.04.21/chainstate/LOCK: Empty file
/home/mearvk/IdeaProjects/Java.Web.Server.Telnet.Front.Java.21/bitcoin/26/wallets/2026.04.21/blocks/index/LOCK: Empty file
/home/mearvk/IdeaProjects/Java.Web.Server.Telnet.Front.Java.21/bitcoin/26/wallets/2026.04.21/blocks/index/000009.log: Empty file
/home/mearvk/IdeaProjects/Java.Web.Server.Telnet.Front.Java.21/bitcoin/26/wallets/2026.04.29/chainstate/chainstate/000016.log: Empty file
/home/mearvk/IdeaProjects/Java.Web.Server.Telnet.Front.Java.21/bitcoin/26/wallets/2026.04.29/chainstate/chainstate/LOCK: Empty file
/home/mearvk/IdeaProjects/Java.Web.Server.Telnet.Front.Java.21/bitcoin/26/wallets/2026.04.29/blocks/index/LOCK: Empty file
/home/mearvk/IdeaProjects/Java.Web.Server.Telnet.Front.Java.21/bitcoin/26/wallets/2026.04.29/blocks/index/000009.log: Empty file
/home/mearvk/IdeaProjects/Java.Web.Server.Telnet.Front.Java.21/bitcoin/26/wallets/2026.05.05/chainstate/000016.log: Empty file
/home/mearvk/IdeaProjects/Java.Web.Server.Telnet.Front.Java.21/bitcoin/26/wallets/2026.05.05/chainstate/LOCK: Empty file
/home/mearvk/IdeaProjects/Java.Web.Server.Telnet.Front.Java.21/bitcoin/26/wallets/2026.05.05/blocks/index/LOCK: Empty file
/home/mearvk/IdeaProjects/Java.Web.Server.Telnet.Front.Java.21/bitcoin/26/wallets/2026.05.05/blocks/index/000009.log: Empty file
/home/mearvk/IdeaProjects/Java.Web.Server.Telnet.Front.Java.21/bitcoin/26/wallets/2026.04.20/chainstate/000016.log: Empty file
/home/mearvk/IdeaProjects/Java.Web.Server.Telnet.Front.Java.21/bitcoin/26/wallets/2026.04.20/chainstate/LOCK: Empty file
/home/mearvk/IdeaProjects/Java.Web.Server.Telnet.Front.Java.21/bitcoin/26/wallets/2026.04.20/blocks/index/LOCK: Empty file
/home/mearvk/IdeaProjects/Java.Web.Server.Telnet.Front.Java.21/bitcoin/26/wallets/2026.04.20/blocks/index/000009.log: Empty file
/home/mearvk/IdeaProjects/Java.Web.Server.Telnet.Front.Java.21/bitcoin/26/wallets/2026.04.19/chainstate/chainstate/000016.log: Empty file
/home/mearvk/IdeaProjects/Java.Web.Server.Telnet.Front.Java.21/bitcoin/26/wallets/2026.04.19/chainstate/chainstate/LOCK: Empty file
/home/mearvk/IdeaProjects/Java.Web.Server.Telnet.Front.Java.21/bitcoin/26/wallets/2026.04.19/blocks/index/LOCK: Empty file
/home/mearvk/IdeaProjects/Java.Web.Server.Telnet.Front.Java.21/bitcoin/26/wallets/2026.04.19/blocks/index/000009.log: Empty file
/home/mearvk/IdeaProjects/Java.Web.Server.Telnet.Front.Java.21/bitcoin/26/wallets/2026.04.05/chainstate/chainstate/000016.log: Empty file
/home/mearvk/IdeaProjects/Java.Web.Server.Telnet.Front.Java.21/bitcoin/26/wallets/2026.04.05/chainstate/chainstate/LOCK: Empty file
/home/mearvk/IdeaProjects/Java.Web.Server.Telnet.Front.Java.21/bitcoin/26/wallets/2026.04.05/blocks/blocks/index/LOCK: Empty file
/home/mearvk/IdeaProjects/Java.Web.Server.Telnet.Front.Java.21/bitcoin/26/wallets/2026.04.05/blocks/blocks/index/000009.log: Empty file
/home/mearvk/IdeaProjects/Java.Web.Server.Telnet.Front.Java.21/bitcoin/26/wallets/2026.05.03/chainstate/000016.log: Empty file
/home/mearvk/IdeaProjects/Java.Web.Server.Telnet.Front.Java.21/bitcoin/26/wallets/2026.05.03/chainstate/LOCK: Empty file
/home/mearvk/IdeaProjects/Java.Web.Server.Telnet.Front.Java.21/bitcoin/26/wallets/2026.05.03/blocks/index/LOCK: Empty file
/home/mearvk/IdeaProjects/Java.Web.Server.Telnet.Front.Java.21/bitcoin/26/wallets/2026.05.03/blocks/index/000009.log: Empty file
/home/mearvk/IdeaProjects/Java.Web.Server.Telnet.Front.Java.21/bitcoin/26/wallets/2026.04.14/chainstate/000016.log: Empty file
/home/mearvk/IdeaProjects/Java.Web.Server.Telnet.Front.Java.21/bitcoin/26/wallets/2026.04.14/chainstate/LOCK: Empty file
/home/mearvk/IdeaProjects/Java.Web.Server.Telnet.Front.Java.21/bitcoin/26/wallets/2026.04.14/blocks/index/LOCK: Empty file
/home/mearvk/IdeaProjects/Java.Web.Server.Telnet.Front.Java.21/bitcoin/26/wallets/2026.04.14/blocks/index/000009.log: Empty file
/home/mearvk/IdeaProjects/Java.Web.Server.Telnet.Front.Java.21/bitcoin/26/wallets/2026.04.30/chainstate/chainstate/000016.log: Empty file
/home/mearvk/IdeaProjects/Java.Web.Server.Telnet.Front.Java.21/bitcoin/26/wallets/2026.04.30/chainstate/chainstate/LOCK: Empty file
/home/mearvk/IdeaProjects/Java.Web.Server.Telnet.Front.Java.21/bitcoin/26/wallets/2026.04.30/blocks/index/LOCK: Empty file
/home/mearvk/IdeaProjects/Java.Web.Server.Telnet.Front.Java.21/bitcoin/26/wallets/2026.04.30/blocks/index/000009.log: Empty file
/home/mearvk/IdeaProjects/Java.Web.Server.Telnet.Front.Java.21/bitcoin/binary/getaddressinfo.sh: Empty file
/home/mearvk/IdeaProjects/Java.Web.Server.Telnet.Front.Java.21/bitcoin/binary/unloadwallet.sh: Empty file
/home/mearvk/IdeaProjects/Java.Web.Server.Telnet.Front.Java.21/bitcoin/binary/createwallet.sh: Empty file
/home/mearvk/IdeaProjects/Java.Web.Server.Telnet.Front.Java.21/bitcoin/binary/fieldstrip.sh: Empty file
/home/mearvk/IdeaProjects/Java.Web.Server.Telnet.Front.Java.21/bitcoin/binary/getbalance.sh: Empty file
/home/mearvk/IdeaProjects/Java.Web.Server.Telnet.Front.Java.21/bitcoin/binary/start.sh: Empty file
/home/mearvk/IdeaProjects/Java.Web.Server.Telnet.Front.Java.21/bitcoin/binary/getblockchaininfo.sh: Empty file
/home/mearvk/IdeaProjects/Java.Web.Server.Telnet.Front.Java.21/bitcoin/binary/createwallettransaction.sh: Empty file
/home/mearvk/IdeaProjects/Java.Web.Server.Telnet.Front.Java.21/bitcoin/binary/blockcount.sh: Empty file
/home/mearvk/IdeaProjects/Java.Web.Server.Telnet.Front.Java.21/bitcoin/binary/getwalletinfo.sh: Empty file
/home/mearvk/IdeaProjects/Java.Web.Server.Telnet.Front.Java.21/bitcoin/binary/autogen.sh: Empty file
/home/mearvk/IdeaProjects/Java.Web.Server.Telnet.Front.Java.21/bitcoin/binary/getnewaddress.sh: Empty file
/home/mearvk/IdeaProjects/Java.Web.Server.Telnet.Front.Java.21/bitcoin/binary/bitcoin-util: Empty file
/home/mearvk/IdeaProjects/Java.Web.Server.Telnet.Front.Java.21/bitcoin/binary/listwallet.sh: Empty file
/home/mearvk/IdeaProjects/Java.Web.Server.Telnet.Front.Java.21/bitcoin/binary/bitcoin-tx: Empty file
/home/mearvk/IdeaProjects/Java.Web.Server.Telnet.Front.Java.21/bitcoin/binary/US.Main.1000.sh: Empty file
/home/mearvk/IdeaProjects/Java.Web.Server.Telnet.Front.Java.21/bitcoin/binary/blockgen.sh: Empty file
/home/mearvk/IdeaProjects/Java.Web.Server.Telnet.Front.Java.21/bitcoin/binary/stop.sh: Empty file
/home/mearvk/IdeaProjects/Java.Web.Server.Telnet.Front.Java.21/bitcoin/binary/getnewwalletaddress.sh: Empty file
/home/mearvk/IdeaProjects/Java.Web.Server.Telnet.Front.Java.21/bitcoin/binary/bitcoin-cli: Empty file
/home/mearvk/IdeaProjects/Java.Web.Server.Telnet.Front.Java.21/bitcoin/binary/heartbeat.sh: Empty file
/home/mearvk/IdeaProjects/Java.Web.Server.Telnet.Front.Java.21/.git/logs/refs/heads/master: Empty file
/home/mearvk/IdeaProjects/Java.Web.Server.Telnet.Front.Java.21/.git/logs/refs/heads/us.master: Empty file
/home/mearvk/IdeaProjects/Java.Web.Server.Telnet.Front.Java.21/.git/logs/refs/heads/add-security-sources: Empty file
/home/mearvk/IdeaProjects/Java.Web.Server.Telnet.Front.Java.21/.git/logs/refs/heads/californian: Empty file
/home/mearvk/IdeaProjects/Java.Web.Server.Telnet.Front.Java.21/.git/logs/refs/heads/snake_case-source-functions: Empty file
/home/mearvk/IdeaProjects/Java.Web.Server.Telnet.Front.Java.21/.git/logs/refs/heads/snake_case-rename: Empty file
/home/mearvk/IdeaProjects/Java.Web.Server.Telnet.Front.Java.21/.git/logs/refs/heads/qodana-automation-1470854229: Empty file LibClamAV Warning: **************************************************
LibClamAV Warning: ***  The virus database is older than 7 days!  ***
LibClamAV Warning: ***   Please update it as soon as possible.    ***
LibClamAV Warning: **************************************************
